time="2025-11-03T13:12:19+01:00" level=warning msg="C:\\Users\\damian.targosz\\intelij-workspace\\weatherapp\\wheather-adapter\\docker-compose.yml: the attribute `version` is obsolete, it will be ignored, please remove it to avoid potential confusion"
#1 [internal] load local bake definitions
#1 reading from stdin 670B done
#1 DONE 0.0s

#2 [internal] load build definition from Dockerfile
#2 transferring dockerfile: 1.31kB done
#2 DONE 0.0s

#3 [internal] load metadata for docker.io/library/eclipse-temurin:21-jre-alpine
#3 DONE 1.7s

#4 [internal] load metadata for docker.io/library/maven:3.9-eclipse-temurin-21
#4 DONE 1.8s

#5 [internal] load .dockerignore
#5 transferring context: 540B done
#5 DONE 0.0s

#6 [stage-1 1/5] FROM docker.io/library/eclipse-temurin:21-jre-alpine@sha256:990397e0495ac088ab6ee3d949a2e97b715a134d8b96c561c5d130b3786a489d
#6 DONE 0.0s

#7 [builder 1/6] FROM docker.io/library/maven:3.9-eclipse-temurin-21@sha256:db5e420aadc186ac18c549a31043c31d2795d61f8a97eb50b4831fd155f0e7d6
#7 DONE 0.0s

#8 [builder 2/6] WORKDIR /app
#8 CACHED

#9 [stage-1 2/5] WORKDIR /app
#9 CACHED

#10 [internal] load build context
#10 transferring context: 1.79kB done
#10 DONE 0.0s

#11 [stage-1 3/5] RUN addgroup -S spring && adduser -S spring -G spring
#11 ...

#12 [builder 3/6] COPY pom.xml .
#12 DONE 0.1s

#13 [builder 4/6] RUN mvn dependency:go-offline -B
#13 ...

#11 [stage-1 3/5] RUN addgroup -S spring && adduser -S spring -G spring
#11 DONE 0.5s

#13 [builder 4/6] RUN mvn dependency:go-offline -B
#13 2.055 [INFO] Scanning for projects...
#13 2.319 [INFO] Downloading from central: https://repo.maven.apache.org/maven2/org/springframework/boot/spring-boot-starter-parent/3.5.5/spring-boot-starter-parent-3.5.5.pom
#13 2.712 [INFO] Downloaded from central: https://repo.maven.apache.org/maven2/org/springframework/boot/spring-boot-starter-parent/3.5.5/spring-boot-starter-parent-3.5.5.pom (13 kB at 34 kB/s)
#13 2.741 [INFO] Downloading from central: https://repo.maven.apache.org/maven2/org/springframework/boot/spring-boot-dependencies/3.5.5/spring-boot-dependencies-3.5.5.pom
#13 2.808 [INFO] Downloaded from central: https://repo.maven.apache.org/maven2/org/springframework/boot/spring-boot-dependencies/3.5.5/spring-boot-dependencies-3.5.5.pom (96 kB at 1.4 MB/s)
#13 2.870 [INFO] Downloading from central: https://repo.maven.apache.org/maven2/org/apache/activemq/activemq-bom/6.1.7/activemq-bom-6.1.7.pom
#13 2.929 [INFO] Downloaded from central: https://repo.maven.apache.org/maven2/org/apache/activemq/activemq-bom/6.1.7/activemq-bom-6.1.7.pom (7.9 kB at 134 kB/s)
#13 2.934 [INFO] Downloading from central: https://repo.maven.apache.org/maven2/org/apache/activemq/artemis-bom/2.40.0/artemis-bom-2.40.0.pom
#13 2.973 [INFO] Downloaded from central: https://repo.maven.apache.org/maven2/org/apache/activemq/artemis-bom/2.40.0/artemis-bom-2.40.0.pom (9.6 kB at 240 kB/s)
#13 2.978 [INFO] Downloading from central: https://repo.maven.apache.org/maven2/org/apache/activemq/artemis-project/2.40.0/artemis-project-2.40.0.pom
#13 3.027 [INFO] Downloaded from central: https://repo.maven.apache.org/maven2/org/apache/activemq/artemis-project/2.40.0/artemis-project-2.40.0.pom (56 kB at 1.2 MB/s)
#13 3.035 [INFO] Downloading from central: https://repo.maven.apache.org/maven2/org/apache/apache/33/apache-33.pom
#13 3.077 [INFO] Downloaded from central: https://repo.maven.apache.org/maven2/org/apache/apache/33/apache-33.pom (24 kB at 562 kB/s)
#13 3.088 [INFO] Downloading from central: https://repo.maven.apache.org/maven2/org/assertj/assertj-bom/3.27.4/assertj-bom-3.27.4.pom
#13 3.130 [INFO] Downloaded from central: https://repo.maven.apache.org/maven2/org/assertj/assertj-bom/3.27.4/assertj-bom-3.27.4.pom (3.3 kB at 79 kB/s)
#13 3.135 [INFO] Downloading from central: https://repo.maven.apache.org/maven2/io/zipkin/reporter2/zipkin-reporter-bom/3.5.1/zipkin-reporter-bom-3.5.1.pom
#13 10.04 [INFO] Downloaded from central: https://repo.maven.apache.org/maven2/io/zipkin/reporter2/zipkin-reporter-bom/3.5.1/zipkin-reporter-bom-3.5.1.pom (6.3 kB at 908 B/s)
#13 10.04 [INFO] Downloading from central: https://repo.maven.apache.org/maven2/io/zipkin/brave/brave-bom/6.1.0/brave-bom-6.1.0.pom
#13 10.09 [INFO] Downloaded from central: https://repo.maven.apache.org/maven2/io/zipkin/brave/brave-bom/6.1.0/brave-bom-6.1.0.pom (11 kB at 250 kB/s)
#13 10.09 [INFO] Downloading from central: https://repo.maven.apache.org/maven2/org/apache/cassandra/java-driver-bom/4.19.0/java-driver-bom-4.19.0.pom
#13 2.777 [INFO] Downloaded from central: https://repo.maven.apache.org/maven2/org/apache/cassandra/java-driver-bom/4.19.0/java-driver-bom-4.19.0.pom (5.5 kB)
#13 2.782 [INFO] Downloading from central: https://repo.maven.apache.org/maven2/org/glassfish/jaxb/jaxb-bom/4.0.5/jaxb-bom-4.0.5.pom
#13 2.830 [INFO] Downloaded from central: https://repo.maven.apache.org/maven2/org/glassfish/jaxb/jaxb-bom/4.0.5/jaxb-bom-4.0.5.pom (12 kB at 243 kB/s)
#13 2.834 [INFO] Downloading from central: https://repo.maven.apache.org/maven2/org/eclipse/ee4j/project/1.0.9/project-1.0.9.pom
#13 2.882 [INFO] Downloaded from central: https://repo.maven.apache.org/maven2/org/eclipse/ee4j/project/1.0.9/project-1.0.9.pom (16 kB at 336 kB/s)
#13 2.888 [INFO] Downloading from central: https://repo.maven.apache.org/maven2/org/apache/groovy/groovy-bom/4.0.28/groovy-bom-4.0.28.pom
#13 2.928 [INFO] Downloaded from central: https://repo.maven.apache.org/maven2/org/apache/groovy/groovy-bom/4.0.28/groovy-bom-4.0.28.pom (27 kB at 665 kB/s)
#13 2.934 [INFO] Downloading from central: https://repo.maven.apache.org/maven2/org/infinispan/infinispan-bom/15.2.5.Final/infinispan-bom-15.2.5.Final.pom
#13 2.988 [INFO] Downloaded from central: https://repo.maven.apache.org/maven2/org/infinispan/infinispan-bom/15.2.5.Final/infinispan-bom-15.2.5.Final.pom (17 kB at 317 kB/s)
#13 2.992 [INFO] Downloading from central: https://repo.maven.apache.org/maven2/org/infinispan/infinispan-build-configuration-parent/15.2.5.Final/infinispan-build-configuration-parent-15.2.5.Final.pom
#13 3.038 [INFO] Downloaded from central: https://repo.maven.apache.org/maven2/org/infinispan/infinispan-build-configuration-parent/15.2.5.Final/infinispan-build-configuration-parent-15.2.5.Final.pom (17 kB at 365 kB/s)
#13 3.044 [INFO] Downloading from central: https://repo.maven.apache.org/maven2/com/fasterxml/jackson/jackson-bom/2.19.2/jackson-bom-2.19.2.pom
#13 3.090 [INFO] Downloaded from central: https://repo.maven.apache.org/maven2/com/fasterxml/jackson/jackson-bom/2.19.2/jackson-bom-2.19.2.pom (20 kB at 440 kB/s)
#13 3.094 [INFO] Downloading from central: https://repo.maven.apache.org/maven2/com/fasterxml/jackson/jackson-parent/2.19.3/jackson-parent-2.19.3.pom
#13 3.145 [INFO] Downloaded from central: https://repo.maven.apache.org/maven2/com/fasterxml/jackson/jackson-parent/2.19.3/jackson-parent-2.19.3.pom (7.2 kB at 141 kB/s)
#13 3.149 [INFO] Downloading from central: https://repo.maven.apache.org/maven2/com/fasterxml/oss-parent/69/oss-parent-69.pom
#13 3.189 [INFO] Downloaded from central: https://repo.maven.apache.org/maven2/com/fasterxml/oss-parent/69/oss-parent-69.pom (24 kB at 591 kB/s)
#13 3.196 [INFO] Downloading from central: https://repo.maven.apache.org/maven2/org/glassfish/jersey/jersey-bom/3.1.11/jersey-bom-3.1.11.pom
#13 3.237 [INFO] Downloaded from central: https://repo.maven.apache.org/maven2/org/glassfish/jersey/jersey-bom/3.1.11/jersey-bom-3.1.11.pom (21 kB at 507 kB/s)
#13 3.243 [INFO] Downloading from central: https://repo.maven.apache.org/maven2/org/eclipse/jetty/ee10/jetty-ee10-bom/12.0.25/jetty-ee10-bom-12.0.25.pom
#13 3.287 [INFO] Downloaded from central: https://repo.maven.apache.org/maven2/org/eclipse/jetty/ee10/jetty-ee10-bom/12.0.25/jetty-ee10-bom-12.0.25.pom (9.6 kB at 212 kB/s)
#13 3.291 [INFO] Downloading from central: https://repo.maven.apache.org/maven2/org/eclipse/jetty/jetty-bom/12.0.25/jetty-bom-12.0.25.pom
#13 3.327 [INFO] Downloaded from central: https://repo.maven.apache.org/maven2/org/eclipse/jetty/jetty-bom/12.0.25/jetty-bom-12.0.25.pom (15 kB at 417 kB/s)
#13 3.332 [INFO] Downloading from central: https://repo.maven.apache.org/maven2/org/junit/junit-bom/5.12.2/junit-bom-5.12.2.pom
#13 3.368 [INFO] Downloaded from central: https://repo.maven.apache.org/maven2/org/junit/junit-bom/5.12.2/junit-bom-5.12.2.pom (5.6 kB at 157 kB/s)
#13 3.372 [INFO] Downloading from central: https://repo.maven.apache.org/maven2/org/jetbrains/kotlin/kotlin-bom/1.9.25/kotlin-bom-1.9.25.pom
#13 3.413 [INFO] Downloaded from central: https://repo.maven.apache.org/maven2/org/jetbrains/kotlin/kotlin-bom/1.9.25/kotlin-bom-1.9.25.pom (9.1 kB at 217 kB/s)
#13 3.418 [INFO] Downloading from central: https://repo.maven.apache.org/maven2/org/jetbrains/kotlinx/kotlinx-coroutines-bom/1.8.1/kotlinx-coroutines-bom-1.8.1.pom
#13 3.460 [INFO] Downloaded from central: https://repo.maven.apache.org/maven2/org/jetbrains/kotlinx/kotlinx-coroutines-bom/1.8.1/kotlinx-coroutines-bom-1.8.1.pom (4.3 kB at 102 kB/s)
#13 3.463 [INFO] Downloading from central: https://repo.maven.apache.org/maven2/org/jetbrains/kotlinx/kotlinx-serialization-bom/1.6.3/kotlinx-serialization-bom-1.6.3.pom
#13 3.505 [INFO] Downloaded from central: https://repo.maven.apache.org/maven2/org/jetbrains/kotlinx/kotlinx-serialization-bom/1.6.3/kotlinx-serialization-bom-1.6.3.pom (3.7 kB at 89 kB/s)
#13 3.509 [INFO] Downloading from central: https://repo.maven.apache.org/maven2/org/apache/logging/log4j/log4j-bom/2.24.3/log4j-bom-2.24.3.pom
#13 3.549 [INFO] Downloaded from central: https://repo.maven.apache.org/maven2/org/apache/logging/log4j/log4j-bom/2.24.3/log4j-bom-2.24.3.pom (12 kB at 306 kB/s)
#13 3.552 [INFO] Downloading from central: https://repo.maven.apache.org/maven2/org/apache/logging/logging-parent/11.3.0/logging-parent-11.3.0.pom
#13 3.590 [INFO] Downloaded from central: https://repo.maven.apache.org/maven2/org/apache/logging/logging-parent/11.3.0/logging-parent-11.3.0.pom (53 kB at 1.4 MB/s)
#13 3.600 [INFO] Downloading from central: https://repo.maven.apache.org/maven2/io/micrometer/micrometer-bom/1.15.3/micrometer-bom-1.15.3.pom
#13 3.641 [INFO] Downloaded from central: https://repo.maven.apache.org/maven2/io/micrometer/micrometer-bom/1.15.3/micrometer-bom-1.15.3.pom (8.6 kB at 209 kB/s)
#13 3.644 [INFO] Downloading from central: https://repo.maven.apache.org/maven2/io/micrometer/micrometer-tracing-bom/1.5.3/micrometer-tracing-bom-1.5.3.pom
#13 3.680 [INFO] Downloaded from central: https://repo.maven.apache.org/maven2/io/micrometer/micrometer-tracing-bom/1.5.3/micrometer-tracing-bom-1.5.3.pom (4.5 kB at 126 kB/s)
#13 3.684 [INFO] Downloading from central: https://repo.maven.apache.org/maven2/org/mockito/mockito-bom/5.17.0/mockito-bom-5.17.0.pom
#13 3.722 [INFO] Downloaded from central: https://repo.maven.apache.org/maven2/org/mockito/mockito-bom/5.17.0/mockito-bom-5.17.0.pom (3.0 kB at 78 kB/s)
#13 3.725 [INFO] Downloading from central: https://repo.maven.apache.org/maven2/org/mongodb/mongodb-driver-bom/5.5.1/mongodb-driver-bom-5.5.1.pom
#13 3.771 [INFO] Downloaded from central: https://repo.maven.apache.org/maven2/org/mongodb/mongodb-driver-bom/5.5.1/mongodb-driver-bom-5.5.1.pom (4.2 kB at 91 kB/s)
#13 3.775 [INFO] Downloading from central: https://repo.maven.apache.org/maven2/io/netty/netty-bom/4.1.124.Final/netty-bom-4.1.124.Final.pom
#13 3.835 [INFO] Downloaded from central: https://repo.maven.apache.org/maven2/io/netty/netty-bom/4.1.124.Final/netty-bom-4.1.124.Final.pom (15 kB at 250 kB/s)
#13 3.839 [INFO] Downloading from central: https://repo.maven.apache.org/maven2/org/sonatype/oss/oss-parent/7/oss-parent-7.pom
#13 3.885 [INFO] Downloaded from central: https://repo.maven.apache.org/maven2/org/sonatype/oss/oss-parent/7/oss-parent-7.pom (4.8 kB at 107 kB/s)
#13 3.888 [INFO] Downloading from central: https://repo.maven.apache.org/maven2/io/opentelemetry/opentelemetry-bom/1.49.0/opentelemetry-bom-1.49.0.pom
#13 3.931 [INFO] Downloaded from central: https://repo.maven.apache.org/maven2/io/opentelemetry/opentelemetry-bom/1.49.0/opentelemetry-bom-1.49.0.pom (5.9 kB at 137 kB/s)
#13 3.936 [INFO] Downloading from central: https://repo.maven.apache.org/maven2/io/prometheus/prometheus-metrics-bom/1.3.10/prometheus-metrics-bom-1.3.10.pom
#13 3.976 [INFO] Downloaded from central: https://repo.maven.apache.org/maven2/io/prometheus/prometheus-metrics-bom/1.3.10/prometheus-metrics-bom-1.3.10.pom (5.8 kB at 142 kB/s)
#13 3.980 [INFO] Downloading from central: https://repo.maven.apache.org/maven2/io/prometheus/client_java_parent/1.3.10/client_java_parent-1.3.10.pom
#13 4.018 [INFO] Downloaded from central: https://repo.maven.apache.org/maven2/io/prometheus/client_java_parent/1.3.10/client_java_parent-1.3.10.pom (4.4 kB at 114 kB/s)
#13 4.022 [INFO] Downloading from central: https://repo.maven.apache.org/maven2/io/prometheus/simpleclient_bom/0.16.0/simpleclient_bom-0.16.0.pom
#13 4.058 [INFO] Downloaded from central: https://repo.maven.apache.org/maven2/io/prometheus/simpleclient_bom/0.16.0/simpleclient_bom-0.16.0.pom (6.0 kB at 167 kB/s)
#13 4.061 [INFO] Downloading from central: https://repo.maven.apache.org/maven2/io/prometheus/parent/0.16.0/parent-0.16.0.pom
#13 4.104 [INFO] Downloaded from central: https://repo.maven.apache.org/maven2/io/prometheus/parent/0.16.0/parent-0.16.0.pom (13 kB at 298 kB/s)
#13 4.108 [INFO] Downloading from central: https://repo.maven.apache.org/maven2/org/apache/pulsar/pulsar-bom/4.0.6/pulsar-bom-4.0.6.pom
#13 4.153 [INFO] Downloaded from central: https://repo.maven.apache.org/maven2/org/apache/pulsar/pulsar-bom/4.0.6/pulsar-bom-4.0.6.pom (25 kB at 560 kB/s)
#13 4.157 [INFO] Downloading from central: https://repo.maven.apache.org/maven2/org/apache/apache/29/apache-29.pom
#13 4.192 [INFO] Downloaded from central: https://repo.maven.apache.org/maven2/org/apache/apache/29/apache-29.pom (21 kB at 576 kB/s)
#13 4.197 [INFO] Downloading from central: https://repo.maven.apache.org/maven2/org/apache/pulsar/pulsar-client-reactive-bom/0.6.0/pulsar-client-reactive-bom-0.6.0.pom
#13 4.236 [INFO] Downloaded from central: https://repo.maven.apache.org/maven2/org/apache/pulsar/pulsar-client-reactive-bom/0.6.0/pulsar-client-reactive-bom-0.6.0.pom (2.8 kB at 74 kB/s)
#13 4.239 [INFO] Downloading from central: https://repo.maven.apache.org/maven2/com/querydsl/querydsl-bom/5.1.0/querydsl-bom-5.1.0.pom
#13 4.279 [INFO] Downloaded from central: https://repo.maven.apache.org/maven2/com/querydsl/querydsl-bom/5.1.0/querydsl-bom-5.1.0.pom (7.2 kB at 183 kB/s)
#13 4.284 [INFO] Downloading from central: https://repo.maven.apache.org/maven2/io/projectreactor/reactor-bom/2024.0.9/reactor-bom-2024.0.9.pom
#13 4.325 [INFO] Downloaded from central: https://repo.maven.apache.org/maven2/io/projectreactor/reactor-bom/2024.0.9/reactor-bom-2024.0.9.pom (4.8 kB at 116 kB/s)
#13 4.328 [INFO] Downloading from central: https://repo.maven.apache.org/maven2/io/rest-assured/rest-assured-bom/5.5.6/rest-assured-bom-5.5.6.pom
#13 4.382 [INFO] Downloaded from central: https://repo.maven.apache.org/maven2/io/rest-assured/rest-assured-bom/5.5.6/rest-assured-bom-5.5.6.pom (4.7 kB at 89 kB/s)
#13 4.386 [INFO] Downloading from central: https://repo.maven.apache.org/maven2/io/rsocket/rsocket-bom/1.1.5/rsocket-bom-1.1.5.pom
#13 4.426 [INFO] Downloaded from central: https://repo.maven.apache.org/maven2/io/rsocket/rsocket-bom/1.1.5/rsocket-bom-1.1.5.pom (2.4 kB at 61 kB/s)
#13 4.429 [INFO] Downloading from central: https://repo.maven.apache.org/maven2/org/seleniumhq/selenium/selenium-bom/4.31.0/selenium-bom-4.31.0.pom
#13 4.466 [INFO] Downloaded from central: https://repo.maven.apache.org/maven2/org/seleniumhq/selenium/selenium-bom/4.31.0/selenium-bom-4.31.0.pom (5.8 kB at 162 kB/s)
#13 4.470 [INFO] Downloading from central: https://repo.maven.apache.org/maven2/org/springframework/amqp/spring-amqp-bom/3.2.6/spring-amqp-bom-3.2.6.pom
#13 4.526 [INFO] Downloaded from central: https://repo.maven.apache.org/maven2/org/springframework/amqp/spring-amqp-bom/3.2.6/spring-amqp-bom-3.2.6.pom (3.9 kB at 70 kB/s)
#13 4.531 [INFO] Downloading from central: https://repo.maven.apache.org/maven2/org/springframework/batch/spring-batch-bom/5.2.2/spring-batch-bom-5.2.2.pom
#13 4.580 [INFO] Downloaded from central: https://repo.maven.apache.org/maven2/org/springframework/batch/spring-batch-bom/5.2.2/spring-batch-bom-5.2.2.pom (3.2 kB at 65 kB/s)
#13 4.583 [INFO] Downloading from central: https://repo.maven.apache.org/maven2/org/springframework/data/spring-data-bom/2025.0.3/spring-data-bom-2025.0.3.pom
#13 4.628 [INFO] Downloaded from central: https://repo.maven.apache.org/maven2/org/springframework/data/spring-data-bom/2025.0.3/spring-data-bom-2025.0.3.pom (5.5 kB at 122 kB/s)
#13 4.632 [INFO] Downloading from central: https://repo.maven.apache.org/maven2/org/springframework/spring-framework-bom/6.2.10/spring-framework-bom-6.2.10.pom
#13 4.673 [INFO] Downloaded from central: https://repo.maven.apache.org/maven2/org/springframework/spring-framework-bom/6.2.10/spring-framework-bom-6.2.10.pom (5.8 kB at 142 kB/s)
#13 4.676 [INFO] Downloading from central: https://repo.maven.apache.org/maven2/org/springframework/integration/spring-integration-bom/6.5.1/spring-integration-bom-6.5.1.pom
#13 4.719 [INFO] Downloaded from central: https://repo.maven.apache.org/maven2/org/springframework/integration/spring-integration-bom/6.5.1/spring-integration-bom-6.5.1.pom (10 kB at 239 kB/s)
#13 4.723 [INFO] Downloading from central: https://repo.maven.apache.org/maven2/org/springframework/pulsar/spring-pulsar-bom/1.2.9/spring-pulsar-bom-1.2.9.pom
#13 4.766 [INFO] Downloaded from central: https://repo.maven.apache.org/maven2/org/springframework/pulsar/spring-pulsar-bom/1.2.9/spring-pulsar-bom-1.2.9.pom (2.9 kB at 68 kB/s)
#13 4.769 [INFO] Downloading from central: https://repo.maven.apache.org/maven2/org/springframework/restdocs/spring-restdocs-bom/3.0.5/spring-restdocs-bom-3.0.5.pom
#13 4.811 [INFO] Downloaded from central: https://repo.maven.apache.org/maven2/org/springframework/restdocs/spring-restdocs-bom/3.0.5/spring-restdocs-bom-3.0.5.pom (2.6 kB at 61 kB/s)
#13 4.815 [INFO] Downloading from central: https://repo.maven.apache.org/maven2/org/springframework/security/spring-security-bom/6.5.3/spring-security-bom-6.5.3.pom
#13 4.854 [INFO] Downloaded from central: https://repo.maven.apache.org/maven2/org/springframework/security/spring-security-bom/6.5.3/spring-security-bom-6.5.3.pom (5.3 kB at 137 kB/s)
#13 4.857 [INFO] Downloading from central: https://repo.maven.apache.org/maven2/org/springframework/session/spring-session-bom/3.5.2/spring-session-bom-3.5.2.pom
#13 4.907 [INFO] Downloaded from central: https://repo.maven.apache.org/maven2/org/springframework/session/spring-session-bom/3.5.2/spring-session-bom-3.5.2.pom (2.9 kB at 59 kB/s)
#13 4.921 [INFO] Downloading from central: https://repo.maven.apache.org/maven2/org/springframework/ws/spring-ws-bom/4.1.1/spring-ws-bom-4.1.1.pom
#13 4.965 [INFO] Downloaded from central: https://repo.maven.apache.org/maven2/org/springframework/ws/spring-ws-bom/4.1.1/spring-ws-bom-4.1.1.pom (2.3 kB at 54 kB/s)
#13 4.968 [INFO] Downloading from central: https://repo.maven.apache.org/maven2/org/testcontainers/testcontainers-bom/1.21.3/testcontainers-bom-1.21.3.pom
#13 5.011 [INFO] Downloaded from central: https://repo.maven.apache.org/maven2/org/testcontainers/testcontainers-bom/1.21.3/testcontainers-bom-1.21.3.pom (12 kB at 275 kB/s)
#13 5.030 [WARNING] 
#13 5.030 [WARNING] Some problems were encountered while building the effective model for com.weather-adapter:weather-adapter:jar:0.0.1-SNAPSHOT
#13 5.030 [WARNING] 'dependencies.dependency.(groupId:artifactId:type:classifier)' must be unique: org.springframework.boot:spring-boot-starter-test:jar -> duplicate declaration of version (?) @ line 63, column 15
#13 5.031 [WARNING] 
#13 5.031 [WARNING] It is highly recommended to fix these problems because they threaten the stability of your build.
#13 5.031 [WARNING] 
#13 5.031 [WARNING] For this reason, future Maven versions might no longer support building such malformed projects.
#13 5.031 [WARNING] 
#13 5.038 [INFO] Downloading from central: https://repo.maven.apache.org/maven2/org/springframework/boot/spring-boot-maven-plugin/3.5.5/spring-boot-maven-plugin-3.5.5.pom
#13 5.078 [INFO] Downloaded from central: https://repo.maven.apache.org/maven2/org/springframework/boot/spring-boot-maven-plugin/3.5.5/spring-boot-maven-plugin-3.5.5.pom (4.0 kB at 100 kB/s)
#13 5.091 [INFO] Downloading from central: https://repo.maven.apache.org/maven2/org/springframework/boot/spring-boot-maven-plugin/3.5.5/spring-boot-maven-plugin-3.5.5.jar
#13 5.145 [INFO] Downloaded from central: https://repo.maven.apache.org/maven2/org/springframework/boot/spring-boot-maven-plugin/3.5.5/spring-boot-maven-plugin-3.5.5.jar (138 kB at 2.5 MB/s)
#13 5.156 [INFO] Downloading from central: https://repo.maven.apache.org/maven2/org/openapitools/openapi-generator-maven-plugin/7.8.0/openapi-generator-maven-plugin-7.8.0.pom
#13 5.193 [INFO] Downloaded from central: https://repo.maven.apache.org/maven2/org/openapitools/openapi-generator-maven-plugin/7.8.0/openapi-generator-maven-plugin-7.8.0.pom (9.3 kB at 253 kB/s)
#13 5.196 [INFO] Downloading from central: https://repo.maven.apache.org/maven2/org/openapitools/openapi-generator-project/7.8.0/openapi-generator-project-7.8.0.pom
#13 5.236 [INFO] Downloaded from central: https://repo.maven.apache.org/maven2/org/openapitools/openapi-generator-project/7.8.0/openapi-generator-project-7.8.0.pom (49 kB at 1.2 MB/s)
#13 5.244 [INFO] Downloading from central: https://repo.maven.apache.org/maven2/org/sonatype/oss/oss-parent/5/oss-parent-5.pom
#13 5.307 [INFO] Downloaded from central: https://repo.maven.apache.org/maven2/org/sonatype/oss/oss-parent/5/oss-parent-5.pom (4.1 kB at 65 kB/s)
#13 5.312 [INFO] Downloading from central: https://repo.maven.apache.org/maven2/org/junit/junit-bom/5.10.2/junit-bom-5.10.2.pom
#13 5.354 [INFO] Downloaded from central: https://repo.maven.apache.org/maven2/org/junit/junit-bom/5.10.2/junit-bom-5.10.2.pom (5.6 kB at 138 kB/s)
#13 5.358 [INFO] Downloading from central: https://repo.maven.apache.org/maven2/org/openapitools/openapi-generator-maven-plugin/7.8.0/openapi-generator-maven-plugin-7.8.0.jar
#13 5.413 [INFO] Downloaded from central: https://repo.maven.apache.org/maven2/org/openapitools/openapi-generator-maven-plugin/7.8.0/openapi-generator-maven-plugin-7.8.0.jar (32 kB at 586 kB/s)
#13 5.419 [INFO] Downloading from central: https://repo.maven.apache.org/maven2/org/jacoco/jacoco-maven-plugin/0.8.10/jacoco-maven-plugin-0.8.10.pom
#13 5.459 [INFO] Downloaded from central: https://repo.maven.apache.org/maven2/org/jacoco/jacoco-maven-plugin/0.8.10/jacoco-maven-plugin-0.8.10.pom (3.8 kB at 95 kB/s)
#13 5.462 [INFO] Downloading from central: https://repo.maven.apache.org/maven2/org/jacoco/org.jacoco.build/0.8.10/org.jacoco.build-0.8.10.pom
#13 5.501 [INFO] Downloaded from central: https://repo.maven.apache.org/maven2/org/jacoco/org.jacoco.build/0.8.10/org.jacoco.build-0.8.10.pom (44 kB at 1.1 MB/s)
#13 5.507 [INFO] Downloading from central: https://repo.maven.apache.org/maven2/org/ow2/asm/asm-bom/9.5/asm-bom-9.5.pom
#13 5.543 [INFO] Downloaded from central: https://repo.maven.apache.org/maven2/org/ow2/asm/asm-bom/9.5/asm-bom-9.5.pom (3.2 kB at 90 kB/s)
#13 5.546 [INFO] Downloading from central: https://repo.maven.apache.org/maven2/org/ow2/ow2/1.5.1/ow2-1.5.1.pom
#13 5.591 [INFO] Downloaded from central: https://repo.maven.apache.org/maven2/org/ow2/ow2/1.5.1/ow2-1.5.1.pom (11 kB at 251 kB/s)
#13 5.596 [INFO] Downloading from central: https://repo.maven.apache.org/maven2/org/jacoco/jacoco-maven-plugin/0.8.10/jacoco-maven-plugin-0.8.10.jar
#13 5.650 [INFO] Downloaded from central: https://repo.maven.apache.org/maven2/org/jacoco/jacoco-maven-plugin/0.8.10/jacoco-maven-plugin-0.8.10.jar (56 kB at 1.0 MB/s)
#13 5.655 [INFO] Downloading from central: https://repo.maven.apache.org/maven2/org/apache/maven/plugins/maven-clean-plugin/3.4.1/maven-clean-plugin-3.4.1.pom
#13 5.694 [INFO] Downloaded from central: https://repo.maven.apache.org/maven2/org/apache/maven/plugins/maven-clean-plugin/3.4.1/maven-clean-plugin-3.4.1.pom (5.6 kB at 144 kB/s)
#13 5.697 [INFO] Downloading from central: https://repo.maven.apache.org/maven2/org/apache/maven/plugins/maven-plugins/43/maven-plugins-43.pom
#13 5.734 [INFO] Downloaded from central: https://repo.maven.apache.org/maven2/org/apache/maven/plugins/maven-plugins/43/maven-plugins-43.pom (7.5 kB at 207 kB/s)
#13 5.736 [INFO] Downloading from central: https://repo.maven.apache.org/maven2/org/apache/maven/maven-parent/43/maven-parent-43.pom
#13 5.777 [INFO] Downloaded from central: https://repo.maven.apache.org/maven2/org/apache/maven/maven-parent/43/maven-parent-43.pom (50 kB at 1.3 MB/s)
#13 5.789 [INFO] Downloading from central: https://repo.maven.apache.org/maven2/org/junit/junit-bom/5.10.3/junit-bom-5.10.3.pom
#13 5.833 [INFO] Downloaded from central: https://repo.maven.apache.org/maven2/org/junit/junit-bom/5.10.3/junit-bom-5.10.3.pom (5.6 kB at 131 kB/s)
#13 5.837 [INFO] Downloading from central: https://repo.maven.apache.org/maven2/org/apache/maven/plugins/maven-clean-plugin/3.4.1/maven-clean-plugin-3.4.1.jar
#13 5.885 [INFO] Downloaded from central: https://repo.maven.apache.org/maven2/org/apache/maven/plugins/maven-clean-plugin/3.4.1/maven-clean-plugin-3.4.1.jar (36 kB at 757 kB/s)
#13 5.888 [INFO] Downloading from central: https://repo.maven.apache.org/maven2/org/apache/maven/plugins/maven-resources-plugin/3.3.1/maven-resources-plugin-3.3.1.pom
#13 5.925 [INFO] Downloaded from central: https://repo.maven.apache.org/maven2/org/apache/maven/plugins/maven-resources-plugin/3.3.1/maven-resources-plugin-3.3.1.pom (8.2 kB at 220 kB/s)
#13 5.929 [INFO] Downloading from central: https://repo.maven.apache.org/maven2/org/apache/maven/plugins/maven-plugins/39/maven-plugins-39.pom
#13 5.963 [INFO] Downloaded from central: https://repo.maven.apache.org/maven2/org/apache/maven/plugins/maven-plugins/39/maven-plugins-39.pom (8.1 kB at 238 kB/s)
#13 5.966 [INFO] Downloading from central: https://repo.maven.apache.org/maven2/org/apache/maven/maven-parent/39/maven-parent-39.pom
#13 6.003 [INFO] Downloaded from central: https://repo.maven.apache.org/maven2/org/apache/maven/maven-parent/39/maven-parent-39.pom (48 kB at 1.3 MB/s)
#13 6.008 [INFO] Downloading from central: https://repo.maven.apache.org/maven2/org/apache/maven/plugins/maven-resources-plugin/3.3.1/maven-resources-plugin-3.3.1.jar
#13 6.058 [INFO] Downloaded from central: https://repo.maven.apache.org/maven2/org/apache/maven/plugins/maven-resources-plugin/3.3.1/maven-resources-plugin-3.3.1.jar (31 kB at 632 kB/s)
#13 6.062 [INFO] Downloading from central: https://repo.maven.apache.org/maven2/org/apache/maven/plugins/maven-jar-plugin/3.4.2/maven-jar-plugin-3.4.2.pom
#13 6.100 [INFO] Downloaded from central: https://repo.maven.apache.org/maven2/org/apache/maven/plugins/maven-jar-plugin/3.4.2/maven-jar-plugin-3.4.2.pom (7.7 kB at 202 kB/s)
#13 6.103 [INFO] Downloading from central: https://repo.maven.apache.org/maven2/org/apache/maven/plugins/maven-plugins/42/maven-plugins-42.pom
#13 6.142 [INFO] Downloaded from central: https://repo.maven.apache.org/maven2/org/apache/maven/plugins/maven-plugins/42/maven-plugins-42.pom (7.7 kB at 197 kB/s)
#13 6.144 [INFO] Downloading from central: https://repo.maven.apache.org/maven2/org/apache/maven/maven-parent/42/maven-parent-42.pom
#13 6.186 [INFO] Downloaded from central: https://repo.maven.apache.org/maven2/org/apache/maven/maven-parent/42/maven-parent-42.pom (50 kB at 1.2 MB/s)
#13 6.190 [INFO] Downloading from central: https://repo.maven.apache.org/maven2/org/apache/apache/32/apache-32.pom
#13 6.226 [INFO] Downloaded from central: https://repo.maven.apache.org/maven2/org/apache/apache/32/apache-32.pom (24 kB at 691 kB/s)
#13 6.232 [INFO] Downloading from central: https://repo.maven.apache.org/maven2/org/apache/maven/plugins/maven-jar-plugin/3.4.2/maven-jar-plugin-3.4.2.jar
#13 6.278 [INFO] Downloaded from central: https://repo.maven.apache.org/maven2/org/apache/maven/plugins/maven-jar-plugin/3.4.2/maven-jar-plugin-3.4.2.jar (34 kB at 724 kB/s)
#13 6.282 [INFO] Downloading from central: https://repo.maven.apache.org/maven2/org/apache/maven/plugins/maven-compiler-plugin/3.14.0/maven-compiler-plugin-3.14.0.pom
#13 6.320 [INFO] Downloaded from central: https://repo.maven.apache.org/maven2/org/apache/maven/plugins/maven-compiler-plugin/3.14.0/maven-compiler-plugin-3.14.0.pom (9.5 kB at 245 kB/s)
#13 6.327 [INFO] Downloading from central: https://repo.maven.apache.org/maven2/org/apache/maven/plugins/maven-compiler-plugin/3.14.0/maven-compiler-plugin-3.14.0.jar
#13 6.388 [INFO] Downloaded from central: https://repo.maven.apache.org/maven2/org/apache/maven/plugins/maven-compiler-plugin/3.14.0/maven-compiler-plugin-3.14.0.jar (83 kB at 1.3 MB/s)
#13 6.393 [INFO] Downloading from central: https://repo.maven.apache.org/maven2/org/apache/maven/plugins/maven-surefire-plugin/3.5.3/maven-surefire-plugin-3.5.3.pom
#13 6.436 [INFO] Downloaded from central: https://repo.maven.apache.org/maven2/org/apache/maven/plugins/maven-surefire-plugin/3.5.3/maven-surefire-plugin-3.5.3.pom (5.5 kB at 124 kB/s)
#13 6.439 [INFO] Downloading from central: https://repo.maven.apache.org/maven2/org/apache/maven/surefire/surefire/3.5.3/surefire-3.5.3.pom
#13 6.480 [INFO] Downloaded from central: https://repo.maven.apache.org/maven2/org/apache/maven/surefire/surefire/3.5.3/surefire-3.5.3.pom (20 kB at 485 kB/s)
#13 6.492 [INFO] Downloading from central: https://repo.maven.apache.org/maven2/org/apache/maven/maven-parent/44/maven-parent-44.pom
#13 6.531 [INFO] Downloaded from central: https://repo.maven.apache.org/maven2/org/apache/maven/maven-parent/44/maven-parent-44.pom (52 kB at 1.4 MB/s)
#13 6.535 [INFO] Downloading from central: https://repo.maven.apache.org/maven2/org/apache/apache/34/apache-34.pom
#13 6.580 [INFO] Downloaded from central: https://repo.maven.apache.org/maven2/org/apache/apache/34/apache-34.pom (24 kB at 527 kB/s)
#13 6.586 [INFO] Downloading from central: https://repo.maven.apache.org/maven2/org/junit/junit-bom/5.12.1/junit-bom-5.12.1.pom
#13 6.628 [INFO] Downloaded from central: https://repo.maven.apache.org/maven2/org/junit/junit-bom/5.12.1/junit-bom-5.12.1.pom (5.6 kB at 131 kB/s)
#13 6.632 [INFO] Downloading from central: https://repo.maven.apache.org/maven2/org/apache/maven/plugins/maven-surefire-plugin/3.5.3/maven-surefire-plugin-3.5.3.jar
#13 6.671 [INFO] Downloaded from central: https://repo.maven.apache.org/maven2/org/apache/maven/plugins/maven-surefire-plugin/3.5.3/maven-surefire-plugin-3.5.3.jar (46 kB at 1.2 MB/s)
#13 6.676 [INFO] Downloading from central: https://repo.maven.apache.org/maven2/org/apache/maven/plugins/maven-install-plugin/3.1.4/maven-install-plugin-3.1.4.pom
#13 6.714 [INFO] Downloaded from central: https://repo.maven.apache.org/maven2/org/apache/maven/plugins/maven-install-plugin/3.1.4/maven-install-plugin-3.1.4.pom (8.1 kB at 219 kB/s)
#13 6.720 [INFO] Downloading from central: https://repo.maven.apache.org/maven2/org/apache/maven/plugins/maven-install-plugin/3.1.4/maven-install-plugin-3.1.4.jar
#13 6.763 [INFO] Downloaded from central: https://repo.maven.apache.org/maven2/org/apache/maven/plugins/maven-install-plugin/3.1.4/maven-install-plugin-3.1.4.jar (33 kB at 758 kB/s)
#13 6.765 [INFO] Downloading from central: https://repo.maven.apache.org/maven2/org/apache/maven/plugins/maven-deploy-plugin/3.1.4/maven-deploy-plugin-3.1.4.pom
#13 6.803 [INFO] Downloaded from central: https://repo.maven.apache.org/maven2/org/apache/maven/plugins/maven-deploy-plugin/3.1.4/maven-deploy-plugin-3.1.4.pom (9.2 kB at 242 kB/s)
#13 6.808 [INFO] Downloading from central: https://repo.maven.apache.org/maven2/org/apache/maven/plugins/maven-deploy-plugin/3.1.4/maven-deploy-plugin-3.1.4.jar
#13 6.848 [INFO] Downloaded from central: https://repo.maven.apache.org/maven2/org/apache/maven/plugins/maven-deploy-plugin/3.1.4/maven-deploy-plugin-3.1.4.jar (40 kB at 1.0 MB/s)
#13 6.851 [INFO] Downloading from central: https://repo.maven.apache.org/maven2/org/apache/maven/plugins/maven-site-plugin/3.12.1/maven-site-plugin-3.12.1.pom
#13 6.891 [INFO] Downloaded from central: https://repo.maven.apache.org/maven2/org/apache/maven/plugins/maven-site-plugin/3.12.1/maven-site-plugin-3.12.1.pom (20 kB at 510 kB/s)
#13 6.895 [INFO] Downloading from central: https://repo.maven.apache.org/maven2/org/apache/maven/plugins/maven-plugins/36/maven-plugins-36.pom
#13 6.931 [INFO] Downloaded from central: https://repo.maven.apache.org/maven2/org/apache/maven/plugins/maven-plugins/36/maven-plugins-36.pom (9.9 kB at 275 kB/s)
#13 6.934 [INFO] Downloading from central: https://repo.maven.apache.org/maven2/org/apache/maven/maven-parent/36/maven-parent-36.pom
#13 6.972 [INFO] Downloaded from central: https://repo.maven.apache.org/maven2/org/apache/maven/maven-parent/36/maven-parent-36.pom (45 kB at 1.2 MB/s)
#13 6.976 [INFO] Downloading from central: https://repo.maven.apache.org/maven2/org/apache/apache/26/apache-26.pom
#13 7.013 [INFO] Downloaded from central: https://repo.maven.apache.org/maven2/org/apache/apache/26/apache-26.pom (21 kB at 555 kB/s)
#13 7.018 [INFO] Downloading from central: https://repo.maven.apache.org/maven2/org/apache/maven/plugins/maven-site-plugin/3.12.1/maven-site-plugin-3.12.1.jar
#13 7.064 [INFO] Downloaded from central: https://repo.maven.apache.org/maven2/org/apache/maven/plugins/maven-site-plugin/3.12.1/maven-site-plugin-3.12.1.jar (119 kB at 2.5 MB/s)
#13 7.073 [INFO] Downloading from central: https://repo.maven.apache.org/maven2/org/codehaus/mojo/build-helper-maven-plugin/3.6.1/build-helper-maven-plugin-3.6.1.pom
#13 7.112 [INFO] Downloaded from central: https://repo.maven.apache.org/maven2/org/codehaus/mojo/build-helper-maven-plugin/3.6.1/build-helper-maven-plugin-3.6.1.pom (8.1 kB at 214 kB/s)
#13 7.115 [INFO] Downloading from central: https://repo.maven.apache.org/maven2/org/codehaus/mojo/mojo-parent/91/mojo-parent-91.pom
#13 7.150 [INFO] Downloaded from central: https://repo.maven.apache.org/maven2/org/codehaus/mojo/mojo-parent/91/mojo-parent-91.pom (38 kB at 1.0 MB/s)
#13 7.156 [INFO] Downloading from central: https://repo.maven.apache.org/maven2/org/junit/junit-bom/5.13.0/junit-bom-5.13.0.pom
#13 7.195 [INFO] Downloaded from central: https://repo.maven.apache.org/maven2/org/junit/junit-bom/5.13.0/junit-bom-5.13.0.pom (5.6 kB at 145 kB/s)
#13 7.199 [INFO] Downloading from central: https://repo.maven.apache.org/maven2/org/codehaus/mojo/build-helper-maven-plugin/3.6.1/build-helper-maven-plugin-3.6.1.jar
#13 7.242 [INFO] Downloaded from central: https://repo.maven.apache.org/maven2/org/codehaus/mojo/build-helper-maven-plugin/3.6.1/build-helper-maven-plugin-3.6.1.jar (72 kB at 1.6 MB/s)
#13 7.247 [INFO] Downloading from central: https://repo.maven.apache.org/maven2/org/cyclonedx/cyclonedx-maven-plugin/2.9.1/cyclonedx-maven-plugin-2.9.1.pom
#13 7.282 [INFO] Downloaded from central: https://repo.maven.apache.org/maven2/org/cyclonedx/cyclonedx-maven-plugin/2.9.1/cyclonedx-maven-plugin-2.9.1.pom (19 kB at 529 kB/s)
#13 7.286 [INFO] Downloading from central: https://repo.maven.apache.org/maven2/org/junit/junit-bom/5.11.2/junit-bom-5.11.2.pom
#13 7.329 [INFO] Downloaded from central: https://repo.maven.apache.org/maven2/org/junit/junit-bom/5.11.2/junit-bom-5.11.2.pom (5.6 kB at 131 kB/s)
#13 7.332 [INFO] Downloading from central: https://repo.maven.apache.org/maven2/org/cyclonedx/cyclonedx-maven-plugin/2.9.1/cyclonedx-maven-plugin-2.9.1.jar
#13 7.370 [INFO] Downloaded from central: https://repo.maven.apache.org/maven2/org/cyclonedx/cyclonedx-maven-plugin/2.9.1/cyclonedx-maven-plugin-2.9.1.jar (52 kB at 1.4 MB/s)
#13 7.373 [INFO] Downloading from central: https://repo.maven.apache.org/maven2/org/flywaydb/flyway-maven-plugin/11.7.2/flyway-maven-plugin-11.7.2.pom
#13 7.409 [INFO] Downloaded from central: https://repo.maven.apache.org/maven2/org/flywaydb/flyway-maven-plugin/11.7.2/flyway-maven-plugin-11.7.2.pom (3.8 kB at 108 kB/s)
#13 7.411 [INFO] Downloading from central: https://repo.maven.apache.org/maven2/org/flywaydb/flyway-parent/11.7.2/flyway-parent-11.7.2.pom
#13 7.452 [INFO] Downloaded from central: https://repo.maven.apache.org/maven2/org/flywaydb/flyway-parent/11.7.2/flyway-parent-11.7.2.pom (36 kB at 910 kB/s)
#13 7.457 [INFO] Downloading from central: https://repo.maven.apache.org/maven2/org/flywaydb/flyway-maven-plugin/11.7.2/flyway-maven-plugin-11.7.2.jar
#13 7.510 [INFO] Downloaded from central: https://repo.maven.apache.org/maven2/org/flywaydb/flyway-maven-plugin/11.7.2/flyway-maven-plugin-11.7.2.jar (110 kB at 2.1 MB/s)
#13 7.516 [INFO] Downloading from central: https://repo.maven.apache.org/maven2/io/github/git-commit-id/git-commit-id-maven-plugin/9.0.2/git-commit-id-maven-plugin-9.0.2.pom
#13 7.560 [INFO] Downloaded from central: https://repo.maven.apache.org/maven2/io/github/git-commit-id/git-commit-id-maven-plugin/9.0.2/git-commit-id-maven-plugin-9.0.2.pom (28 kB at 640 kB/s)
#13 7.563 [INFO] Downloading from central: https://repo.maven.apache.org/maven2/org/sonatype/oss/oss-parent/9/oss-parent-9.pom
#13 7.602 [INFO] Downloaded from central: https://repo.maven.apache.org/maven2/org/sonatype/oss/oss-parent/9/oss-parent-9.pom (6.6 kB at 173 kB/s)
#13 7.606 [INFO] Downloading from central: https://repo.maven.apache.org/maven2/io/github/git-commit-id/git-commit-id-maven-plugin/9.0.2/git-commit-id-maven-plugin-9.0.2.jar
#13 7.651 [INFO] Downloaded from central: https://repo.maven.apache.org/maven2/io/github/git-commit-id/git-commit-id-maven-plugin/9.0.2/git-commit-id-maven-plugin-9.0.2.jar (55 kB at 1.2 MB/s)
#13 7.654 [INFO] Downloading from central: https://repo.maven.apache.org/maven2/org/jooq/jooq-codegen-maven/3.19.25/jooq-codegen-maven-3.19.25.pom
#13 7.697 [INFO] Downloaded from central: https://repo.maven.apache.org/maven2/org/jooq/jooq-codegen-maven/3.19.25/jooq-codegen-maven-3.19.25.pom (3.8 kB at 90 kB/s)
#13 7.699 [INFO] Downloading from central: https://repo.maven.apache.org/maven2/org/jooq/jooq-parent/3.19.25/jooq-parent-3.19.25.pom
#13 7.736 [INFO] Downloaded from central: https://repo.maven.apache.org/maven2/org/jooq/jooq-parent/3.19.25/jooq-parent-3.19.25.pom (41 kB at 1.1 MB/s)
#13 7.739 [INFO] Downloading from central: https://repo.maven.apache.org/maven2/org/jooq/jooq-codegen-maven/3.19.25/jooq-codegen-maven-3.19.25.jar
#13 7.779 [INFO] Downloaded from central: https://repo.maven.apache.org/maven2/org/jooq/jooq-codegen-maven/3.19.25/jooq-codegen-maven-3.19.25.jar (18 kB at 470 kB/s)
#13 7.782 [INFO] Downloading from central: https://repo.maven.apache.org/maven2/org/jetbrains/kotlin/kotlin-maven-plugin/1.9.25/kotlin-maven-plugin-1.9.25.pom
#13 7.820 [INFO] Downloaded from central: https://repo.maven.apache.org/maven2/org/jetbrains/kotlin/kotlin-maven-plugin/1.9.25/kotlin-maven-plugin-1.9.25.pom (6.7 kB at 176 kB/s)
#13 7.823 [INFO] Downloading from central: https://repo.maven.apache.org/maven2/org/jetbrains/kotlin/kotlin-project/1.9.25/kotlin-project-1.9.25.pom
#13 7.862 [INFO] Downloaded from central: https://repo.maven.apache.org/maven2/org/jetbrains/kotlin/kotlin-project/1.9.25/kotlin-project-1.9.25.pom (16 kB at 401 kB/s)
#13 7.866 [INFO] Downloading from central: https://repo.maven.apache.org/maven2/org/jetbrains/kotlin/kotlin-maven-plugin/1.9.25/kotlin-maven-plugin-1.9.25.jar
#13 7.924 [INFO] Downloaded from central: https://repo.maven.apache.org/maven2/org/jetbrains/kotlin/kotlin-maven-plugin/1.9.25/kotlin-maven-plugin-1.9.25.jar (82 kB at 1.4 MB/s)
#13 7.928 [INFO] Downloading from central: https://repo.maven.apache.org/maven2/org/liquibase/liquibase-maven-plugin/4.31.1/liquibase-maven-plugin-4.31.1.pom
#13 7.977 [INFO] Downloaded from central: https://repo.maven.apache.org/maven2/org/liquibase/liquibase-maven-plugin/4.31.1/liquibase-maven-plugin-4.31.1.pom (2.0 kB at 41 kB/s)
#13 7.981 [INFO] Downloading from central: https://repo.maven.apache.org/maven2/org/liquibase/liquibase-maven-plugin/4.31.1/liquibase-maven-plugin-4.31.1.jar
#13 8.038 [INFO] Downloaded from central: https://repo.maven.apache.org/maven2/org/liquibase/liquibase-maven-plugin/4.31.1/liquibase-maven-plugin-4.31.1.jar (352 kB at 6.1 MB/s)
#13 8.070 [INFO] Downloading from central: https://repo.maven.apache.org/maven2/org/apache/maven/plugins/maven-antrun-plugin/3.1.0/maven-antrun-plugin-3.1.0.pom
#13 8.123 [INFO] Downloaded from central: https://repo.maven.apache.org/maven2/org/apache/maven/plugins/maven-antrun-plugin/3.1.0/maven-antrun-plugin-3.1.0.pom (9.1 kB at 175 kB/s)
#13 8.127 [INFO] Downloading from central: https://repo.maven.apache.org/maven2/org/apache/maven/plugins/maven-plugins/34/maven-plugins-34.pom
#13 15.03 [INFO] Downloaded from central: https://repo.maven.apache.org/maven2/org/apache/maven/plugins/maven-plugins/34/maven-plugins-34.pom (11 kB at 1.5 kB/s)
#13 15.03 [INFO] Downloading from central: https://repo.maven.apache.org/maven2/org/apache/maven/maven-parent/34/maven-parent-34.pom
#13 15.07 [INFO] Downloaded from central: https://repo.maven.apache.org/maven2/org/apache/maven/maven-parent/34/maven-parent-34.pom (43 kB at 1.1 MB/s)
#13 15.07 [INFO] Downloading from central: https://repo.maven.apache.org/maven2/org/apache/apache/23/apache-23.pom
#13 15.12 [INFO] Downloaded from central: https://repo.maven.apache.org/maven2/org/apache/apache/23/apache-23.pom (18 kB at 439 kB/s)
#13 7.765 [INFO] Downloading from central: https://repo.maven.apache.org/maven2/org/apache/maven/plugins/maven-antrun-plugin/3.1.0/maven-antrun-plugin-3.1.0.jar
#13 7.804 [INFO] Downloaded from central: https://repo.maven.apache.org/maven2/org/apache/maven/plugins/maven-antrun-plugin/3.1.0/maven-antrun-plugin-3.1.0.jar (41 kB at 1.0 MB/s)
#13 7.809 [INFO] Downloading from central: https://repo.maven.apache.org/maven2/org/apache/maven/plugins/maven-assembly-plugin/3.7.1/maven-assembly-plugin-3.7.1.pom
#13 7.847 [INFO] Downloaded from central: https://repo.maven.apache.org/maven2/org/apache/maven/plugins/maven-assembly-plugin/3.7.1/maven-assembly-plugin-3.7.1.pom (15 kB at 400 kB/s)
#13 7.851 [INFO] Downloading from central: https://repo.maven.apache.org/maven2/org/apache/maven/plugins/maven-plugins/41/maven-plugins-41.pom
#13 7.902 [INFO] Downloaded from central: https://repo.maven.apache.org/maven2/org/apache/maven/plugins/maven-plugins/41/maven-plugins-41.pom (7.4 kB at 147 kB/s)
#13 7.905 [INFO] Downloading from central: https://repo.maven.apache.org/maven2/org/apache/maven/maven-parent/41/maven-parent-41.pom
#13 7.958 [INFO] Downloaded from central: https://repo.maven.apache.org/maven2/org/apache/maven/maven-parent/41/maven-parent-41.pom (50 kB at 959 kB/s)
#13 7.961 [INFO] Downloading from central: https://repo.maven.apache.org/maven2/org/apache/apache/31/apache-31.pom
#13 8.005 [INFO] Downloaded from central: https://repo.maven.apache.org/maven2/org/apache/apache/31/apache-31.pom (24 kB at 547 kB/s)
#13 8.011 [INFO] Downloading from central: https://repo.maven.apache.org/maven2/org/apache/maven/plugins/maven-assembly-plugin/3.7.1/maven-assembly-plugin-3.7.1.jar
#13 8.066 [INFO] Downloaded from central: https://repo.maven.apache.org/maven2/org/apache/maven/plugins/maven-assembly-plugin/3.7.1/maven-assembly-plugin-3.7.1.jar (240 kB at 4.3 MB/s)
#13 8.069 [INFO] Downloading from central: https://repo.maven.apache.org/maven2/org/apache/maven/plugins/maven-dependency-plugin/3.8.1/maven-dependency-plugin-3.8.1.pom
#13 8.110 [INFO] Downloaded from central: https://repo.maven.apache.org/maven2/org/apache/maven/plugins/maven-dependency-plugin/3.8.1/maven-dependency-plugin-3.8.1.pom (18 kB at 450 kB/s)
#13 8.115 [INFO] Downloading from central: https://repo.maven.apache.org/maven2/org/apache/maven/plugins/maven-dependency-plugin/3.8.1/maven-dependency-plugin-3.8.1.jar
#13 8.167 [INFO] Downloaded from central: https://repo.maven.apache.org/maven2/org/apache/maven/plugins/maven-dependency-plugin/3.8.1/maven-dependency-plugin-3.8.1.jar (208 kB at 3.9 MB/s)
#13 8.181 [INFO] 
#13 8.181 [INFO] ----------------< com.weather-adapter:weather-adapter >-----------------
#13 8.181 [INFO] Building weather-adapter 0.0.1-SNAPSHOT
#13 8.181 [INFO]   from pom.xml
#13 8.181 [INFO] --------------------------------[ jar ]---------------------------------
#13 8.186 [INFO] 
#13 8.186 [INFO] --- dependency:3.8.1:go-offline (default-cli) @ weather-adapter ---
#13 8.197 [INFO] Downloading from central: https://repo.maven.apache.org/maven2/org/apache/maven/doxia/doxia-sink-api/2.0.0/doxia-sink-api-2.0.0.pom
#13 8.244 [INFO] Downloaded from central: https://repo.maven.apache.org/maven2/org/apache/maven/doxia/doxia-sink-api/2.0.0/doxia-sink-api-2.0.0.pom (1.4 kB at 29 kB/s)
#13 8.246 [INFO] Downloading from central: https://repo.maven.apache.org/maven2/org/apache/maven/doxia/doxia/2.0.0/doxia-2.0.0.pom
#13 8.281 [INFO] Downloaded from central: https://repo.maven.apache.org/maven2/org/apache/maven/doxia/doxia/2.0.0/doxia-2.0.0.pom (17 kB at 492 kB/s)
#13 8.291 [INFO] Downloading from central: https://repo.maven.apache.org/maven2/org/junit/junit-bom/5.11.1/junit-bom-5.11.1.pom
#13 8.334 [INFO] Downloaded from central: https://repo.maven.apache.org/maven2/org/junit/junit-bom/5.11.1/junit-bom-5.11.1.pom (5.6 kB at 134 kB/s)
#13 8.339 [INFO] Downloading from central: https://repo.maven.apache.org/maven2/org/apache/maven/reporting/maven-reporting-api/4.0.0/maven-reporting-api-4.0.0.pom
#13 8.374 [INFO] Downloaded from central: https://repo.maven.apache.org/maven2/org/apache/maven/reporting/maven-reporting-api/4.0.0/maven-reporting-api-4.0.0.pom (2.8 kB at 78 kB/s)
#13 8.377 [INFO] Downloading from central: https://repo.maven.apache.org/maven2/org/apache/maven/shared/maven-shared-components/43/maven-shared-components-43.pom
#13 8.413 [INFO] Downloaded from central: https://repo.maven.apache.org/maven2/org/apache/maven/shared/maven-shared-components/43/maven-shared-components-43.pom (3.8 kB at 105 kB/s)
#13 8.417 [INFO] Downloading from central: https://repo.maven.apache.org/maven2/org/apache/maven/reporting/maven-reporting-impl/4.0.0/maven-reporting-impl-4.0.0.pom
#13 8.455 [INFO] Downloaded from central: https://repo.maven.apache.org/maven2/org/apache/maven/reporting/maven-reporting-impl/4.0.0/maven-reporting-impl-4.0.0.pom (8.8 kB at 237 kB/s)
#13 8.462 [INFO] Downloading from central: https://repo.maven.apache.org/maven2/org/apache/maven/shared/maven-shared-utils/3.4.2/maven-shared-utils-3.4.2.pom
#13 8.504 [INFO] Downloaded from central: https://repo.maven.apache.org/maven2/org/apache/maven/shared/maven-shared-utils/3.4.2/maven-shared-utils-3.4.2.pom (5.9 kB at 140 kB/s)
#13 8.507 [INFO] Downloading from central: https://repo.maven.apache.org/maven2/org/apache/maven/shared/maven-shared-components/39/maven-shared-components-39.pom
#13 8.543 [INFO] Downloaded from central: https://repo.maven.apache.org/maven2/org/apache/maven/shared/maven-shared-components/39/maven-shared-components-39.pom (3.2 kB at 87 kB/s)
#13 8.548 [INFO] Downloading from central: https://repo.maven.apache.org/maven2/org/slf4j/slf4j-api/1.7.36/slf4j-api-1.7.36.pom
#13 8.584 [INFO] Downloaded from central: https://repo.maven.apache.org/maven2/org/slf4j/slf4j-api/1.7.36/slf4j-api-1.7.36.pom (2.7 kB at 78 kB/s)
#13 8.586 [INFO] Downloading from central: https://repo.maven.apache.org/maven2/org/slf4j/slf4j-parent/1.7.36/slf4j-parent-1.7.36.pom
#13 8.627 [INFO] Downloaded from central: https://repo.maven.apache.org/maven2/org/slf4j/slf4j-parent/1.7.36/slf4j-parent-1.7.36.pom (14 kB at 352 kB/s)
#13 8.630 [INFO] Downloading from central: https://repo.maven.apache.org/maven2/commons-io/commons-io/2.11.0/commons-io-2.11.0.pom
#13 8.671 [INFO] Downloaded from central: https://repo.maven.apache.org/maven2/commons-io/commons-io/2.11.0/commons-io-2.11.0.pom (20 kB at 493 kB/s)
#13 8.674 [INFO] Downloading from central: https://repo.maven.apache.org/maven2/org/apache/commons/commons-parent/52/commons-parent-52.pom
#13 8.721 [INFO] Downloaded from central: https://repo.maven.apache.org/maven2/org/apache/commons/commons-parent/52/commons-parent-52.pom (79 kB at 1.7 MB/s)
#13 8.726 [INFO] Downloading from central: https://repo.maven.apache.org/maven2/org/junit/junit-bom/5.7.2/junit-bom-5.7.2.pom
#13 8.761 [INFO] Downloaded from central: https://repo.maven.apache.org/maven2/org/junit/junit-bom/5.7.2/junit-bom-5.7.2.pom (5.1 kB at 146 kB/s)
#13 8.764 [INFO] Downloading from central: https://repo.maven.apache.org/maven2/org/apache/maven/doxia/doxia-site-model/2.0.0/doxia-site-model-2.0.0.pom
#13 8.799 [INFO] Downloaded from central: https://repo.maven.apache.org/maven2/org/apache/maven/doxia/doxia-site-model/2.0.0/doxia-site-model-2.0.0.pom (5.8 kB at 162 kB/s)
#13 8.802 [INFO] Downloading from central: https://repo.maven.apache.org/maven2/org/apache/maven/doxia/doxia-sitetools/2.0.0/doxia-sitetools-2.0.0.pom
#13 8.840 [INFO] Downloaded from central: https://repo.maven.apache.org/maven2/org/apache/maven/doxia/doxia-sitetools/2.0.0/doxia-sitetools-2.0.0.pom (12 kB at 323 kB/s)
#13 8.844 [INFO] Downloading from central: https://repo.maven.apache.org/maven2/org/eclipse/sisu/org.eclipse.sisu.plexus/0.9.0.M3/org.eclipse.sisu.plexus-0.9.0.M3.pom
#13 8.885 [INFO] Downloaded from central: https://repo.maven.apache.org/maven2/org/eclipse/sisu/org.eclipse.sisu.plexus/0.9.0.M3/org.eclipse.sisu.plexus-0.9.0.M3.pom (17 kB at 426 kB/s)
#13 8.887 [INFO] Downloading from central: https://repo.maven.apache.org/maven2/org/eclipse/sisu/sisu-inject/0.9.0.M3/sisu-inject-0.9.0.M3.pom
#13 8.926 [INFO] Downloaded from central: https://repo.maven.apache.org/maven2/org/eclipse/sisu/sisu-inject/0.9.0.M3/sisu-inject-0.9.0.M3.pom (24 kB at 619 kB/s)
#13 8.930 [INFO] Downloading from central: https://repo.maven.apache.org/maven2/org/eclipse/sisu/org.eclipse.sisu.inject/0.9.0.M3/org.eclipse.sisu.inject-0.9.0.M3.pom
#13 8.970 [INFO] Downloaded from central: https://repo.maven.apache.org/maven2/org/eclipse/sisu/org.eclipse.sisu.inject/0.9.0.M3/org.eclipse.sisu.inject-0.9.0.M3.pom (20 kB at 490 kB/s)
#13 8.975 [INFO] Downloading from central: https://repo.maven.apache.org/maven2/org/codehaus/plexus/plexus-component-annotations/2.1.0/plexus-component-annotations-2.1.0.pom
#13 9.014 [INFO] Downloaded from central: https://repo.maven.apache.org/maven2/org/codehaus/plexus/plexus-component-annotations/2.1.0/plexus-component-annotations-2.1.0.pom (750 B at 19 kB/s)
#13 9.017 [INFO] Downloading from central: https://repo.maven.apache.org/maven2/org/codehaus/plexus/plexus-containers/2.1.0/plexus-containers-2.1.0.pom
#13 9.057 [INFO] Downloaded from central: https://repo.maven.apache.org/maven2/org/codehaus/plexus/plexus-containers/2.1.0/plexus-containers-2.1.0.pom (4.8 kB at 120 kB/s)
#13 9.059 [INFO] Downloading from central: https://repo.maven.apache.org/maven2/org/codehaus/plexus/plexus/5.1/plexus-5.1.pom
#13 9.101 [INFO] Downloaded from central: https://repo.maven.apache.org/maven2/org/codehaus/plexus/plexus/5.1/plexus-5.1.pom (23 kB at 536 kB/s)
#13 9.106 [INFO] Downloading from central: https://repo.maven.apache.org/maven2/org/codehaus/plexus/plexus-classworlds/2.6.0/plexus-classworlds-2.6.0.pom
#13 9.152 [INFO] Downloaded from central: https://repo.maven.apache.org/maven2/org/codehaus/plexus/plexus-classworlds/2.6.0/plexus-classworlds-2.6.0.pom (7.9 kB at 172 kB/s)
#13 9.156 [INFO] Downloading from central: https://repo.maven.apache.org/maven2/org/codehaus/plexus/plexus-utils/4.0.1/plexus-utils-4.0.1.pom
#13 9.191 [INFO] Downloaded from central: https://repo.maven.apache.org/maven2/org/codehaus/plexus/plexus-utils/4.0.1/plexus-utils-4.0.1.pom (7.8 kB at 230 kB/s)
#13 9.195 [INFO] Downloading from central: https://repo.maven.apache.org/maven2/org/codehaus/plexus/plexus/17/plexus-17.pom
#13 9.236 [INFO] Downloaded from central: https://repo.maven.apache.org/maven2/org/codehaus/plexus/plexus/17/plexus-17.pom (28 kB at 671 kB/s)
#13 9.240 [INFO] Downloading from central: https://repo.maven.apache.org/maven2/org/codehaus/plexus/plexus-xml/3.0.1/plexus-xml-3.0.1.pom
#13 9.288 [INFO] Downloaded from central: https://repo.maven.apache.org/maven2/org/codehaus/plexus/plexus-xml/3.0.1/plexus-xml-3.0.1.pom (3.7 kB at 77 kB/s)
#13 9.293 [INFO] Downloading from central: https://repo.maven.apache.org/maven2/org/codehaus/plexus/plexus/18/plexus-18.pom
#13 9.334 [INFO] Downloaded from central: https://repo.maven.apache.org/maven2/org/codehaus/plexus/plexus/18/plexus-18.pom (29 kB at 696 kB/s)
#13 9.338 [INFO] Downloading from central: https://repo.maven.apache.org/maven2/javax/inject/javax.inject/1/javax.inject-1.pom
#13 9.374 [INFO] Downloaded from central: https://repo.maven.apache.org/maven2/javax/inject/javax.inject/1/javax.inject-1.pom (612 B at 17 kB/s)
#13 9.378 [INFO] Downloading from central: https://repo.maven.apache.org/maven2/org/apache/maven/doxia/doxia-core/2.0.0/doxia-core-2.0.0.pom
#13 9.433 [INFO] Downloaded from central: https://repo.maven.apache.org/maven2/org/apache/maven/doxia/doxia-core/2.0.0/doxia-core-2.0.0.pom (3.9 kB at 70 kB/s)
#13 9.438 [INFO] Downloading from central: https://repo.maven.apache.org/maven2/commons-io/commons-io/2.17.0/commons-io-2.17.0.pom
#13 9.475 [INFO] Downloaded from central: https://repo.maven.apache.org/maven2/commons-io/commons-io/2.17.0/commons-io-2.17.0.pom (20 kB at 541 kB/s)
#13 9.478 [INFO] Downloading from central: https://repo.maven.apache.org/maven2/org/apache/commons/commons-parent/74/commons-parent-74.pom
#13 9.523 [INFO] Downloaded from central: https://repo.maven.apache.org/maven2/org/apache/commons/commons-parent/74/commons-parent-74.pom (78 kB at 1.7 MB/s)
#13 9.528 [INFO] Downloading from central: https://repo.maven.apache.org/maven2/org/junit/junit-bom/5.11.0/junit-bom-5.11.0.pom
#13 9.565 [INFO] Downloaded from central: https://repo.maven.apache.org/maven2/org/junit/junit-bom/5.11.0/junit-bom-5.11.0.pom (5.6 kB at 153 kB/s)
#13 9.568 [INFO] Downloading from central: https://repo.maven.apache.org/maven2/org/apache/commons/commons-text/1.12.0/commons-text-1.12.0.pom
#13 9.606 [INFO] Downloaded from central: https://repo.maven.apache.org/maven2/org/apache/commons/commons-text/1.12.0/commons-text-1.12.0.pom (20 kB at 536 kB/s)
#13 9.608 [INFO] Downloading from central: https://repo.maven.apache.org/maven2/org/apache/commons/commons-parent/69/commons-parent-69.pom
#13 9.648 [INFO] Downloaded from central: https://repo.maven.apache.org/maven2/org/apache/commons/commons-parent/69/commons-parent-69.pom (77 kB at 1.9 MB/s)
#13 9.658 [INFO] Downloading from central: https://repo.maven.apache.org/maven2/org/apache/commons/commons-lang3/3.14.0/commons-lang3-3.14.0.pom
#13 9.700 [INFO] Downloaded from central: https://repo.maven.apache.org/maven2/org/apache/commons/commons-lang3/3.14.0/commons-lang3-3.14.0.pom (31 kB at 718 kB/s)
#13 9.703 [INFO] Downloading from central: https://repo.maven.apache.org/maven2/org/apache/commons/commons-parent/64/commons-parent-64.pom
#13 9.743 [INFO] Downloaded from central: https://repo.maven.apache.org/maven2/org/apache/commons/commons-parent/64/commons-parent-64.pom (78 kB at 1.9 MB/s)
#13 9.746 [INFO] Downloading from central: https://repo.maven.apache.org/maven2/org/apache/apache/30/apache-30.pom
#13 9.789 [INFO] Downloaded from central: https://repo.maven.apache.org/maven2/org/apache/apache/30/apache-30.pom (23 kB at 553 kB/s)
#13 9.793 [INFO] Downloading from central: https://repo.maven.apache.org/maven2/org/junit/junit-bom/5.10.0/junit-bom-5.10.0.pom
#13 9.833 [INFO] Downloaded from central: https://repo.maven.apache.org/maven2/org/junit/junit-bom/5.10.0/junit-bom-5.10.0.pom (5.6 kB at 141 kB/s)
#13 9.836 [INFO] Downloading from central: https://repo.maven.apache.org/maven2/org/apache/commons/commons-lang3/3.17.0/commons-lang3-3.17.0.pom
#13 9.872 [INFO] Downloaded from central: https://repo.maven.apache.org/maven2/org/apache/commons/commons-lang3/3.17.0/commons-lang3-3.17.0.pom (31 kB at 868 kB/s)
#13 9.876 [INFO] Downloading from central: https://repo.maven.apache.org/maven2/org/apache/commons/commons-parent/73/commons-parent-73.pom
#13 9.916 [INFO] Downloaded from central: https://repo.maven.apache.org/maven2/org/apache/commons/commons-parent/73/commons-parent-73.pom (78 kB at 1.9 MB/s)
#13 9.921 [INFO] Downloading from central: https://repo.maven.apache.org/maven2/org/apache/maven/doxia/doxia-integration-tools/2.0.0/doxia-integration-tools-2.0.0.pom
#13 9.956 [INFO] Downloaded from central: https://repo.maven.apache.org/maven2/org/apache/maven/doxia/doxia-integration-tools/2.0.0/doxia-integration-tools-2.0.0.pom (7.8 kB at 221 kB/s)
#13 9.966 [INFO] Downloading from central: https://repo.maven.apache.org/maven2/org/codehaus/plexus/plexus-i18n/1.0-beta-10/plexus-i18n-1.0-beta-10.pom
#13 10.00 [INFO] Downloaded from central: https://repo.maven.apache.org/maven2/org/codehaus/plexus/plexus-i18n/1.0-beta-10/plexus-i18n-1.0-beta-10.pom (2.1 kB at 58 kB/s)
#13 10.00 [INFO] Downloading from central: https://repo.maven.apache.org/maven2/org/codehaus/plexus/plexus-components/1.1.12/plexus-components-1.1.12.pom
#13 10.05 [INFO] Downloaded from central: https://repo.maven.apache.org/maven2/org/codehaus/plexus/plexus-components/1.1.12/plexus-components-1.1.12.pom (3.0 kB at 70 kB/s)
#13 10.05 [INFO] Downloading from central: https://repo.maven.apache.org/maven2/org/codehaus/plexus/plexus/1.0.10/plexus-1.0.10.pom
#13 10.08 [INFO] Downloaded from central: https://repo.maven.apache.org/maven2/org/codehaus/plexus/plexus/1.0.10/plexus-1.0.10.pom (8.2 kB at 236 kB/s)
#13 10.09 [INFO] Downloading from central: https://repo.maven.apache.org/maven2/org/codehaus/plexus/plexus-interpolation/1.27/plexus-interpolation-1.27.pom
#13 10.13 [INFO] Downloaded from central: https://repo.maven.apache.org/maven2/org/codehaus/plexus/plexus-interpolation/1.27/plexus-interpolation-1.27.pom (3.0 kB at 80 kB/s)
#13 10.13 [INFO] Downloading from central: https://repo.maven.apache.org/maven2/org/codehaus/plexus/plexus/16/plexus-16.pom
#13 10.17 [INFO] Downloaded from central: https://repo.maven.apache.org/maven2/org/codehaus/plexus/plexus/16/plexus-16.pom (28 kB at 628 kB/s)
#13 10.18 [INFO] Downloading from central: https://repo.maven.apache.org/maven2/org/junit/junit-bom/5.10.1/junit-bom-5.10.1.pom
#13 10.21 [INFO] Downloaded from central: https://repo.maven.apache.org/maven2/org/junit/junit-bom/5.10.1/junit-bom-5.10.1.pom (5.6 kB at 166 kB/s)
#13 10.22 [INFO] Downloading from central: https://repo.maven.apache.org/maven2/org/apache/maven/doxia/doxia-site-renderer/2.0.0/doxia-site-renderer-2.0.0.pom
#13 10.26 [INFO] Downloaded from central: https://repo.maven.apache.org/maven2/org/apache/maven/doxia/doxia-site-renderer/2.0.0/doxia-site-renderer-2.0.0.pom (7.4 kB at 180 kB/s)
#13 10.26 [INFO] Downloading from central: https://repo.maven.apache.org/maven2/org/apache/maven/doxia/doxia-skin-model/2.0.0/doxia-skin-model-2.0.0.pom
#13 10.30 [INFO] Downloaded from central: https://repo.maven.apache.org/maven2/org/apache/maven/doxia/doxia-skin-model/2.0.0/doxia-skin-model-2.0.0.pom (3.0 kB at 77 kB/s)
#13 10.30 [INFO] Downloading from central: https://repo.maven.apache.org/maven2/org/apache/maven/doxia/doxia-module-xhtml5/2.0.0/doxia-module-xhtml5-2.0.0.pom
#13 10.34 [INFO] Downloaded from central: https://repo.maven.apache.org/maven2/org/apache/maven/doxia/doxia-module-xhtml5/2.0.0/doxia-module-xhtml5-2.0.0.pom (2.9 kB at 74 kB/s)
#13 10.35 [INFO] Downloading from central: https://repo.maven.apache.org/maven2/org/apache/maven/doxia/doxia-modules/2.0.0/doxia-modules-2.0.0.pom
#13 10.38 [INFO] Downloaded from central: https://repo.maven.apache.org/maven2/org/apache/maven/doxia/doxia-modules/2.0.0/doxia-modules-2.0.0.pom (2.5 kB at 64 kB/s)
#13 10.39 [INFO] Downloading from central: https://repo.maven.apache.org/maven2/org/codehaus/plexus/plexus-velocity/2.2.0/plexus-velocity-2.2.0.pom
#13 10.43 [INFO] Downloaded from central: https://repo.maven.apache.org/maven2/org/codehaus/plexus/plexus-velocity/2.2.0/plexus-velocity-2.2.0.pom (4.1 kB at 107 kB/s)
#13 10.43 [INFO] Downloading from central: https://repo.maven.apache.org/maven2/org/codehaus/plexus/plexus/19/plexus-19.pom
#13 10.47 [INFO] Downloaded from central: https://repo.maven.apache.org/maven2/org/codehaus/plexus/plexus/19/plexus-19.pom (25 kB at 651 kB/s)
#13 10.48 [INFO] Downloading from central: https://repo.maven.apache.org/maven2/org/apache/velocity/velocity-engine-core/2.4/velocity-engine-core-2.4.pom
#13 10.52 [INFO] Downloaded from central: https://repo.maven.apache.org/maven2/org/apache/velocity/velocity-engine-core/2.4/velocity-engine-core-2.4.pom (12 kB at 285 kB/s)
#13 10.52 [INFO] Downloading from central: https://repo.maven.apache.org/maven2/org/apache/velocity/velocity-engine-parent/2.4/velocity-engine-parent-2.4.pom
#13 10.56 [INFO] Downloaded from central: https://repo.maven.apache.org/maven2/org/apache/velocity/velocity-engine-parent/2.4/velocity-engine-parent-2.4.pom (9.5 kB at 226 kB/s)
#13 10.56 [INFO] Downloading from central: https://repo.maven.apache.org/maven2/org/apache/velocity/velocity-master/7/velocity-master-7.pom
#13 10.61 [INFO] Downloaded from central: https://repo.maven.apache.org/maven2/org/apache/velocity/velocity-master/7/velocity-master-7.pom (7.9 kB at 189 kB/s)
#13 10.61 [INFO] Downloading from central: https://repo.maven.apache.org/maven2/org/apache/velocity/tools/velocity-tools-generic/3.1/velocity-tools-generic-3.1.pom
#13 10.65 [INFO] Downloaded from central: https://repo.maven.apache.org/maven2/org/apache/velocity/tools/velocity-tools-generic/3.1/velocity-tools-generic-3.1.pom (2.6 kB at 62 kB/s)
#13 10.65 [INFO] Downloading from central: https://repo.maven.apache.org/maven2/org/apache/velocity/tools/velocity-tools-parent/3.1/velocity-tools-parent-3.1.pom
#13 10.69 [INFO] Downloaded from central: https://repo.maven.apache.org/maven2/org/apache/velocity/tools/velocity-tools-parent/3.1/velocity-tools-parent-3.1.pom (8.0 kB at 200 kB/s)
#13 10.70 [INFO] Downloading from central: https://repo.maven.apache.org/maven2/org/apache/velocity/velocity-master/4/velocity-master-4.pom
#13 10.73 [INFO] Downloaded from central: https://repo.maven.apache.org/maven2/org/apache/velocity/velocity-master/4/velocity-master-4.pom (7.8 kB at 216 kB/s)
#13 10.74 [INFO] Downloading from central: https://repo.maven.apache.org/maven2/org/apache/velocity/velocity-engine-core/2.3/velocity-engine-core-2.3.pom
#13 10.78 [INFO] Downloaded from central: https://repo.maven.apache.org/maven2/org/apache/velocity/velocity-engine-core/2.3/velocity-engine-core-2.3.pom (10 kB at 283 kB/s)
#13 10.78 [INFO] Downloading from central: https://repo.maven.apache.org/maven2/org/apache/velocity/velocity-engine-parent/2.3/velocity-engine-parent-2.3.pom
#13 10.84 [INFO] Downloaded from central: https://repo.maven.apache.org/maven2/org/apache/velocity/velocity-engine-parent/2.3/velocity-engine-parent-2.3.pom (14 kB at 227 kB/s)
#13 10.85 [INFO] Downloading from central: https://repo.maven.apache.org/maven2/org/apache/commons/commons-lang3/3.11/commons-lang3-3.11.pom
#13 10.88 [INFO] Downloaded from central: https://repo.maven.apache.org/maven2/org/apache/commons/commons-lang3/3.11/commons-lang3-3.11.pom (30 kB at 883 kB/s)
#13 10.88 [INFO] Downloading from central: https://repo.maven.apache.org/maven2/org/apache/commons/commons-parent/51/commons-parent-51.pom
#13 10.92 [INFO] Downloaded from central: https://repo.maven.apache.org/maven2/org/apache/commons/commons-parent/51/commons-parent-51.pom (78 kB at 1.9 MB/s)
#13 10.93 [INFO] Downloading from central: https://repo.maven.apache.org/maven2/org/slf4j/slf4j-api/1.7.30/slf4j-api-1.7.30.pom
#13 10.97 [INFO] Downloaded from central: https://repo.maven.apache.org/maven2/org/slf4j/slf4j-api/1.7.30/slf4j-api-1.7.30.pom (3.8 kB at 87 kB/s)
#13 10.97 [INFO] Downloading from central: https://repo.maven.apache.org/maven2/org/slf4j/slf4j-parent/1.7.30/slf4j-parent-1.7.30.pom
#13 11.02 [INFO] Downloaded from central: https://repo.maven.apache.org/maven2/org/slf4j/slf4j-parent/1.7.30/slf4j-parent-1.7.30.pom (14 kB at 321 kB/s)
#13 11.02 [INFO] Downloading from central: https://repo.maven.apache.org/maven2/commons-beanutils/commons-beanutils/1.9.4/commons-beanutils-1.9.4.pom
#13 11.07 [INFO] Downloaded from central: https://repo.maven.apache.org/maven2/commons-beanutils/commons-beanutils/1.9.4/commons-beanutils-1.9.4.pom (18 kB at 400 kB/s)
#13 11.07 [INFO] Downloading from central: https://repo.maven.apache.org/maven2/org/apache/commons/commons-parent/47/commons-parent-47.pom
#13 11.11 [INFO] Downloaded from central: https://repo.maven.apache.org/maven2/org/apache/commons/commons-parent/47/commons-parent-47.pom (78 kB at 1.8 MB/s)
#13 11.12 [INFO] Downloading from central: https://repo.maven.apache.org/maven2/org/apache/apache/19/apache-19.pom
#13 11.15 [INFO] Downloaded from central: https://repo.maven.apache.org/maven2/org/apache/apache/19/apache-19.pom (15 kB at 430 kB/s)
#13 11.16 [INFO] Downloading from central: https://repo.maven.apache.org/maven2/commons-logging/commons-logging/1.2/commons-logging-1.2.pom
#13 11.19 [INFO] Downloaded from central: https://repo.maven.apache.org/maven2/commons-logging/commons-logging/1.2/commons-logging-1.2.pom (19 kB at 519 kB/s)
#13 11.20 [INFO] Downloading from central: https://repo.maven.apache.org/maven2/org/apache/commons/commons-parent/34/commons-parent-34.pom
#13 11.24 [INFO] Downloaded from central: https://repo.maven.apache.org/maven2/org/apache/commons/commons-parent/34/commons-parent-34.pom (56 kB at 1.4 MB/s)
#13 11.24 [INFO] Downloading from central: https://repo.maven.apache.org/maven2/org/apache/apache/13/apache-13.pom
#13 11.29 [INFO] Downloaded from central: https://repo.maven.apache.org/maven2/org/apache/apache/13/apache-13.pom (14 kB at 254 kB/s)
#13 11.30 [INFO] Downloading from central: https://repo.maven.apache.org/maven2/commons-collections/commons-collections/3.2.2/commons-collections-3.2.2.pom
#13 11.35 [INFO] Downloaded from central: https://repo.maven.apache.org/maven2/commons-collections/commons-collections/3.2.2/commons-collections-3.2.2.pom (12 kB at 243 kB/s)
#13 11.35 [INFO] Downloading from central: https://repo.maven.apache.org/maven2/org/apache/commons/commons-parent/39/commons-parent-39.pom
#13 11.39 [INFO] Downloaded from central: https://repo.maven.apache.org/maven2/org/apache/commons/commons-parent/39/commons-parent-39.pom (62 kB at 1.6 MB/s)
#13 11.39 [INFO] Downloading from central: https://repo.maven.apache.org/maven2/org/apache/apache/16/apache-16.pom
#13 11.43 [INFO] Downloaded from central: https://repo.maven.apache.org/maven2/org/apache/apache/16/apache-16.pom (15 kB at 395 kB/s)
#13 11.44 [INFO] Downloading from central: https://repo.maven.apache.org/maven2/org/apache/commons/commons-digester3/3.2/commons-digester3-3.2.pom
#13 11.47 [INFO] Downloaded from central: https://repo.maven.apache.org/maven2/org/apache/commons/commons-digester3/3.2/commons-digester3-3.2.pom (18 kB at 475 kB/s)
#13 11.48 [INFO] Downloading from central: https://repo.maven.apache.org/maven2/org/apache/commons/commons-parent/22/commons-parent-22.pom
#13 11.52 [INFO] Downloaded from central: https://repo.maven.apache.org/maven2/org/apache/commons/commons-parent/22/commons-parent-22.pom (42 kB at 1.1 MB/s)
#13 11.52 [INFO] Downloading from central: https://repo.maven.apache.org/maven2/org/apache/apache/9/apache-9.pom
#13 11.57 [INFO] Downloaded from central: https://repo.maven.apache.org/maven2/org/apache/apache/9/apache-9.pom (15 kB at 292 kB/s)
#13 11.57 [INFO] Downloading from central: https://repo.maven.apache.org/maven2/commons-beanutils/commons-beanutils/1.8.3/commons-beanutils-1.8.3.pom
#13 11.61 [INFO] Downloaded from central: https://repo.maven.apache.org/maven2/commons-beanutils/commons-beanutils/1.8.3/commons-beanutils-1.8.3.pom (11 kB at 295 kB/s)
#13 11.61 [INFO] Downloading from central: https://repo.maven.apache.org/maven2/org/apache/commons/commons-parent/14/commons-parent-14.pom
#13 11.66 [INFO] Downloaded from central: https://repo.maven.apache.org/maven2/org/apache/commons/commons-parent/14/commons-parent-14.pom (31 kB at 628 kB/s)
#13 11.67 [INFO] Downloading from central: https://repo.maven.apache.org/maven2/org/apache/apache/7/apache-7.pom
#13 11.71 [INFO] Downloaded from central: https://repo.maven.apache.org/maven2/org/apache/apache/7/apache-7.pom (14 kB at 321 kB/s)
#13 11.72 [INFO] Downloading from central: https://repo.maven.apache.org/maven2/commons-logging/commons-logging/1.1.1/commons-logging-1.1.1.pom
#13 11.75 [INFO] Downloaded from central: https://repo.maven.apache.org/maven2/commons-logging/commons-logging/1.1.1/commons-logging-1.1.1.pom (18 kB at 525 kB/s)
#13 11.75 [INFO] Downloading from central: https://repo.maven.apache.org/maven2/org/apache/commons/commons-parent/5/commons-parent-5.pom
#13 11.80 [INFO] Downloaded from central: https://repo.maven.apache.org/maven2/org/apache/commons/commons-parent/5/commons-parent-5.pom (16 kB at 365 kB/s)
#13 11.80 [INFO] Downloading from central: https://repo.maven.apache.org/maven2/org/apache/apache/4/apache-4.pom
#13 11.85 [INFO] Downloaded from central: https://repo.maven.apache.org/maven2/org/apache/apache/4/apache-4.pom (4.5 kB at 92 kB/s)
#13 11.85 [INFO] Downloading from central: https://repo.maven.apache.org/maven2/org/apache/commons/commons-lang3/3.10/commons-lang3-3.10.pom
#13 11.89 [INFO] Downloaded from central: https://repo.maven.apache.org/maven2/org/apache/commons/commons-lang3/3.10/commons-lang3-3.10.pom (31 kB at 783 kB/s)
#13 11.89 [INFO] Downloading from central: https://repo.maven.apache.org/maven2/org/apache/commons/commons-parent/50/commons-parent-50.pom
#13 11.94 [INFO] Downloaded from central: https://repo.maven.apache.org/maven2/org/apache/commons/commons-parent/50/commons-parent-50.pom (76 kB at 1.8 MB/s)
#13 11.94 [INFO] Downloading from central: https://repo.maven.apache.org/maven2/org/apache/apache/21/apache-21.pom
#13 11.98 [INFO] Downloaded from central: https://repo.maven.apache.org/maven2/org/apache/apache/21/apache-21.pom (17 kB at 417 kB/s)
#13 11.99 [INFO] Downloading from central: https://repo.maven.apache.org/maven2/com/github/cliftonlabs/json-simple/3.0.2/json-simple-3.0.2.pom
#13 12.03 [INFO] Downloaded from central: https://repo.maven.apache.org/maven2/com/github/cliftonlabs/json-simple/3.0.2/json-simple-3.0.2.pom (7.5 kB at 170 kB/s)
#13 12.03 [INFO] Downloading from central: https://repo.maven.apache.org/maven2/org/apache/maven/doxia/doxia-module-apt/2.0.0/doxia-module-apt-2.0.0.pom
#13 12.11 [INFO] Downloaded from central: https://repo.maven.apache.org/maven2/org/apache/maven/doxia/doxia-module-apt/2.0.0/doxia-module-apt-2.0.0.pom (2.9 kB at 39 kB/s)
#13 12.11 [INFO] Downloading from central: https://repo.maven.apache.org/maven2/org/apache/maven/doxia/doxia-module-xdoc/2.0.0/doxia-module-xdoc-2.0.0.pom
#13 12.15 [INFO] Downloaded from central: https://repo.maven.apache.org/maven2/org/apache/maven/doxia/doxia-module-xdoc/2.0.0/doxia-module-xdoc-2.0.0.pom (5.4 kB at 135 kB/s)
#13 12.16 [INFO] Downloading from central: https://repo.maven.apache.org/maven2/org/apache/maven/maven-archiver/3.6.2/maven-archiver-3.6.2.pom
#13 12.21 [INFO] Downloaded from central: https://repo.maven.apache.org/maven2/org/apache/maven/maven-archiver/3.6.2/maven-archiver-3.6.2.pom (4.4 kB at 90 kB/s)
#13 12.21 [INFO] Downloading from central: https://repo.maven.apache.org/maven2/org/apache/maven/shared/maven-shared-components/41/maven-shared-components-41.pom
#13 12.25 [INFO] Downloaded from central: https://repo.maven.apache.org/maven2/org/apache/maven/shared/maven-shared-components/41/maven-shared-components-41.pom (3.2 kB at 84 kB/s)
#13 12.25 [INFO] Downloading from central: https://repo.maven.apache.org/maven2/org/codehaus/plexus/plexus-archiver/4.9.2/plexus-archiver-4.9.2.pom
#13 12.29 [INFO] Downloaded from central: https://repo.maven.apache.org/maven2/org/codehaus/plexus/plexus-archiver/4.9.2/plexus-archiver-4.9.2.pom (6.0 kB at 139 kB/s)
#13 12.30 [INFO] Downloading from central: https://repo.maven.apache.org/maven2/org/codehaus/plexus/plexus-io/3.4.2/plexus-io-3.4.2.pom
#13 12.35 [INFO] Downloaded from central: https://repo.maven.apache.org/maven2/org/codehaus/plexus/plexus-io/3.4.2/plexus-io-3.4.2.pom (3.9 kB at 76 kB/s)
#13 12.35 [INFO] Downloading from central: https://repo.maven.apache.org/maven2/commons-io/commons-io/2.15.1/commons-io-2.15.1.pom
#13 12.39 [INFO] Downloaded from central: https://repo.maven.apache.org/maven2/commons-io/commons-io/2.15.1/commons-io-2.15.1.pom (20 kB at 454 kB/s)
#13 12.40 [INFO] Downloading from central: https://repo.maven.apache.org/maven2/org/apache/commons/commons-parent/65/commons-parent-65.pom
#13 12.45 [INFO] Downloaded from central: https://repo.maven.apache.org/maven2/org/apache/commons/commons-parent/65/commons-parent-65.pom (78 kB at 1.6 MB/s)
#13 12.45 [INFO] Downloading from central: https://repo.maven.apache.org/maven2/org/apache/commons/commons-compress/1.26.1/commons-compress-1.26.1.pom
#13 12.49 [INFO] Downloaded from central: https://repo.maven.apache.org/maven2/org/apache/commons/commons-compress/1.26.1/commons-compress-1.26.1.pom (22 kB at 533 kB/s)
#13 12.50 [INFO] Downloading from central: https://repo.maven.apache.org/maven2/org/apache/commons/commons-parent/66/commons-parent-66.pom
#13 12.54 [INFO] Downloaded from central: https://repo.maven.apache.org/maven2/org/apache/commons/commons-parent/66/commons-parent-66.pom (77 kB at 1.8 MB/s)
#13 12.55 [INFO] Downloading from central: https://repo.maven.apache.org/maven2/commons-codec/commons-codec/1.16.1/commons-codec-1.16.1.pom
#13 12.60 [INFO] Downloaded from central: https://repo.maven.apache.org/maven2/commons-codec/commons-codec/1.16.1/commons-codec-1.16.1.pom (16 kB at 296 kB/s)
#13 12.60 [INFO] Downloading from central: https://repo.maven.apache.org/maven2/org/iq80/snappy/snappy/0.4/snappy-0.4.pom
#13 12.65 [INFO] Downloaded from central: https://repo.maven.apache.org/maven2/org/iq80/snappy/snappy/0.4/snappy-0.4.pom (15 kB at 355 kB/s)
#13 12.65 [INFO] Downloading from central: https://repo.maven.apache.org/maven2/org/tukaani/xz/1.9/xz-1.9.pom
#13 12.69 [INFO] Downloaded from central: https://repo.maven.apache.org/maven2/org/tukaani/xz/1.9/xz-1.9.pom (2.0 kB at 57 kB/s)
#13 12.69 [INFO] Downloading from central: https://repo.maven.apache.org/maven2/com/github/luben/zstd-jni/1.5.5-11/zstd-jni-1.5.5-11.pom
#13 12.79 [INFO] Downloaded from central: https://repo.maven.apache.org/maven2/com/github/luben/zstd-jni/1.5.5-11/zstd-jni-1.5.5-11.pom (2.0 kB at 20 kB/s)
#13 12.79 [INFO] Downloading from central: https://repo.maven.apache.org/maven2/org/apache/maven/resolver/maven-resolver-api/1.4.1/maven-resolver-api-1.4.1.pom
#13 12.83 [INFO] Downloaded from central: https://repo.maven.apache.org/maven2/org/apache/maven/resolver/maven-resolver-api/1.4.1/maven-resolver-api-1.4.1.pom (2.6 kB at 64 kB/s)
#13 12.83 [INFO] Downloading from central: https://repo.maven.apache.org/maven2/org/apache/maven/resolver/maven-resolver/1.4.1/maven-resolver-1.4.1.pom
#13 12.89 [INFO] Downloaded from central: https://repo.maven.apache.org/maven2/org/apache/maven/resolver/maven-resolver/1.4.1/maven-resolver-1.4.1.pom (18 kB at 330 kB/s)
#13 12.89 [INFO] Downloading from central: https://repo.maven.apache.org/maven2/org/apache/maven/maven-parent/33/maven-parent-33.pom
#13 12.95 [INFO] Downloaded from central: https://repo.maven.apache.org/maven2/org/apache/maven/maven-parent/33/maven-parent-33.pom (44 kB at 803 kB/s)
#13 12.95 [INFO] Downloading from central: https://repo.maven.apache.org/maven2/org/codehaus/plexus/plexus-archiver/4.10.0/plexus-archiver-4.10.0.pom
#13 12.99 [INFO] Downloaded from central: https://repo.maven.apache.org/maven2/org/codehaus/plexus/plexus-archiver/4.10.0/plexus-archiver-4.10.0.pom (5.8 kB at 162 kB/s)
#13 12.99 [INFO] Downloading from central: https://repo.maven.apache.org/maven2/org/codehaus/plexus/plexus-io/3.5.0/plexus-io-3.5.0.pom
#13 13.03 [INFO] Downloaded from central: https://repo.maven.apache.org/maven2/org/codehaus/plexus/plexus-io/3.5.0/plexus-io-3.5.0.pom (4.3 kB at 109 kB/s)
#13 13.04 [INFO] Downloading from central: https://repo.maven.apache.org/maven2/commons-io/commons-io/2.16.1/commons-io-2.16.1.pom
#13 13.09 [INFO] Downloaded from central: https://repo.maven.apache.org/maven2/commons-io/commons-io/2.16.1/commons-io-2.16.1.pom (20 kB at 392 kB/s)
#13 13.09 [INFO] Downloading from central: https://repo.maven.apache.org/maven2/org/apache/commons/commons-compress/1.26.2/commons-compress-1.26.2.pom
#13 13.13 [INFO] Downloaded from central: https://repo.maven.apache.org/maven2/org/apache/commons/commons-compress/1.26.2/commons-compress-1.26.2.pom (23 kB at 604 kB/s)
#13 13.13 [INFO] Downloading from central: https://repo.maven.apache.org/maven2/commons-codec/commons-codec/1.17.0/commons-codec-1.17.0.pom
#13 20.03 [INFO] Downloaded from central: https://repo.maven.apache.org/maven2/commons-codec/commons-codec/1.17.0/commons-codec-1.17.0.pom (18 kB at 2.6 kB/s)
#13 20.03 [INFO] Downloading from central: https://repo.maven.apache.org/maven2/io/airlift/aircompressor/0.27/aircompressor-0.27.pom
#13 20.08 [INFO] Downloaded from central: https://repo.maven.apache.org/maven2/io/airlift/aircompressor/0.27/aircompressor-0.27.pom (5.8 kB at 117 kB/s)
#13 20.08 [INFO] Downloading from central: https://repo.maven.apache.org/maven2/io/airlift/airbase/112/airbase-112.pom
#13 20.12 [INFO] Downloaded from central: https://repo.maven.apache.org/maven2/io/airlift/airbase/112/airbase-112.pom (69 kB at 1.8 MB/s)
#13 12.77 [INFO] Downloading from central: https://repo.maven.apache.org/maven2/org/junit/junit-bom/5.8.0-M1/junit-bom-5.8.0-M1.pom
#13 12.81 [INFO] Downloaded from central: https://repo.maven.apache.org/maven2/org/junit/junit-bom/5.8.0-M1/junit-bom-5.8.0-M1.pom (5.7 kB at 150 kB/s)
#13 12.81 [INFO] Downloading from central: https://repo.maven.apache.org/maven2/com/github/luben/zstd-jni/1.5.6-3/zstd-jni-1.5.6-3.pom
#13 12.85 [INFO] Downloaded from central: https://repo.maven.apache.org/maven2/com/github/luben/zstd-jni/1.5.6-3/zstd-jni-1.5.6-3.pom (2.0 kB at 54 kB/s)
#13 12.85 [INFO] Downloading from central: https://repo.maven.apache.org/maven2/org/codehaus/plexus/plexus-io/3.5.1/plexus-io-3.5.1.pom
#13 12.89 [INFO] Downloaded from central: https://repo.maven.apache.org/maven2/org/codehaus/plexus/plexus-io/3.5.1/plexus-io-3.5.1.pom (4.3 kB at 124 kB/s)
#13 12.89 [INFO] Downloading from central: https://repo.maven.apache.org/maven2/org/apache/maven/shared/maven-dependency-analyzer/1.15.0/maven-dependency-analyzer-1.15.0.pom
#13 12.93 [INFO] Downloaded from central: https://repo.maven.apache.org/maven2/org/apache/maven/shared/maven-dependency-analyzer/1.15.0/maven-dependency-analyzer-1.15.0.pom (32 kB at 802 kB/s)
#13 12.93 [INFO] Downloading from central: https://repo.maven.apache.org/maven2/org/ow2/asm/asm/9.7/asm-9.7.pom
#13 12.97 [INFO] Downloaded from central: https://repo.maven.apache.org/maven2/org/ow2/asm/asm/9.7/asm-9.7.pom (2.4 kB at 61 kB/s)
#13 12.98 [INFO] Downloading from central: https://repo.maven.apache.org/maven2/org/apache/maven/shared/maven-dependency-tree/3.3.0/maven-dependency-tree-3.3.0.pom
#13 13.01 [INFO] Downloaded from central: https://repo.maven.apache.org/maven2/org/apache/maven/shared/maven-dependency-tree/3.3.0/maven-dependency-tree-3.3.0.pom (7.0 kB at 189 kB/s)
#13 13.01 [INFO] Downloading from central: https://repo.maven.apache.org/maven2/org/apache/maven/shared/maven-shared-components/42/maven-shared-components-42.pom
#13 13.06 [INFO] Downloaded from central: https://repo.maven.apache.org/maven2/org/apache/maven/shared/maven-shared-components/42/maven-shared-components-42.pom (3.8 kB at 86 kB/s)
#13 13.06 [INFO] Downloading from central: https://repo.maven.apache.org/maven2/org/apache/maven/resolver/maven-resolver-util/1.4.1/maven-resolver-util-1.4.1.pom
#13 13.11 [INFO] Downloaded from central: https://repo.maven.apache.org/maven2/org/apache/maven/resolver/maven-resolver-util/1.4.1/maven-resolver-util-1.4.1.pom (2.8 kB at 58 kB/s)
#13 13.12 [INFO] Downloading from central: https://repo.maven.apache.org/maven2/org/apache/maven/shared/maven-common-artifact-filters/3.4.0/maven-common-artifact-filters-3.4.0.pom
#13 13.16 [INFO] Downloaded from central: https://repo.maven.apache.org/maven2/org/apache/maven/shared/maven-common-artifact-filters/3.4.0/maven-common-artifact-filters-3.4.0.pom (5.4 kB at 134 kB/s)
#13 13.16 [INFO] Downloading from central: https://repo.maven.apache.org/maven2/org/apache/maven/shared/maven-artifact-transfer/0.13.1/maven-artifact-transfer-0.13.1.pom
#13 13.20 [INFO] Downloaded from central: https://repo.maven.apache.org/maven2/org/apache/maven/shared/maven-artifact-transfer/0.13.1/maven-artifact-transfer-0.13.1.pom (11 kB at 304 kB/s)
#13 13.20 [INFO] Downloading from central: https://repo.maven.apache.org/maven2/org/apache/maven/shared/maven-shared-components/34/maven-shared-components-34.pom
#13 13.24 [INFO] Downloaded from central: https://repo.maven.apache.org/maven2/org/apache/maven/shared/maven-shared-components/34/maven-shared-components-34.pom (5.1 kB at 127 kB/s)
#13 13.25 [INFO] Downloading from central: https://repo.maven.apache.org/maven2/org/codehaus/plexus/plexus-component-annotations/2.0.0/plexus-component-annotations-2.0.0.pom
#13 13.28 [INFO] Downloaded from central: https://repo.maven.apache.org/maven2/org/codehaus/plexus/plexus-component-annotations/2.0.0/plexus-component-annotations-2.0.0.pom (750 B at 22 kB/s)
#13 13.28 [INFO] Downloading from central: https://repo.maven.apache.org/maven2/org/codehaus/plexus/plexus-containers/2.0.0/plexus-containers-2.0.0.pom
#13 13.32 [INFO] Downloaded from central: https://repo.maven.apache.org/maven2/org/codehaus/plexus/plexus-containers/2.0.0/plexus-containers-2.0.0.pom (4.8 kB at 117 kB/s)
#13 13.33 [INFO] Downloading from central: https://repo.maven.apache.org/maven2/org/apache/maven/shared/maven-common-artifact-filters/3.1.0/maven-common-artifact-filters-3.1.0.pom
#13 13.37 [INFO] Downloaded from central: https://repo.maven.apache.org/maven2/org/apache/maven/shared/maven-common-artifact-filters/3.1.0/maven-common-artifact-filters-3.1.0.pom (5.3 kB at 126 kB/s)
#13 13.37 [INFO] Downloading from central: https://repo.maven.apache.org/maven2/org/apache/maven/shared/maven-shared-components/33/maven-shared-components-33.pom
#13 13.41 [INFO] Downloaded from central: https://repo.maven.apache.org/maven2/org/apache/maven/shared/maven-shared-components/33/maven-shared-components-33.pom (5.1 kB at 134 kB/s)
#13 13.41 [INFO] Downloading from central: https://repo.maven.apache.org/maven2/org/apache/maven/maven-model/3.0/maven-model-3.0.pom
#13 13.45 [INFO] Downloaded from central: https://repo.maven.apache.org/maven2/org/apache/maven/maven-model/3.0/maven-model-3.0.pom (3.9 kB at 111 kB/s)
#13 13.45 [INFO] Downloading from central: https://repo.maven.apache.org/maven2/org/apache/maven/maven/3.0/maven-3.0.pom
#13 13.49 [INFO] Downloaded from central: https://repo.maven.apache.org/maven2/org/apache/maven/maven/3.0/maven-3.0.pom (22 kB at 509 kB/s)
#13 13.50 [INFO] Downloading from central: https://repo.maven.apache.org/maven2/org/apache/maven/maven-parent/15/maven-parent-15.pom
#13 13.53 [INFO] Downloaded from central: https://repo.maven.apache.org/maven2/org/apache/maven/maven-parent/15/maven-parent-15.pom (24 kB at 632 kB/s)
#13 13.54 [INFO] Downloading from central: https://repo.maven.apache.org/maven2/org/apache/apache/6/apache-6.pom
#13 13.57 [INFO] Downloaded from central: https://repo.maven.apache.org/maven2/org/apache/apache/6/apache-6.pom (13 kB at 337 kB/s)
#13 13.58 [INFO] Downloading from central: https://repo.maven.apache.org/maven2/org/apache/maven/maven-plugin-api/3.0/maven-plugin-api-3.0.pom
#13 13.62 [INFO] Downloaded from central: https://repo.maven.apache.org/maven2/org/apache/maven/maven-plugin-api/3.0/maven-plugin-api-3.0.pom (2.3 kB at 59 kB/s)
#13 13.62 [INFO] Downloading from central: https://repo.maven.apache.org/maven2/org/sonatype/sisu/sisu-inject-plexus/1.4.2/sisu-inject-plexus-1.4.2.pom
#13 13.66 [INFO] Downloaded from central: https://repo.maven.apache.org/maven2/org/sonatype/sisu/sisu-inject-plexus/1.4.2/sisu-inject-plexus-1.4.2.pom (5.4 kB at 122 kB/s)
#13 13.67 [INFO] Downloading from central: https://repo.maven.apache.org/maven2/org/sonatype/sisu/inject/guice-plexus/1.4.2/guice-plexus-1.4.2.pom
#13 13.70 [INFO] Downloaded from central: https://repo.maven.apache.org/maven2/org/sonatype/sisu/inject/guice-plexus/1.4.2/guice-plexus-1.4.2.pom (3.1 kB at 85 kB/s)
#13 13.70 [INFO] Downloading from central: https://repo.maven.apache.org/maven2/org/sonatype/sisu/inject/guice-bean/1.4.2/guice-bean-1.4.2.pom
#13 13.74 [INFO] Downloaded from central: https://repo.maven.apache.org/maven2/org/sonatype/sisu/inject/guice-bean/1.4.2/guice-bean-1.4.2.pom (2.6 kB at 70 kB/s)
#13 13.74 [INFO] Downloading from central: https://repo.maven.apache.org/maven2/org/sonatype/sisu/sisu-inject/1.4.2/sisu-inject-1.4.2.pom
#13 13.78 [INFO] Downloaded from central: https://repo.maven.apache.org/maven2/org/sonatype/sisu/sisu-inject/1.4.2/sisu-inject-1.4.2.pom (1.2 kB at 35 kB/s)
#13 13.78 [INFO] Downloading from central: https://repo.maven.apache.org/maven2/org/sonatype/sisu/sisu-parent/1.4.2/sisu-parent-1.4.2.pom
#13 13.82 [INFO] Downloaded from central: https://repo.maven.apache.org/maven2/org/sonatype/sisu/sisu-parent/1.4.2/sisu-parent-1.4.2.pom (7.8 kB at 194 kB/s)
#13 13.82 [INFO] Downloading from central: https://repo.maven.apache.org/maven2/org/sonatype/forge/forge-parent/6/forge-parent-6.pom
#13 13.88 [INFO] Downloaded from central: https://repo.maven.apache.org/maven2/org/sonatype/forge/forge-parent/6/forge-parent-6.pom (11 kB at 199 kB/s)
#13 13.88 [INFO] Downloading from central: https://repo.maven.apache.org/maven2/org/codehaus/plexus/plexus-component-annotations/1.5.4/plexus-component-annotations-1.5.4.pom
#13 13.94 [INFO] Downloaded from central: https://repo.maven.apache.org/maven2/org/codehaus/plexus/plexus-component-annotations/1.5.4/plexus-component-annotations-1.5.4.pom (815 B at 15 kB/s)
#13 13.94 [INFO] Downloading from central: https://repo.maven.apache.org/maven2/org/codehaus/plexus/plexus-containers/1.5.4/plexus-containers-1.5.4.pom
#13 13.97 [INFO] Downloaded from central: https://repo.maven.apache.org/maven2/org/codehaus/plexus/plexus-containers/1.5.4/plexus-containers-1.5.4.pom (4.2 kB at 121 kB/s)
#13 13.98 [INFO] Downloading from central: https://repo.maven.apache.org/maven2/org/codehaus/plexus/plexus/2.0.5/plexus-2.0.5.pom
#13 14.01 [INFO] Downloaded from central: https://repo.maven.apache.org/maven2/org/codehaus/plexus/plexus/2.0.5/plexus-2.0.5.pom (17 kB at 526 kB/s)
#13 14.01 [INFO] Downloading from central: https://repo.maven.apache.org/maven2/org/codehaus/plexus/plexus-classworlds/2.2.3/plexus-classworlds-2.2.3.pom
#13 14.05 [INFO] Downloaded from central: https://repo.maven.apache.org/maven2/org/codehaus/plexus/plexus-classworlds/2.2.3/plexus-classworlds-2.2.3.pom (4.0 kB at 114 kB/s)
#13 14.05 [INFO] Downloading from central: https://repo.maven.apache.org/maven2/org/codehaus/plexus/plexus/2.0.6/plexus-2.0.6.pom
#13 14.09 [INFO] Downloaded from central: https://repo.maven.apache.org/maven2/org/codehaus/plexus/plexus/2.0.6/plexus-2.0.6.pom (17 kB at 390 kB/s)
#13 14.10 [INFO] Downloading from central: https://repo.maven.apache.org/maven2/org/sonatype/sisu/sisu-inject-bean/1.4.2/sisu-inject-bean-1.4.2.pom
#13 14.13 [INFO] Downloaded from central: https://repo.maven.apache.org/maven2/org/sonatype/sisu/sisu-inject-bean/1.4.2/sisu-inject-bean-1.4.2.pom (5.5 kB at 140 kB/s)
#13 14.14 [INFO] Downloading from central: https://repo.maven.apache.org/maven2/org/sonatype/sisu/sisu-guice/2.1.7/sisu-guice-2.1.7.pom
#13 14.18 [INFO] Downloaded from central: https://repo.maven.apache.org/maven2/org/sonatype/sisu/sisu-guice/2.1.7/sisu-guice-2.1.7.pom (11 kB at 263 kB/s)
#13 14.18 [INFO] Downloading from central: https://repo.maven.apache.org/maven2/org/apache/maven/shared/maven-shared-utils/3.1.0/maven-shared-utils-3.1.0.pom
#13 14.22 [INFO] Downloaded from central: https://repo.maven.apache.org/maven2/org/apache/maven/shared/maven-shared-utils/3.1.0/maven-shared-utils-3.1.0.pom (5.0 kB at 138 kB/s)
#13 14.22 [INFO] Downloading from central: https://repo.maven.apache.org/maven2/org/apache/maven/shared/maven-shared-components/30/maven-shared-components-30.pom
#13 14.27 [INFO] Downloaded from central: https://repo.maven.apache.org/maven2/org/apache/maven/shared/maven-shared-components/30/maven-shared-components-30.pom (4.6 kB at 94 kB/s)
#13 14.28 [INFO] Downloading from central: https://repo.maven.apache.org/maven2/org/apache/maven/maven-parent/30/maven-parent-30.pom
#13 14.31 [INFO] Downloaded from central: https://repo.maven.apache.org/maven2/org/apache/maven/maven-parent/30/maven-parent-30.pom (41 kB at 1.1 MB/s)
#13 14.32 [INFO] Downloading from central: https://repo.maven.apache.org/maven2/org/apache/apache/18/apache-18.pom
#13 14.46 [INFO] Downloaded from central: https://repo.maven.apache.org/maven2/org/apache/apache/18/apache-18.pom (16 kB at 107 kB/s)
#13 14.47 [INFO] Downloading from central: https://repo.maven.apache.org/maven2/commons-io/commons-io/2.5/commons-io-2.5.pom
#13 14.51 [INFO] Downloaded from central: https://repo.maven.apache.org/maven2/commons-io/commons-io/2.5/commons-io-2.5.pom (13 kB at 302 kB/s)
#13 14.52 [INFO] Downloading from central: https://repo.maven.apache.org/maven2/org/slf4j/slf4j-api/1.7.5/slf4j-api-1.7.5.pom
#13 14.55 [INFO] Downloaded from central: https://repo.maven.apache.org/maven2/org/slf4j/slf4j-api/1.7.5/slf4j-api-1.7.5.pom (2.7 kB at 73 kB/s)
#13 14.56 [INFO] Downloading from central: https://repo.maven.apache.org/maven2/org/slf4j/slf4j-parent/1.7.5/slf4j-parent-1.7.5.pom
#13 14.62 [INFO] Downloaded from central: https://repo.maven.apache.org/maven2/org/slf4j/slf4j-parent/1.7.5/slf4j-parent-1.7.5.pom (12 kB at 184 kB/s)
#13 14.62 [INFO] Downloading from central: https://repo.maven.apache.org/maven2/org/sonatype/plexus/plexus-build-api/0.0.7/plexus-build-api-0.0.7.pom
#13 14.67 [INFO] Downloaded from central: https://repo.maven.apache.org/maven2/org/sonatype/plexus/plexus-build-api/0.0.7/plexus-build-api-0.0.7.pom (3.2 kB at 70 kB/s)
#13 14.67 [INFO] Downloading from central: https://repo.maven.apache.org/maven2/org/sonatype/spice/spice-parent/15/spice-parent-15.pom
#13 14.71 [INFO] Downloaded from central: https://repo.maven.apache.org/maven2/org/sonatype/spice/spice-parent/15/spice-parent-15.pom (8.4 kB at 220 kB/s)
#13 14.71 [INFO] Downloading from central: https://repo.maven.apache.org/maven2/org/sonatype/forge/forge-parent/5/forge-parent-5.pom
#13 14.75 [INFO] Downloaded from central: https://repo.maven.apache.org/maven2/org/sonatype/forge/forge-parent/5/forge-parent-5.pom (8.4 kB at 220 kB/s)
#13 14.76 [INFO] Downloading from central: https://repo.maven.apache.org/maven2/org/apache/maven/doxia/doxia-sink-api/2.0.0/doxia-sink-api-2.0.0.jar
#13 14.80 [INFO] Downloaded from central: https://repo.maven.apache.org/maven2/org/apache/maven/doxia/doxia-sink-api/2.0.0/doxia-sink-api-2.0.0.jar (11 kB at 298 kB/s)
#13 14.80 [INFO] Downloading from central: https://repo.maven.apache.org/maven2/org/apache/maven/reporting/maven-reporting-api/4.0.0/maven-reporting-api-4.0.0.jar
#13 14.80 [INFO] Downloading from central: https://repo.maven.apache.org/maven2/org/apache/maven/reporting/maven-reporting-impl/4.0.0/maven-reporting-impl-4.0.0.jar
#13 14.80 [INFO] Downloading from central: https://repo.maven.apache.org/maven2/org/apache/maven/doxia/doxia-site-model/2.0.0/doxia-site-model-2.0.0.jar
#13 14.80 [INFO] Downloading from central: https://repo.maven.apache.org/maven2/org/apache/maven/doxia/doxia-core/2.0.0/doxia-core-2.0.0.jar
#13 14.80 [INFO] Downloading from central: https://repo.maven.apache.org/maven2/org/apache/commons/commons-text/1.12.0/commons-text-1.12.0.jar
#13 14.87 [INFO] Downloaded from central: https://repo.maven.apache.org/maven2/org/apache/maven/reporting/maven-reporting-api/4.0.0/maven-reporting-api-4.0.0.jar (9.8 kB at 141 kB/s)
#13 14.87 [INFO] Downloading from central: https://repo.maven.apache.org/maven2/org/apache/maven/doxia/doxia-integration-tools/2.0.0/doxia-integration-tools-2.0.0.jar
#13 14.90 [INFO] Downloaded from central: https://repo.maven.apache.org/maven2/org/apache/maven/doxia/doxia-site-model/2.0.0/doxia-site-model-2.0.0.jar (86 kB at 868 kB/s)
#13 14.90 [INFO] Downloading from central: https://repo.maven.apache.org/maven2/org/codehaus/plexus/plexus-interpolation/1.27/plexus-interpolation-1.27.jar
#13 14.91 [INFO] Downloaded from central: https://repo.maven.apache.org/maven2/org/apache/maven/doxia/doxia-core/2.0.0/doxia-core-2.0.0.jar (168 kB at 1.5 MB/s)
#13 14.91 [INFO] Downloading from central: https://repo.maven.apache.org/maven2/org/apache/maven/doxia/doxia-site-renderer/2.0.0/doxia-site-renderer-2.0.0.jar
#13 14.92 [INFO] Downloaded from central: https://repo.maven.apache.org/maven2/org/apache/maven/doxia/doxia-integration-tools/2.0.0/doxia-integration-tools-2.0.0.jar (50 kB at 451 kB/s)
#13 14.92 [INFO] Downloading from central: https://repo.maven.apache.org/maven2/org/apache/maven/doxia/doxia-skin-model/2.0.0/doxia-skin-model-2.0.0.jar
#13 14.93 [INFO] Downloaded from central: https://repo.maven.apache.org/maven2/org/apache/commons/commons-text/1.12.0/commons-text-1.12.0.jar (251 kB at 2.0 MB/s)
#13 14.93 [INFO] Downloading from central: https://repo.maven.apache.org/maven2/org/apache/maven/doxia/doxia-module-xhtml5/2.0.0/doxia-module-xhtml5-2.0.0.jar
#13 14.95 [INFO] Downloaded from central: https://repo.maven.apache.org/maven2/org/apache/maven/doxia/doxia-skin-model/2.0.0/doxia-skin-model-2.0.0.jar (16 kB at 112 kB/s)
#13 14.95 [INFO] Downloading from central: https://repo.maven.apache.org/maven2/org/codehaus/plexus/plexus-velocity/2.2.0/plexus-velocity-2.2.0.jar
#13 14.96 [INFO] Downloaded from central: https://repo.maven.apache.org/maven2/org/apache/maven/doxia/doxia-site-renderer/2.0.0/doxia-site-renderer-2.0.0.jar (44 kB at 287 kB/s)
#13 14.96 [INFO] Downloading from central: https://repo.maven.apache.org/maven2/org/apache/velocity/velocity-engine-core/2.4/velocity-engine-core-2.4.jar
#13 14.96 [INFO] Downloaded from central: https://repo.maven.apache.org/maven2/org/codehaus/plexus/plexus-interpolation/1.27/plexus-interpolation-1.27.jar (86 kB at 547 kB/s)
#13 14.96 [INFO] Downloading from central: https://repo.maven.apache.org/maven2/org/apache/velocity/tools/velocity-tools-generic/3.1/velocity-tools-generic-3.1.jar
#13 14.96 [INFO] Downloaded from central: https://repo.maven.apache.org/maven2/org/apache/maven/reporting/maven-reporting-impl/4.0.0/maven-reporting-impl-4.0.0.jar (21 kB at 132 kB/s)
#13 14.96 [INFO] Downloading from central: https://repo.maven.apache.org/maven2/commons-beanutils/commons-beanutils/1.9.4/commons-beanutils-1.9.4.jar
#13 14.97 [INFO] Downloaded from central: https://repo.maven.apache.org/maven2/org/apache/maven/doxia/doxia-module-xhtml5/2.0.0/doxia-module-xhtml5-2.0.0.jar (17 kB at 105 kB/s)
#13 14.97 [INFO] Downloading from central: https://repo.maven.apache.org/maven2/commons-logging/commons-logging/1.2/commons-logging-1.2.jar
#13 14.99 [INFO] Downloaded from central: https://repo.maven.apache.org/maven2/org/codehaus/plexus/plexus-velocity/2.2.0/plexus-velocity-2.2.0.jar (5.7 kB at 31 kB/s)
#13 14.99 [INFO] Downloading from central: https://repo.maven.apache.org/maven2/commons-collections/commons-collections/3.2.2/commons-collections-3.2.2.jar
#13 15.01 [INFO] Downloaded from central: https://repo.maven.apache.org/maven2/commons-logging/commons-logging/1.2/commons-logging-1.2.jar (62 kB at 296 kB/s)
#13 15.01 [INFO] Downloading from central: https://repo.maven.apache.org/maven2/org/apache/commons/commons-digester3/3.2/commons-digester3-3.2.jar
#13 15.05 [INFO] Downloaded from central: https://repo.maven.apache.org/maven2/commons-beanutils/commons-beanutils/1.9.4/commons-beanutils-1.9.4.jar (247 kB at 1.0 MB/s)
#13 15.05 [INFO] Downloading from central: https://repo.maven.apache.org/maven2/com/github/cliftonlabs/json-simple/3.0.2/json-simple-3.0.2.jar
#13 15.05 [INFO] Downloaded from central: https://repo.maven.apache.org/maven2/org/apache/velocity/tools/velocity-tools-generic/3.1/velocity-tools-generic-3.1.jar (217 kB at 882 kB/s)
#13 15.05 [INFO] Downloading from central: https://repo.maven.apache.org/maven2/org/apache/maven/doxia/doxia-module-apt/2.0.0/doxia-module-apt-2.0.0.jar
#13 15.06 [INFO] Downloaded from central: https://repo.maven.apache.org/maven2/commons-collections/commons-collections/3.2.2/commons-collections-3.2.2.jar (588 kB at 2.3 MB/s)
#13 15.06 [INFO] Downloading from central: https://repo.maven.apache.org/maven2/org/apache/maven/doxia/doxia-module-xdoc/2.0.0/doxia-module-xdoc-2.0.0.jar
#13 15.07 [INFO] Downloaded from central: https://repo.maven.apache.org/maven2/org/apache/velocity/velocity-engine-core/2.4/velocity-engine-core-2.4.jar (510 kB at 1.9 MB/s)
#13 15.07 [INFO] Downloading from central: https://repo.maven.apache.org/maven2/org/apache/maven/maven-archiver/3.6.2/maven-archiver-3.6.2.jar
#13 15.07 [INFO] Downloaded from central: https://repo.maven.apache.org/maven2/org/apache/commons/commons-digester3/3.2/commons-digester3-3.2.jar (242 kB at 915 kB/s)
#13 15.07 [INFO] Downloading from central: https://repo.maven.apache.org/maven2/org/apache/maven/resolver/maven-resolver-api/1.4.1/maven-resolver-api-1.4.1.jar
#13 15.10 [INFO] Downloaded from central: https://repo.maven.apache.org/maven2/org/apache/maven/doxia/doxia-module-xdoc/2.0.0/doxia-module-xdoc-2.0.0.jar (35 kB at 121 kB/s)
#13 15.10 [INFO] Downloading from central: https://repo.maven.apache.org/maven2/org/eclipse/sisu/org.eclipse.sisu.plexus/0.9.0.M3/org.eclipse.sisu.plexus-0.9.0.M3.jar
#13 15.11 [INFO] Downloaded from central: https://repo.maven.apache.org/maven2/com/github/cliftonlabs/json-simple/3.0.2/json-simple-3.0.2.jar (35 kB at 116 kB/s)
#13 15.11 [INFO] Downloading from central: https://repo.maven.apache.org/maven2/org/eclipse/sisu/org.eclipse.sisu.inject/0.9.0.M3/org.eclipse.sisu.inject-0.9.0.M3.jar
#13 15.11 [INFO] Downloaded from central: https://repo.maven.apache.org/maven2/org/apache/maven/maven-archiver/3.6.2/maven-archiver-3.6.2.jar (27 kB at 89 kB/s)
#13 15.11 [INFO] Downloading from central: https://repo.maven.apache.org/maven2/org/codehaus/plexus/plexus-classworlds/2.6.0/plexus-classworlds-2.6.0.jar
#13 15.11 [INFO] Downloaded from central: https://repo.maven.apache.org/maven2/org/apache/maven/doxia/doxia-module-apt/2.0.0/doxia-module-apt-2.0.0.jar (54 kB at 174 kB/s)
#13 15.11 [INFO] Downloading from central: https://repo.maven.apache.org/maven2/org/codehaus/plexus/plexus-archiver/4.10.0/plexus-archiver-4.10.0.jar
#13 15.13 [INFO] Downloaded from central: https://repo.maven.apache.org/maven2/org/apache/maven/resolver/maven-resolver-api/1.4.1/maven-resolver-api-1.4.1.jar (149 kB at 464 kB/s)
#13 15.13 [INFO] Downloading from central: https://repo.maven.apache.org/maven2/javax/inject/javax.inject/1/javax.inject-1.jar
#13 15.15 [INFO] Downloaded from central: https://repo.maven.apache.org/maven2/org/eclipse/sisu/org.eclipse.sisu.plexus/0.9.0.M3/org.eclipse.sisu.plexus-0.9.0.M3.jar (216 kB at 631 kB/s)
#13 15.15 [INFO] Downloading from central: https://repo.maven.apache.org/maven2/commons-io/commons-io/2.16.1/commons-io-2.16.1.jar
#13 15.17 [INFO] Downloaded from central: https://repo.maven.apache.org/maven2/org/codehaus/plexus/plexus-archiver/4.10.0/plexus-archiver-4.10.0.jar (225 kB at 619 kB/s)
#13 15.17 [INFO] Downloading from central: https://repo.maven.apache.org/maven2/org/apache/commons/commons-compress/1.26.2/commons-compress-1.26.2.jar
#13 15.17 [INFO] Downloaded from central: https://repo.maven.apache.org/maven2/javax/inject/javax.inject/1/javax.inject-1.jar (2.5 kB at 6.9 kB/s)
#13 15.17 [INFO] Downloading from central: https://repo.maven.apache.org/maven2/commons-codec/commons-codec/1.17.0/commons-codec-1.17.0.jar
#13 15.18 [INFO] Downloaded from central: https://repo.maven.apache.org/maven2/org/codehaus/plexus/plexus-classworlds/2.6.0/plexus-classworlds-2.6.0.jar (53 kB at 142 kB/s)
#13 15.18 [INFO] Downloading from central: https://repo.maven.apache.org/maven2/io/airlift/aircompressor/0.27/aircompressor-0.27.jar
#13 15.18 [INFO] Downloaded from central: https://repo.maven.apache.org/maven2/org/eclipse/sisu/org.eclipse.sisu.inject/0.9.0.M3/org.eclipse.sisu.inject-0.9.0.M3.jar (434 kB at 1.2 MB/s)
#13 15.18 [INFO] Downloading from central: https://repo.maven.apache.org/maven2/org/tukaani/xz/1.9/xz-1.9.jar
#13 15.23 [INFO] Downloaded from central: https://repo.maven.apache.org/maven2/commons-codec/commons-codec/1.17.0/commons-codec-1.17.0.jar (373 kB at 871 kB/s)
#13 15.23 [INFO] Downloading from central: https://repo.maven.apache.org/maven2/com/github/luben/zstd-jni/1.5.6-3/zstd-jni-1.5.6-3.jar
#13 15.24 [INFO] Downloaded from central: https://repo.maven.apache.org/maven2/commons-io/commons-io/2.16.1/commons-io-2.16.1.jar (509 kB at 1.2 MB/s)
#13 15.24 [INFO] Downloading from central: https://repo.maven.apache.org/maven2/org/apache/commons/commons-lang3/3.17.0/commons-lang3-3.17.0.jar
#13 15.24 [INFO] Downloaded from central: https://repo.maven.apache.org/maven2/org/tukaani/xz/1.9/xz-1.9.jar (116 kB at 269 kB/s)
#13 15.24 [INFO] Downloading from central: https://repo.maven.apache.org/maven2/org/codehaus/plexus/plexus-utils/4.0.1/plexus-utils-4.0.1.jar
#13 15.24 [INFO] Downloaded from central: https://repo.maven.apache.org/maven2/io/airlift/aircompressor/0.27/aircompressor-0.27.jar (255 kB at 583 kB/s)
#13 15.24 [INFO] Downloading from central: https://repo.maven.apache.org/maven2/org/codehaus/plexus/plexus-xml/3.0.1/plexus-xml-3.0.1.jar
#13 15.28 [INFO] Downloaded from central: https://repo.maven.apache.org/maven2/org/apache/commons/commons-compress/1.26.2/commons-compress-1.26.2.jar (1.1 MB at 2.3 MB/s)
#13 15.28 [INFO] Downloading from central: https://repo.maven.apache.org/maven2/org/codehaus/plexus/plexus-io/3.5.1/plexus-io-3.5.1.jar
#13 15.31 [INFO] Downloaded from central: https://repo.maven.apache.org/maven2/org/codehaus/plexus/plexus-utils/4.0.1/plexus-utils-4.0.1.jar (193 kB at 383 kB/s)
#13 15.31 [INFO] Downloading from central: https://repo.maven.apache.org/maven2/org/codehaus/plexus/plexus-i18n/1.0-beta-10/plexus-i18n-1.0-beta-10.jar
#13 15.32 [INFO] Downloaded from central: https://repo.maven.apache.org/maven2/org/codehaus/plexus/plexus-xml/3.0.1/plexus-xml-3.0.1.jar (94 kB at 184 kB/s)
#13 15.32 [INFO] Downloading from central: https://repo.maven.apache.org/maven2/org/apache/maven/shared/maven-dependency-analyzer/1.15.0/maven-dependency-analyzer-1.15.0.jar
#13 15.33 [INFO] Downloaded from central: https://repo.maven.apache.org/maven2/org/codehaus/plexus/plexus-io/3.5.1/plexus-io-3.5.1.jar (80 kB at 153 kB/s)
#13 15.33 [INFO] Downloading from central: https://repo.maven.apache.org/maven2/org/ow2/asm/asm/9.7/asm-9.7.jar
#13 15.34 [INFO] Downloaded from central: https://repo.maven.apache.org/maven2/org/apache/commons/commons-lang3/3.17.0/commons-lang3-3.17.0.jar (674 kB at 1.3 MB/s)
#13 15.34 [INFO] Downloading from central: https://repo.maven.apache.org/maven2/org/apache/maven/shared/maven-dependency-tree/3.3.0/maven-dependency-tree-3.3.0.jar
#13 15.37 [INFO] Downloaded from central: https://repo.maven.apache.org/maven2/org/codehaus/plexus/plexus-i18n/1.0-beta-10/plexus-i18n-1.0-beta-10.jar (12 kB at 21 kB/s)
#13 15.37 [INFO] Downloading from central: https://repo.maven.apache.org/maven2/org/apache/maven/shared/maven-common-artifact-filters/3.4.0/maven-common-artifact-filters-3.4.0.jar
#13 15.37 [INFO] Downloaded from central: https://repo.maven.apache.org/maven2/org/apache/maven/shared/maven-dependency-analyzer/1.15.0/maven-dependency-analyzer-1.15.0.jar (45 kB at 80 kB/s)
#13 15.37 [INFO] Downloading from central: https://repo.maven.apache.org/maven2/org/apache/maven/shared/maven-artifact-transfer/0.13.1/maven-artifact-transfer-0.13.1.jar
#13 15.39 [INFO] Downloaded from central: https://repo.maven.apache.org/maven2/org/ow2/asm/asm/9.7/asm-9.7.jar (125 kB at 215 kB/s)
#13 15.39 [INFO] Downloading from central: https://repo.maven.apache.org/maven2/org/codehaus/plexus/plexus-component-annotations/2.0.0/plexus-component-annotations-2.0.0.jar
#13 15.40 [INFO] Downloaded from central: https://repo.maven.apache.org/maven2/org/apache/maven/shared/maven-dependency-tree/3.3.0/maven-dependency-tree-3.3.0.jar (43 kB at 72 kB/s)
#13 15.40 [INFO] Downloading from central: https://repo.maven.apache.org/maven2/org/apache/maven/shared/maven-shared-utils/3.4.2/maven-shared-utils-3.4.2.jar
#13 15.45 [INFO] Downloaded from central: https://repo.maven.apache.org/maven2/org/apache/maven/shared/maven-common-artifact-filters/3.4.0/maven-common-artifact-filters-3.4.0.jar (58 kB at 91 kB/s)
#13 15.45 [INFO] Downloading from central: https://repo.maven.apache.org/maven2/org/apache/maven/resolver/maven-resolver-util/1.4.1/maven-resolver-util-1.4.1.jar
#13 15.46 [INFO] Downloaded from central: https://repo.maven.apache.org/maven2/org/codehaus/plexus/plexus-component-annotations/2.0.0/plexus-component-annotations-2.0.0.jar (4.2 kB at 6.5 kB/s)
#13 15.46 [INFO] Downloading from central: https://repo.maven.apache.org/maven2/org/sonatype/plexus/plexus-build-api/0.0.7/plexus-build-api-0.0.7.jar
#13 15.46 [INFO] Downloaded from central: https://repo.maven.apache.org/maven2/org/apache/maven/shared/maven-shared-utils/3.4.2/maven-shared-utils-3.4.2.jar (151 kB at 231 kB/s)
#13 15.46 [INFO] Downloading from central: https://repo.maven.apache.org/maven2/org/slf4j/slf4j-api/1.7.36/slf4j-api-1.7.36.jar
#13 15.46 [INFO] Downloaded from central: https://repo.maven.apache.org/maven2/org/apache/maven/shared/maven-artifact-transfer/0.13.1/maven-artifact-transfer-0.13.1.jar (159 kB at 242 kB/s)
#13 15.51 [INFO] Downloaded from central: https://repo.maven.apache.org/maven2/org/sonatype/plexus/plexus-build-api/0.0.7/plexus-build-api-0.0.7.jar (8.5 kB at 12 kB/s)
#13 15.51 [INFO] Downloaded from central: https://repo.maven.apache.org/maven2/org/slf4j/slf4j-api/1.7.36/slf4j-api-1.7.36.jar (41 kB at 58 kB/s)
#13 15.52 [INFO] Downloaded from central: https://repo.maven.apache.org/maven2/org/apache/maven/resolver/maven-resolver-util/1.4.1/maven-resolver-util-1.4.1.jar (168 kB at 235 kB/s)
#13 15.75 [INFO] Downloaded from central: https://repo.maven.apache.org/maven2/com/github/luben/zstd-jni/1.5.6-3/zstd-jni-1.5.6-3.jar (6.7 MB at 7.1 MB/s)
#13 16.02 [INFO] Downloading from central: https://repo.maven.apache.org/maven2/org/codehaus/plexus/plexus-interpolation/1.26/plexus-interpolation-1.26.pom
#13 16.06 [INFO] Downloaded from central: https://repo.maven.apache.org/maven2/org/codehaus/plexus/plexus-interpolation/1.26/plexus-interpolation-1.26.pom (2.7 kB at 68 kB/s)
#13 16.07 [INFO] Downloading from central: https://repo.maven.apache.org/maven2/org/codehaus/plexus/plexus-utils/3.5.1/plexus-utils-3.5.1.pom
#13 16.11 [INFO] Downloaded from central: https://repo.maven.apache.org/maven2/org/codehaus/plexus/plexus-utils/3.5.1/plexus-utils-3.5.1.pom (8.8 kB at 209 kB/s)
#13 16.11 [INFO] Downloading from central: https://repo.maven.apache.org/maven2/org/codehaus/plexus/plexus/10/plexus-10.pom
#13 16.15 [INFO] Downloaded from central: https://repo.maven.apache.org/maven2/org/codehaus/plexus/plexus/10/plexus-10.pom (25 kB at 651 kB/s)
#13 16.15 [INFO] Downloading from central: https://repo.maven.apache.org/maven2/org/apache/maven/shared/maven-filtering/3.3.1/maven-filtering-3.3.1.pom
#13 16.19 [INFO] Downloaded from central: https://repo.maven.apache.org/maven2/org/apache/maven/shared/maven-filtering/3.3.1/maven-filtering-3.3.1.pom (6.0 kB at 151 kB/s)
#13 16.20 [INFO] Downloading from central: https://repo.maven.apache.org/maven2/org/codehaus/plexus/plexus-utils/3.5.0/plexus-utils-3.5.0.pom
#13 16.23 [INFO] Downloaded from central: https://repo.maven.apache.org/maven2/org/codehaus/plexus/plexus-utils/3.5.0/plexus-utils-3.5.0.pom (8.0 kB at 229 kB/s)
#13 16.24 [INFO] Downloading from central: https://repo.maven.apache.org/maven2/org/apache/commons/commons-lang3/3.12.0/commons-lang3-3.12.0.pom
#13 16.28 [INFO] Downloaded from central: https://repo.maven.apache.org/maven2/org/apache/commons/commons-lang3/3.12.0/commons-lang3-3.12.0.pom (31 kB at 786 kB/s)
#13 16.28 [INFO] Downloading from central: https://repo.maven.apache.org/maven2/org/junit/junit-bom/5.7.1/junit-bom-5.7.1.pom
#13 16.31 [INFO] Downloaded from central: https://repo.maven.apache.org/maven2/org/junit/junit-bom/5.7.1/junit-bom-5.7.1.pom (5.1 kB at 146 kB/s)
#13 16.32 [INFO] Downloading from central: https://repo.maven.apache.org/maven2/org/codehaus/plexus/plexus-interpolation/1.26/plexus-interpolation-1.26.jar
#13 16.37 [INFO] Downloaded from central: https://repo.maven.apache.org/maven2/org/codehaus/plexus/plexus-interpolation/1.26/plexus-interpolation-1.26.jar (85 kB at 1.9 MB/s)
#13 16.37 [INFO] Downloading from central: https://repo.maven.apache.org/maven2/org/codehaus/plexus/plexus-utils/3.5.1/plexus-utils-3.5.1.jar
#13 16.37 [INFO] Downloading from central: https://repo.maven.apache.org/maven2/org/apache/maven/shared/maven-filtering/3.3.1/maven-filtering-3.3.1.jar
#13 16.37 [INFO] Downloading from central: https://repo.maven.apache.org/maven2/commons-io/commons-io/2.11.0/commons-io-2.11.0.jar
#13 16.37 [INFO] Downloading from central: https://repo.maven.apache.org/maven2/org/apache/commons/commons-lang3/3.12.0/commons-lang3-3.12.0.jar
#13 16.41 [INFO] Downloaded from central: https://repo.maven.apache.org/maven2/org/codehaus/plexus/plexus-utils/3.5.1/plexus-utils-3.5.1.jar (269 kB at 5.7 MB/s)
#13 16.42 [INFO] Downloaded from central: https://repo.maven.apache.org/maven2/org/apache/maven/shared/maven-filtering/3.3.1/maven-filtering-3.3.1.jar (55 kB at 1000 kB/s)
#13 16.44 [INFO] Downloaded from central: https://repo.maven.apache.org/maven2/commons-io/commons-io/2.11.0/commons-io-2.11.0.jar (327 kB at 4.5 MB/s)
#13 16.46 [INFO] Downloaded from central: https://repo.maven.apache.org/maven2/org/apache/commons/commons-lang3/3.12.0/commons-lang3-3.12.0.jar (587 kB at 6.4 MB/s)
#13 16.47 [INFO] Downloading from central: https://repo.maven.apache.org/maven2/org/apache/maven/resolver/maven-resolver-util/1.9.22/maven-resolver-util-1.9.22.pom
#13 16.51 [INFO] Downloaded from central: https://repo.maven.apache.org/maven2/org/apache/maven/resolver/maven-resolver-util/1.9.22/maven-resolver-util-1.9.22.pom (2.2 kB at 56 kB/s)
#13 16.51 [INFO] Downloading from central: https://repo.maven.apache.org/maven2/org/apache/maven/resolver/maven-resolver/1.9.22/maven-resolver-1.9.22.pom
#13 16.55 [INFO] Downloaded from central: https://repo.maven.apache.org/maven2/org/apache/maven/resolver/maven-resolver/1.9.22/maven-resolver-1.9.22.pom (23 kB at 602 kB/s)
#13 16.55 [INFO] Downloading from central: https://repo.maven.apache.org/maven2/org/apache/maven/resolver/maven-resolver-api/1.9.22/maven-resolver-api-1.9.22.pom
#13 16.60 [INFO] Downloaded from central: https://repo.maven.apache.org/maven2/org/apache/maven/resolver/maven-resolver-api/1.9.22/maven-resolver-api-1.9.22.pom (2.2 kB at 48 kB/s)
#13 16.61 [INFO] Downloading from central: https://repo.maven.apache.org/maven2/org/apache/maven/resolver/maven-resolver-util/1.9.22/maven-resolver-util-1.9.22.jar
#13 16.67 [INFO] Downloaded from central: https://repo.maven.apache.org/maven2/org/apache/maven/resolver/maven-resolver-util/1.9.22/maven-resolver-util-1.9.22.jar (196 kB at 3.4 MB/s)
#13 16.67 [INFO] Downloading from central: https://repo.maven.apache.org/maven2/org/apache/maven/resolver/maven-resolver-api/1.9.22/maven-resolver-api-1.9.22.jar
#13 16.73 [INFO] Downloaded from central: https://repo.maven.apache.org/maven2/org/apache/maven/resolver/maven-resolver-api/1.9.22/maven-resolver-api-1.9.22.jar (157 kB at 2.3 MB/s)
#13 16.74 [INFO] Downloading from central: https://repo.maven.apache.org/maven2/org/apache/maven/shared/file-management/3.1.0/file-management-3.1.0.pom
#13 16.78 [INFO] Downloaded from central: https://repo.maven.apache.org/maven2/org/apache/maven/shared/file-management/3.1.0/file-management-3.1.0.pom (4.5 kB at 118 kB/s)
#13 16.78 [INFO] Downloading from central: https://repo.maven.apache.org/maven2/org/apache/maven/shared/maven-shared-components/36/maven-shared-components-36.pom
#13 16.82 [INFO] Downloaded from central: https://repo.maven.apache.org/maven2/org/apache/maven/shared/maven-shared-components/36/maven-shared-components-36.pom (4.9 kB at 129 kB/s)
#13 16.83 [INFO] Downloading from central: https://repo.maven.apache.org/maven2/org/apache/maven/shared/file-management/3.1.0/file-management-3.1.0.jar
#13 16.86 [INFO] Downloaded from central: https://repo.maven.apache.org/maven2/org/apache/maven/shared/file-management/3.1.0/file-management-3.1.0.jar (36 kB at 982 kB/s)
#13 16.86 [INFO] Downloading from central: https://repo.maven.apache.org/maven2/org/codehaus/plexus/plexus-archiver/4.9.2/plexus-archiver-4.9.2.jar
#13 16.86 [INFO] Downloading from central: https://repo.maven.apache.org/maven2/org/codehaus/plexus/plexus-io/3.4.2/plexus-io-3.4.2.jar
#13 16.86 [INFO] Downloading from central: https://repo.maven.apache.org/maven2/org/apache/commons/commons-compress/1.26.1/commons-compress-1.26.1.jar
#13 16.86 [INFO] Downloading from central: https://repo.maven.apache.org/maven2/org/apache/commons/commons-lang3/3.14.0/commons-lang3-3.14.0.jar
#13 16.86 [INFO] Downloading from central: https://repo.maven.apache.org/maven2/commons-codec/commons-codec/1.16.1/commons-codec-1.16.1.jar
#13 16.95 [INFO] Downloaded from central: https://repo.maven.apache.org/maven2/commons-codec/commons-codec/1.16.1/commons-codec-1.16.1.jar (365 kB at 4.4 MB/s)
#13 16.95 [INFO] Downloading from central: https://repo.maven.apache.org/maven2/org/iq80/snappy/snappy/0.4/snappy-0.4.jar
#13 16.95 [INFO] Downloaded from central: https://repo.maven.apache.org/maven2/org/codehaus/plexus/plexus-io/3.4.2/plexus-io-3.4.2.jar (79 kB at 908 kB/s)
#13 16.95 [INFO] Downloading from central: https://repo.maven.apache.org/maven2/com/github/luben/zstd-jni/1.5.5-11/zstd-jni-1.5.5-11.jar
#13 16.95 [INFO] Downloaded from central: https://repo.maven.apache.org/maven2/org/apache/commons/commons-lang3/3.14.0/commons-lang3-3.14.0.jar (658 kB at 7.6 MB/s)
#13 16.96 [INFO] Downloaded from central: https://repo.maven.apache.org/maven2/org/codehaus/plexus/plexus-archiver/4.9.2/plexus-archiver-4.9.2.jar (225 kB at 2.4 MB/s)
#13 16.97 [INFO] Downloaded from central: https://repo.maven.apache.org/maven2/org/apache/commons/commons-compress/1.26.1/commons-compress-1.26.1.jar (1.1 MB at 9.9 MB/s)
#13 16.99 [INFO] Downloaded from central: https://repo.maven.apache.org/maven2/org/iq80/snappy/snappy/0.4/snappy-0.4.jar (58 kB at 464 kB/s)
#13 17.51 [INFO] Downloaded from central: https://repo.maven.apache.org/maven2/com/github/luben/zstd-jni/1.5.5-11/zstd-jni-1.5.5-11.jar (6.8 MB at 10 MB/s)
#13 17.52 [INFO] Downloading from central: https://repo.maven.apache.org/maven2/org/codehaus/plexus/plexus-utils/3.0.24/plexus-utils-3.0.24.pom
#13 17.56 [INFO] Downloaded from central: https://repo.maven.apache.org/maven2/org/codehaus/plexus/plexus-utils/3.0.24/plexus-utils-3.0.24.pom (4.1 kB at 115 kB/s)
#13 17.56 [INFO] Downloading from central: https://repo.maven.apache.org/maven2/org/codehaus/plexus/plexus/4.0/plexus-4.0.pom
#13 17.59 [INFO] Downloaded from central: https://repo.maven.apache.org/maven2/org/codehaus/plexus/plexus/4.0/plexus-4.0.pom (22 kB at 597 kB/s)
#13 17.60 [INFO] Downloading from central: https://repo.maven.apache.org/maven2/org/sonatype/forge/forge-parent/10/forge-parent-10.pom
#13 17.63 [INFO] Downloaded from central: https://repo.maven.apache.org/maven2/org/sonatype/forge/forge-parent/10/forge-parent-10.pom (14 kB at 377 kB/s)
#13 17.64 [INFO] Downloading from central: https://repo.maven.apache.org/maven2/org/apache/maven/shared/file-management/1.2.1/file-management-1.2.1.pom
#13 17.68 [INFO] Downloaded from central: https://repo.maven.apache.org/maven2/org/apache/maven/shared/file-management/1.2.1/file-management-1.2.1.pom (3.9 kB at 95 kB/s)
#13 17.68 [INFO] Downloading from central: https://repo.maven.apache.org/maven2/org/apache/maven/shared/maven-shared-components/10/maven-shared-components-10.pom
#13 17.72 [INFO] Downloaded from central: https://repo.maven.apache.org/maven2/org/apache/maven/shared/maven-shared-components/10/maven-shared-components-10.pom (8.4 kB at 192 kB/s)
#13 17.73 [INFO] Downloading from central: https://repo.maven.apache.org/maven2/org/apache/maven/maven-parent/9/maven-parent-9.pom
#13 17.76 [INFO] Downloaded from central: https://repo.maven.apache.org/maven2/org/apache/maven/maven-parent/9/maven-parent-9.pom (33 kB at 864 kB/s)
#13 17.77 [INFO] Downloading from central: https://repo.maven.apache.org/maven2/org/apache/maven/maven-plugin-api/2.0.6/maven-plugin-api-2.0.6.pom
#13 17.80 [INFO] Downloaded from central: https://repo.maven.apache.org/maven2/org/apache/maven/maven-plugin-api/2.0.6/maven-plugin-api-2.0.6.pom (1.5 kB at 38 kB/s)
#13 17.81 [INFO] Downloading from central: https://repo.maven.apache.org/maven2/org/apache/maven/maven/2.0.6/maven-2.0.6.pom
#13 17.85 [INFO] Downloaded from central: https://repo.maven.apache.org/maven2/org/apache/maven/maven/2.0.6/maven-2.0.6.pom (9.0 kB at 210 kB/s)
#13 17.85 [INFO] Downloading from central: https://repo.maven.apache.org/maven2/org/apache/maven/maven-parent/5/maven-parent-5.pom
#13 17.89 [INFO] Downloaded from central: https://repo.maven.apache.org/maven2/org/apache/maven/maven-parent/5/maven-parent-5.pom (15 kB at 363 kB/s)
#13 17.90 [INFO] Downloading from central: https://repo.maven.apache.org/maven2/org/apache/apache/3/apache-3.pom
#13 17.94 [INFO] Downloaded from central: https://repo.maven.apache.org/maven2/org/apache/apache/3/apache-3.pom (3.4 kB at 71 kB/s)
#13 17.95 [INFO] Downloading from central: https://repo.maven.apache.org/maven2/org/apache/maven/shared/maven-shared-io/1.1/maven-shared-io-1.1.pom
#13 17.99 [INFO] Downloaded from central: https://repo.maven.apache.org/maven2/org/apache/maven/shared/maven-shared-io/1.1/maven-shared-io-1.1.pom (4.1 kB at 104 kB/s)
#13 17.99 [INFO] Downloading from central: https://repo.maven.apache.org/maven2/org/apache/maven/shared/maven-shared-components/8/maven-shared-components-8.pom
#13 18.03 [INFO] Downloaded from central: https://repo.maven.apache.org/maven2/org/apache/maven/shared/maven-shared-components/8/maven-shared-components-8.pom (2.7 kB at 67 kB/s)
#13 18.03 [INFO] Downloading from central: https://repo.maven.apache.org/maven2/org/apache/maven/maven-parent/7/maven-parent-7.pom
#13 18.07 [INFO] Downloaded from central: https://repo.maven.apache.org/maven2/org/apache/maven/maven-parent/7/maven-parent-7.pom (21 kB at 494 kB/s)
#13 18.08 [INFO] Downloading from central: https://repo.maven.apache.org/maven2/org/apache/maven/maven-artifact/2.0.2/maven-artifact-2.0.2.pom
#13 18.11 [INFO] Downloaded from central: https://repo.maven.apache.org/maven2/org/apache/maven/maven-artifact/2.0.2/maven-artifact-2.0.2.pom (765 B at 21 kB/s)
#13 18.11 [INFO] Downloading from central: https://repo.maven.apache.org/maven2/org/apache/maven/maven/2.0.2/maven-2.0.2.pom
#13 18.16 [INFO] Downloaded from central: https://repo.maven.apache.org/maven2/org/apache/maven/maven/2.0.2/maven-2.0.2.pom (13 kB at 293 kB/s)
#13 18.16 [INFO] Downloading from central: https://repo.maven.apache.org/maven2/org/codehaus/plexus/plexus-utils/1.1/plexus-utils-1.1.pom
#13 25.06 [INFO] Downloaded from central: https://repo.maven.apache.org/maven2/org/codehaus/plexus/plexus-utils/1.1/plexus-utils-1.1.pom (767 B at 111 B/s)
#13 25.06 [INFO] Downloading from central: https://repo.maven.apache.org/maven2/org/codehaus/plexus/plexus/1.0.4/plexus-1.0.4.pom
#13 25.10 [INFO] Downloaded from central: https://repo.maven.apache.org/maven2/org/codehaus/plexus/plexus/1.0.4/plexus-1.0.4.pom (5.7 kB at 140 kB/s)
#13 25.10 [INFO] Downloading from central: https://repo.maven.apache.org/maven2/org/apache/maven/maven-artifact-manager/2.0.2/maven-artifact-manager-2.0.2.pom
#13 17.79 [INFO] Downloaded from central: https://repo.maven.apache.org/maven2/org/apache/maven/maven-artifact-manager/2.0.2/maven-artifact-manager-2.0.2.pom (1.4 kB)
#13 17.79 [INFO] Downloading from central: https://repo.maven.apache.org/maven2/org/apache/maven/maven-repository-metadata/2.0.2/maven-repository-metadata-2.0.2.pom
#13 17.83 [INFO] Downloaded from central: https://repo.maven.apache.org/maven2/org/apache/maven/maven-repository-metadata/2.0.2/maven-repository-metadata-2.0.2.pom (1.3 kB at 32 kB/s)
#13 17.83 [INFO] Downloading from central: https://repo.maven.apache.org/maven2/org/codehaus/plexus/plexus-container-default/1.0-alpha-9/plexus-container-default-1.0-alpha-9.pom
#13 17.88 [INFO] Downloaded from central: https://repo.maven.apache.org/maven2/org/codehaus/plexus/plexus-container-default/1.0-alpha-9/plexus-container-default-1.0-alpha-9.pom (1.2 kB at 28 kB/s)
#13 17.88 [INFO] Downloading from central: https://repo.maven.apache.org/maven2/org/codehaus/plexus/plexus-containers/1.0.3/plexus-containers-1.0.3.pom
#13 17.92 [INFO] Downloaded from central: https://repo.maven.apache.org/maven2/org/codehaus/plexus/plexus-containers/1.0.3/plexus-containers-1.0.3.pom (492 B at 14 kB/s)
#13 17.92 [INFO] Downloading from central: https://repo.maven.apache.org/maven2/junit/junit/4.13.1/junit-4.13.1.pom
#13 17.96 [INFO] Downloaded from central: https://repo.maven.apache.org/maven2/junit/junit/4.13.1/junit-4.13.1.pom (25 kB at 627 kB/s)
#13 17.96 [INFO] Downloading from central: https://repo.maven.apache.org/maven2/org/hamcrest/hamcrest-core/1.3/hamcrest-core-1.3.pom
#13 18.00 [INFO] Downloaded from central: https://repo.maven.apache.org/maven2/org/hamcrest/hamcrest-core/1.3/hamcrest-core-1.3.pom (766 B at 18 kB/s)
#13 18.00 [INFO] Downloading from central: https://repo.maven.apache.org/maven2/org/hamcrest/hamcrest-parent/1.3/hamcrest-parent-1.3.pom
#13 18.05 [INFO] Downloaded from central: https://repo.maven.apache.org/maven2/org/hamcrest/hamcrest-parent/1.3/hamcrest-parent-1.3.pom (2.0 kB at 48 kB/s)
#13 18.05 [INFO] Downloading from central: https://repo.maven.apache.org/maven2/org/codehaus/plexus/plexus-utils/1.0.4/plexus-utils-1.0.4.pom
#13 18.09 [INFO] Downloaded from central: https://repo.maven.apache.org/maven2/org/codehaus/plexus/plexus-utils/1.0.4/plexus-utils-1.0.4.pom (6.9 kB at 176 kB/s)
#13 18.09 [INFO] Downloading from central: https://repo.maven.apache.org/maven2/classworlds/classworlds/1.1-alpha-2/classworlds-1.1-alpha-2.pom
#13 18.13 [INFO] Downloaded from central: https://repo.maven.apache.org/maven2/classworlds/classworlds/1.1-alpha-2/classworlds-1.1-alpha-2.pom (3.1 kB at 80 kB/s)
#13 18.13 [INFO] Downloading from central: https://repo.maven.apache.org/maven2/org/apache/maven/wagon/wagon-provider-api/1.0-alpha-6/wagon-provider-api-1.0-alpha-6.pom
#13 18.17 [INFO] Downloaded from central: https://repo.maven.apache.org/maven2/org/apache/maven/wagon/wagon-provider-api/1.0-alpha-6/wagon-provider-api-1.0-alpha-6.pom (588 B at 15 kB/s)
#13 18.17 [INFO] Downloading from central: https://repo.maven.apache.org/maven2/org/apache/maven/wagon/wagon/1.0-alpha-6/wagon-1.0-alpha-6.pom
#13 18.21 [INFO] Downloaded from central: https://repo.maven.apache.org/maven2/org/apache/maven/wagon/wagon/1.0-alpha-6/wagon-1.0-alpha-6.pom (6.4 kB at 169 kB/s)
#13 18.21 [INFO] Downloading from central: https://repo.maven.apache.org/maven2/org/codehaus/plexus/plexus-utils/1.4.6/plexus-utils-1.4.6.pom
#13 18.25 [INFO] Downloaded from central: https://repo.maven.apache.org/maven2/org/codehaus/plexus/plexus-utils/1.4.6/plexus-utils-1.4.6.pom (2.3 kB at 65 kB/s)
#13 18.25 [INFO] Downloading from central: https://repo.maven.apache.org/maven2/org/codehaus/plexus/plexus/1.0.11/plexus-1.0.11.pom
#13 18.29 [INFO] Downloaded from central: https://repo.maven.apache.org/maven2/org/codehaus/plexus/plexus/1.0.11/plexus-1.0.11.pom (9.0 kB at 224 kB/s)
#13 18.30 [INFO] Downloading from central: https://repo.maven.apache.org/maven2/org/codehaus/plexus/plexus-utils/1.5.6/plexus-utils-1.5.6.pom
#13 18.33 [INFO] Downloaded from central: https://repo.maven.apache.org/maven2/org/codehaus/plexus/plexus-utils/1.5.6/plexus-utils-1.5.6.pom (5.3 kB at 151 kB/s)
#13 18.33 [INFO] Downloading from central: https://repo.maven.apache.org/maven2/org/codehaus/plexus/plexus/1.0.12/plexus-1.0.12.pom
#13 18.37 [INFO] Downloaded from central: https://repo.maven.apache.org/maven2/org/codehaus/plexus/plexus/1.0.12/plexus-1.0.12.pom (9.8 kB at 245 kB/s)
#13 18.38 [INFO] Downloading from central: https://repo.maven.apache.org/maven2/org/apache/maven/reporting/maven-reporting-api/3.0/maven-reporting-api-3.0.pom
#13 18.41 [INFO] Downloaded from central: https://repo.maven.apache.org/maven2/org/apache/maven/reporting/maven-reporting-api/3.0/maven-reporting-api-3.0.pom (2.4 kB at 62 kB/s)
#13 18.42 [INFO] Downloading from central: https://repo.maven.apache.org/maven2/org/apache/maven/shared/maven-shared-components/15/maven-shared-components-15.pom
#13 18.46 [INFO] Downloaded from central: https://repo.maven.apache.org/maven2/org/apache/maven/shared/maven-shared-components/15/maven-shared-components-15.pom (9.3 kB at 222 kB/s)
#13 18.47 [INFO] Downloading from central: https://repo.maven.apache.org/maven2/org/apache/maven/maven-parent/16/maven-parent-16.pom
#13 18.51 [INFO] Downloaded from central: https://repo.maven.apache.org/maven2/org/apache/maven/maven-parent/16/maven-parent-16.pom (23 kB at 582 kB/s)
#13 18.51 [INFO] Downloading from central: https://repo.maven.apache.org/maven2/org/apache/maven/doxia/doxia-sink-api/1.0/doxia-sink-api-1.0.pom
#13 18.57 [INFO] Downloaded from central: https://repo.maven.apache.org/maven2/org/apache/maven/doxia/doxia-sink-api/1.0/doxia-sink-api-1.0.pom (1.4 kB at 24 kB/s)
#13 18.57 [INFO] Downloading from central: https://repo.maven.apache.org/maven2/org/apache/maven/doxia/doxia/1.0/doxia-1.0.pom
#13 18.61 [INFO] Downloaded from central: https://repo.maven.apache.org/maven2/org/apache/maven/doxia/doxia/1.0/doxia-1.0.pom (9.6 kB at 261 kB/s)
#13 18.61 [INFO] Downloading from central: https://repo.maven.apache.org/maven2/org/apache/maven/maven-parent/10/maven-parent-10.pom
#13 18.64 [INFO] Downloaded from central: https://repo.maven.apache.org/maven2/org/apache/maven/maven-parent/10/maven-parent-10.pom (32 kB at 879 kB/s)
#13 18.65 [INFO] Downloading from central: https://repo.maven.apache.org/maven2/org/jacoco/org.jacoco.agent/0.8.10/org.jacoco.agent-0.8.10.pom
#13 18.69 [INFO] Downloaded from central: https://repo.maven.apache.org/maven2/org/jacoco/org.jacoco.agent/0.8.10/org.jacoco.agent-0.8.10.pom (3.5 kB at 92 kB/s)
#13 18.69 [INFO] Downloading from central: https://repo.maven.apache.org/maven2/org/jacoco/org.jacoco.core/0.8.10/org.jacoco.core-0.8.10.pom
#13 18.73 [INFO] Downloaded from central: https://repo.maven.apache.org/maven2/org/jacoco/org.jacoco.core/0.8.10/org.jacoco.core-0.8.10.pom (2.1 kB at 60 kB/s)
#13 18.73 [INFO] Downloading from central: https://repo.maven.apache.org/maven2/org/ow2/asm/asm/9.5/asm-9.5.pom
#13 18.78 [INFO] Downloaded from central: https://repo.maven.apache.org/maven2/org/ow2/asm/asm/9.5/asm-9.5.pom (2.4 kB at 52 kB/s)
#13 18.78 [INFO] Downloading from central: https://repo.maven.apache.org/maven2/org/ow2/asm/asm-commons/9.5/asm-commons-9.5.pom
#13 18.83 [INFO] Downloaded from central: https://repo.maven.apache.org/maven2/org/ow2/asm/asm-commons/9.5/asm-commons-9.5.pom (2.8 kB at 59 kB/s)
#13 18.83 [INFO] Downloading from central: https://repo.maven.apache.org/maven2/org/ow2/asm/asm-tree/9.5/asm-tree-9.5.pom
#13 18.86 [INFO] Downloaded from central: https://repo.maven.apache.org/maven2/org/ow2/asm/asm-tree/9.5/asm-tree-9.5.pom (2.6 kB at 72 kB/s)
#13 18.87 [INFO] Downloading from central: https://repo.maven.apache.org/maven2/org/jacoco/org.jacoco.report/0.8.10/org.jacoco.report-0.8.10.pom
#13 18.91 [INFO] Downloaded from central: https://repo.maven.apache.org/maven2/org/jacoco/org.jacoco.report/0.8.10/org.jacoco.report-0.8.10.pom (1.9 kB at 47 kB/s)
#13 18.91 [INFO] Downloading from central: https://repo.maven.apache.org/maven2/org/codehaus/plexus/plexus-utils/3.0.24/plexus-utils-3.0.24.jar
#13 18.97 [INFO] Downloaded from central: https://repo.maven.apache.org/maven2/org/codehaus/plexus/plexus-utils/3.0.24/plexus-utils-3.0.24.jar (247 kB at 4.1 MB/s)
#13 18.98 [INFO] Downloading from central: https://repo.maven.apache.org/maven2/org/apache/maven/shared/file-management/1.2.1/file-management-1.2.1.jar
#13 18.98 [INFO] Downloading from central: https://repo.maven.apache.org/maven2/org/apache/maven/maven-plugin-api/2.0.6/maven-plugin-api-2.0.6.jar
#13 18.98 [INFO] Downloading from central: https://repo.maven.apache.org/maven2/org/apache/maven/shared/maven-shared-io/1.1/maven-shared-io-1.1.jar
#13 18.98 [INFO] Downloading from central: https://repo.maven.apache.org/maven2/org/apache/maven/maven-artifact/2.0.2/maven-artifact-2.0.2.jar
#13 18.98 [INFO] Downloading from central: https://repo.maven.apache.org/maven2/org/apache/maven/maven-artifact-manager/2.0.2/maven-artifact-manager-2.0.2.jar
#13 19.01 [INFO] Downloaded from central: https://repo.maven.apache.org/maven2/org/apache/maven/shared/file-management/1.2.1/file-management-1.2.1.jar (38 kB at 1.0 MB/s)
#13 19.01 [INFO] Downloading from central: https://repo.maven.apache.org/maven2/org/apache/maven/maven-repository-metadata/2.0.2/maven-repository-metadata-2.0.2.jar
#13 19.02 [INFO] Downloaded from central: https://repo.maven.apache.org/maven2/org/apache/maven/maven-plugin-api/2.0.6/maven-plugin-api-2.0.6.jar (13 kB at 322 kB/s)
#13 19.02 [INFO] Downloading from central: https://repo.maven.apache.org/maven2/org/apache/maven/wagon/wagon-provider-api/1.0-alpha-6/wagon-provider-api-1.0-alpha-6.jar
#13 19.02 [INFO] Downloaded from central: https://repo.maven.apache.org/maven2/org/apache/maven/shared/maven-shared-io/1.1/maven-shared-io-1.1.jar (39 kB at 918 kB/s)
#13 19.02 [INFO] Downloading from central: https://repo.maven.apache.org/maven2/org/codehaus/plexus/plexus-container-default/1.0-alpha-9/plexus-container-default-1.0-alpha-9.jar
#13 19.02 [INFO] Downloaded from central: https://repo.maven.apache.org/maven2/org/apache/maven/maven-artifact/2.0.2/maven-artifact-2.0.2.jar (78 kB at 1.7 MB/s)
#13 19.02 [INFO] Downloading from central: https://repo.maven.apache.org/maven2/junit/junit/4.13.1/junit-4.13.1.jar
#13 19.03 [INFO] Downloaded from central: https://repo.maven.apache.org/maven2/org/apache/maven/maven-artifact-manager/2.0.2/maven-artifact-manager-2.0.2.jar (49 kB at 927 kB/s)
#13 19.03 [INFO] Downloading from central: https://repo.maven.apache.org/maven2/org/hamcrest/hamcrest-core/1.3/hamcrest-core-1.3.jar
#13 19.05 [INFO] Downloaded from central: https://repo.maven.apache.org/maven2/org/apache/maven/maven-repository-metadata/2.0.2/maven-repository-metadata-2.0.2.jar (20 kB at 270 kB/s)
#13 19.05 [INFO] Downloading from central: https://repo.maven.apache.org/maven2/classworlds/classworlds/1.1-alpha-2/classworlds-1.1-alpha-2.jar
#13 19.06 [INFO] Downloaded from central: https://repo.maven.apache.org/maven2/org/apache/maven/wagon/wagon-provider-api/1.0-alpha-6/wagon-provider-api-1.0-alpha-6.jar (43 kB at 527 kB/s)
#13 19.06 [INFO] Downloading from central: https://repo.maven.apache.org/maven2/org/apache/maven/reporting/maven-reporting-api/3.0/maven-reporting-api-3.0.jar
#13 19.08 [INFO] Downloaded from central: https://repo.maven.apache.org/maven2/org/hamcrest/hamcrest-core/1.3/hamcrest-core-1.3.jar (45 kB at 433 kB/s)
#13 19.08 [INFO] Downloaded from central: https://repo.maven.apache.org/maven2/org/codehaus/plexus/plexus-container-default/1.0-alpha-9/plexus-container-default-1.0-alpha-9.jar (195 kB at 1.9 MB/s)
#13 19.08 [INFO] Downloading from central: https://repo.maven.apache.org/maven2/org/apache/maven/doxia/doxia-sink-api/1.0/doxia-sink-api-1.0.jar
#13 19.08 [INFO] Downloading from central: https://repo.maven.apache.org/maven2/org/jacoco/org.jacoco.agent/0.8.10/org.jacoco.agent-0.8.10-runtime.jar
#13 19.08 [INFO] Downloaded from central: https://repo.maven.apache.org/maven2/junit/junit/4.13.1/junit-4.13.1.jar (383 kB at 3.6 MB/s)
#13 19.08 [INFO] Downloading from central: https://repo.maven.apache.org/maven2/org/jacoco/org.jacoco.core/0.8.10/org.jacoco.core-0.8.10.jar
#13 19.09 [INFO] Downloaded from central: https://repo.maven.apache.org/maven2/org/apache/maven/reporting/maven-reporting-api/3.0/maven-reporting-api-3.0.jar (11 kB at 94 kB/s)
#13 19.09 [INFO] Downloading from central: https://repo.maven.apache.org/maven2/org/ow2/asm/asm/9.5/asm-9.5.jar
#13 19.09 [INFO] Downloaded from central: https://repo.maven.apache.org/maven2/classworlds/classworlds/1.1-alpha-2/classworlds-1.1-alpha-2.jar (38 kB at 318 kB/s)
#13 19.09 [INFO] Downloading from central: https://repo.maven.apache.org/maven2/org/ow2/asm/asm-commons/9.5/asm-commons-9.5.jar
#13 19.12 [INFO] Downloaded from central: https://repo.maven.apache.org/maven2/org/apache/maven/doxia/doxia-sink-api/1.0/doxia-sink-api-1.0.jar (10 kB at 69 kB/s)
#13 19.12 [INFO] Downloading from central: https://repo.maven.apache.org/maven2/org/ow2/asm/asm-tree/9.5/asm-tree-9.5.jar
#13 19.15 [INFO] Downloaded from central: https://repo.maven.apache.org/maven2/org/ow2/asm/asm-commons/9.5/asm-commons-9.5.jar (72 kB at 420 kB/s)
#13 19.15 [INFO] Downloading from central: https://repo.maven.apache.org/maven2/org/jacoco/org.jacoco.report/0.8.10/org.jacoco.report-0.8.10.jar
#13 19.15 [INFO] Downloaded from central: https://repo.maven.apache.org/maven2/org/jacoco/org.jacoco.core/0.8.10/org.jacoco.core-0.8.10.jar (204 kB at 1.2 MB/s)
#13 19.15 [INFO] Downloaded from central: https://repo.maven.apache.org/maven2/org/jacoco/org.jacoco.agent/0.8.10/org.jacoco.agent-0.8.10-runtime.jar (299 kB at 1.7 MB/s)
#13 19.15 [INFO] Downloaded from central: https://repo.maven.apache.org/maven2/org/ow2/asm/asm/9.5/asm-9.5.jar (122 kB at 692 kB/s)
#13 19.17 [INFO] Downloaded from central: https://repo.maven.apache.org/maven2/org/ow2/asm/asm-tree/9.5/asm-tree-9.5.jar (52 kB at 269 kB/s)
#13 19.19 [INFO] Downloaded from central: https://repo.maven.apache.org/maven2/org/jacoco/org.jacoco.report/0.8.10/org.jacoco.report-0.8.10.jar (131 kB at 602 kB/s)
#13 19.20 [INFO] Downloading from central: https://repo.maven.apache.org/maven2/org/apache/maven/surefire/surefire-api/3.5.3/surefire-api-3.5.3.pom
#13 19.24 [INFO] Downloaded from central: https://repo.maven.apache.org/maven2/org/apache/maven/surefire/surefire-api/3.5.3/surefire-api-3.5.3.pom (3.7 kB at 97 kB/s)
#13 19.25 [INFO] Downloading from central: https://repo.maven.apache.org/maven2/org/apache/maven/surefire/surefire-logger-api/3.5.3/surefire-logger-api-3.5.3.pom
#13 19.29 [INFO] Downloaded from central: https://repo.maven.apache.org/maven2/org/apache/maven/surefire/surefire-logger-api/3.5.3/surefire-logger-api-3.5.3.pom (3.5 kB at 76 kB/s)
#13 19.29 [INFO] Downloading from central: https://repo.maven.apache.org/maven2/org/apache/maven/surefire/surefire-shared-utils/3.5.3/surefire-shared-utils-3.5.3.pom
#13 19.35 [INFO] Downloaded from central: https://repo.maven.apache.org/maven2/org/apache/maven/surefire/surefire-shared-utils/3.5.3/surefire-shared-utils-3.5.3.pom (4.0 kB at 67 kB/s)
#13 19.36 [INFO] Downloading from central: https://repo.maven.apache.org/maven2/org/apache/maven/surefire/surefire-extensions-api/3.5.3/surefire-extensions-api-3.5.3.pom
#13 19.39 [INFO] Downloaded from central: https://repo.maven.apache.org/maven2/org/apache/maven/surefire/surefire-extensions-api/3.5.3/surefire-extensions-api-3.5.3.pom (3.6 kB at 96 kB/s)
#13 19.40 [INFO] Downloading from central: https://repo.maven.apache.org/maven2/org/apache/maven/surefire/maven-surefire-common/3.5.3/maven-surefire-common-3.5.3.pom
#13 19.43 [INFO] Downloaded from central: https://repo.maven.apache.org/maven2/org/apache/maven/surefire/maven-surefire-common/3.5.3/maven-surefire-common-3.5.3.pom (7.8 kB at 218 kB/s)
#13 19.44 [INFO] Downloading from central: https://repo.maven.apache.org/maven2/org/apache/maven/surefire/surefire-booter/3.5.3/surefire-booter-3.5.3.pom
#13 19.48 [INFO] Downloaded from central: https://repo.maven.apache.org/maven2/org/apache/maven/surefire/surefire-booter/3.5.3/surefire-booter-3.5.3.pom (5.0 kB at 119 kB/s)
#13 19.49 [INFO] Downloading from central: https://repo.maven.apache.org/maven2/org/apache/maven/surefire/surefire-extensions-spi/3.5.3/surefire-extensions-spi-3.5.3.pom
#13 19.53 [INFO] Downloaded from central: https://repo.maven.apache.org/maven2/org/apache/maven/surefire/surefire-extensions-spi/3.5.3/surefire-extensions-spi-3.5.3.pom (1.7 kB at 36 kB/s)
#13 19.54 [INFO] Downloading from central: https://repo.maven.apache.org/maven2/org/codehaus/plexus/plexus-java/1.4.0/plexus-java-1.4.0.pom
#13 19.66 [INFO] Downloaded from central: https://repo.maven.apache.org/maven2/org/codehaus/plexus/plexus-java/1.4.0/plexus-java-1.4.0.pom (4.1 kB at 35 kB/s)
#13 19.66 [INFO] Downloading from central: https://repo.maven.apache.org/maven2/org/codehaus/plexus/plexus-languages/1.4.0/plexus-languages-1.4.0.pom
#13 19.70 [INFO] Downloaded from central: https://repo.maven.apache.org/maven2/org/codehaus/plexus/plexus-languages/1.4.0/plexus-languages-1.4.0.pom (3.9 kB at 102 kB/s)
#13 19.70 [INFO] Downloading from central: https://repo.maven.apache.org/maven2/org/codehaus/plexus/plexus/20/plexus-20.pom
#13 19.74 [INFO] Downloaded from central: https://repo.maven.apache.org/maven2/org/codehaus/plexus/plexus/20/plexus-20.pom (29 kB at 768 kB/s)
#13 19.74 [INFO] Downloading from central: https://repo.maven.apache.org/maven2/org/junit/junit-bom/5.11.4/junit-bom-5.11.4.pom
#13 19.78 [INFO] Downloaded from central: https://repo.maven.apache.org/maven2/org/junit/junit-bom/5.11.4/junit-bom-5.11.4.pom (5.6 kB at 145 kB/s)
#13 19.78 [INFO] Downloading from central: https://repo.maven.apache.org/maven2/org/ow2/asm/asm/9.7.1/asm-9.7.1.pom
#13 19.82 [INFO] Downloaded from central: https://repo.maven.apache.org/maven2/org/ow2/asm/asm/9.7.1/asm-9.7.1.pom (2.4 kB at 64 kB/s)
#13 19.82 [INFO] Downloading from central: https://repo.maven.apache.org/maven2/com/thoughtworks/qdox/qdox/2.2.0/qdox-2.2.0.pom
#13 19.86 [INFO] Downloaded from central: https://repo.maven.apache.org/maven2/com/thoughtworks/qdox/qdox/2.2.0/qdox-2.2.0.pom (18 kB at 453 kB/s)
#13 19.87 [INFO] Downloading from central: https://repo.maven.apache.org/maven2/org/apache/maven/surefire/surefire-api/3.5.3/surefire-api-3.5.3.jar
#13 19.94 [INFO] Downloaded from central: https://repo.maven.apache.org/maven2/org/apache/maven/surefire/surefire-api/3.5.3/surefire-api-3.5.3.jar (172 kB at 2.6 MB/s)
#13 19.94 [INFO] Downloading from central: https://repo.maven.apache.org/maven2/org/apache/maven/surefire/surefire-logger-api/3.5.3/surefire-logger-api-3.5.3.jar
#13 19.94 [INFO] Downloading from central: https://repo.maven.apache.org/maven2/org/apache/maven/surefire/surefire-shared-utils/3.5.3/surefire-shared-utils-3.5.3.jar
#13 19.94 [INFO] Downloading from central: https://repo.maven.apache.org/maven2/org/apache/maven/surefire/surefire-extensions-api/3.5.3/surefire-extensions-api-3.5.3.jar
#13 19.94 [INFO] Downloading from central: https://repo.maven.apache.org/maven2/org/apache/maven/surefire/maven-surefire-common/3.5.3/maven-surefire-common-3.5.3.jar
#13 19.94 [INFO] Downloading from central: https://repo.maven.apache.org/maven2/org/apache/maven/surefire/surefire-booter/3.5.3/surefire-booter-3.5.3.jar
#13 19.97 [INFO] Downloaded from central: https://repo.maven.apache.org/maven2/org/apache/maven/surefire/surefire-logger-api/3.5.3/surefire-logger-api-3.5.3.jar (14 kB at 367 kB/s)
#13 19.97 [INFO] Downloaded from central: https://repo.maven.apache.org/maven2/org/apache/maven/surefire/surefire-extensions-api/3.5.3/surefire-extensions-api-3.5.3.jar (26 kB at 721 kB/s)
#13 19.97 [INFO] Downloading from central: https://repo.maven.apache.org/maven2/org/apache/maven/surefire/surefire-extensions-spi/3.5.3/surefire-extensions-spi-3.5.3.jar
#13 19.97 [INFO] Downloading from central: https://repo.maven.apache.org/maven2/org/codehaus/plexus/plexus-java/1.4.0/plexus-java-1.4.0.jar
#13 19.99 [INFO] Downloaded from central: https://repo.maven.apache.org/maven2/org/apache/maven/surefire/surefire-booter/3.5.3/surefire-booter-3.5.3.jar (118 kB at 2.1 MB/s)
#13 19.99 [INFO] Downloading from central: https://repo.maven.apache.org/maven2/org/ow2/asm/asm/9.7.1/asm-9.7.1.jar
#13 19.99 [INFO] Downloaded from central: https://repo.maven.apache.org/maven2/org/apache/maven/surefire/maven-surefire-common/3.5.3/maven-surefire-common-3.5.3.jar (312 kB at 5.5 MB/s)
#13 19.99 [INFO] Downloading from central: https://repo.maven.apache.org/maven2/com/thoughtworks/qdox/qdox/2.2.0/qdox-2.2.0.jar
#13 20.06 [INFO] Downloaded from central: https://repo.maven.apache.org/maven2/org/apache/maven/surefire/surefire-extensions-spi/3.5.3/surefire-extensions-spi-3.5.3.jar (8.2 kB at 68 kB/s)
#13 20.06 [INFO] Downloaded from central: https://repo.maven.apache.org/maven2/com/thoughtworks/qdox/qdox/2.2.0/qdox-2.2.0.jar (353 kB at 2.8 MB/s)
#13 20.07 [INFO] Downloaded from central: https://repo.maven.apache.org/maven2/org/ow2/asm/asm/9.7.1/asm-9.7.1.jar (126 kB at 941 kB/s)
#13 20.08 [INFO] Downloaded from central: https://repo.maven.apache.org/maven2/org/codehaus/plexus/plexus-java/1.4.0/plexus-java-1.4.0.jar (57 kB at 401 kB/s)
#13 20.14 [INFO] Downloaded from central: https://repo.maven.apache.org/maven2/org/apache/maven/surefire/surefire-shared-utils/3.5.3/surefire-shared-utils-3.5.3.jar (2.9 MB at 14 MB/s)
#13 20.15 [INFO] Downloading from central: https://repo.maven.apache.org/maven2/org/springframework/boot/spring-boot-buildpack-platform/3.5.5/spring-boot-buildpack-platform-3.5.5.pom
#13 20.20 [INFO] Downloaded from central: https://repo.maven.apache.org/maven2/org/springframework/boot/spring-boot-buildpack-platform/3.5.5/spring-boot-buildpack-platform-3.5.5.pom (3.2 kB at 61 kB/s)
#13 20.21 [INFO] Downloading from central: https://repo.maven.apache.org/maven2/com/fasterxml/jackson/core/jackson-databind/2.19.2/jackson-databind-2.19.2.pom
#13 20.25 [INFO] Downloaded from central: https://repo.maven.apache.org/maven2/com/fasterxml/jackson/core/jackson-databind/2.19.2/jackson-databind-2.19.2.pom (23 kB at 526 kB/s)
#13 20.25 [INFO] Downloading from central: https://repo.maven.apache.org/maven2/com/fasterxml/jackson/jackson-base/2.19.2/jackson-base-2.19.2.pom
#13 20.29 [INFO] Downloaded from central: https://repo.maven.apache.org/maven2/com/fasterxml/jackson/jackson-base/2.19.2/jackson-base-2.19.2.pom (12 kB at 291 kB/s)
#13 20.30 [INFO] Downloading from central: https://repo.maven.apache.org/maven2/com/fasterxml/jackson/core/jackson-annotations/2.19.2/jackson-annotations-2.19.2.pom
#13 20.34 [INFO] Downloaded from central: https://repo.maven.apache.org/maven2/com/fasterxml/jackson/core/jackson-annotations/2.19.2/jackson-annotations-2.19.2.pom (6.9 kB at 168 kB/s)
#13 20.34 [INFO] Downloading from central: https://repo.maven.apache.org/maven2/com/fasterxml/jackson/core/jackson-core/2.19.2/jackson-core-2.19.2.pom
#13 20.38 [INFO] Downloaded from central: https://repo.maven.apache.org/maven2/com/fasterxml/jackson/core/jackson-core/2.19.2/jackson-core-2.19.2.pom (9.4 kB at 241 kB/s)
#13 20.38 [INFO] Downloading from central: https://repo.maven.apache.org/maven2/com/fasterxml/jackson/module/jackson-module-parameter-names/2.19.2/jackson-module-parameter-names-2.19.2.pom
#13 20.45 [INFO] Downloaded from central: https://repo.maven.apache.org/maven2/com/fasterxml/jackson/module/jackson-module-parameter-names/2.19.2/jackson-module-parameter-names-2.19.2.pom (4.4 kB at 62 kB/s)
#13 20.46 [INFO] Downloading from central: https://repo.maven.apache.org/maven2/com/fasterxml/jackson/module/jackson-modules-java8/2.19.2/jackson-modules-java8-2.19.2.pom
#13 20.50 [INFO] Downloaded from central: https://repo.maven.apache.org/maven2/com/fasterxml/jackson/module/jackson-modules-java8/2.19.2/jackson-modules-java8-2.19.2.pom (3.1 kB at 75 kB/s)
#13 20.50 [INFO] Downloading from central: https://repo.maven.apache.org/maven2/net/java/dev/jna/jna-platform/5.17.0/jna-platform-5.17.0.pom
#13 20.55 [INFO] Downloaded from central: https://repo.maven.apache.org/maven2/net/java/dev/jna/jna-platform/5.17.0/jna-platform-5.17.0.pom (2.3 kB at 49 kB/s)
#13 20.55 [INFO] Downloading from central: https://repo.maven.apache.org/maven2/net/java/dev/jna/jna/5.17.0/jna-5.17.0.pom
#13 20.59 [INFO] Downloaded from central: https://repo.maven.apache.org/maven2/net/java/dev/jna/jna/5.17.0/jna-5.17.0.pom (2.0 kB at 52 kB/s)
#13 20.59 [INFO] Downloading from central: https://repo.maven.apache.org/maven2/org/apache/commons/commons-compress/1.27.1/commons-compress-1.27.1.pom
#13 20.64 [INFO] Downloaded from central: https://repo.maven.apache.org/maven2/org/apache/commons/commons-compress/1.27.1/commons-compress-1.27.1.pom (23 kB at 480 kB/s)
#13 20.64 [INFO] Downloading from central: https://repo.maven.apache.org/maven2/org/apache/commons/commons-parent/72/commons-parent-72.pom
#13 20.68 [INFO] Downloaded from central: https://repo.maven.apache.org/maven2/org/apache/commons/commons-parent/72/commons-parent-72.pom (78 kB at 1.9 MB/s)
#13 20.69 [INFO] Downloading from central: https://repo.maven.apache.org/maven2/org/junit/junit-bom/5.11.0-M2/junit-bom-5.11.0-M2.pom
#13 20.74 [INFO] Downloaded from central: https://repo.maven.apache.org/maven2/org/junit/junit-bom/5.11.0-M2/junit-bom-5.11.0-M2.pom (5.7 kB at 112 kB/s)
#13 20.74 [INFO] Downloading from central: https://repo.maven.apache.org/maven2/commons-codec/commons-codec/1.17.1/commons-codec-1.17.1.pom
#13 20.79 [INFO] Downloaded from central: https://repo.maven.apache.org/maven2/commons-codec/commons-codec/1.17.1/commons-codec-1.17.1.pom (18 kB at 395 kB/s)
#13 20.79 [INFO] Downloading from central: https://repo.maven.apache.org/maven2/org/apache/commons/commons-parent/71/commons-parent-71.pom
#13 20.83 [INFO] Downloaded from central: https://repo.maven.apache.org/maven2/org/apache/commons/commons-parent/71/commons-parent-71.pom (78 kB at 1.8 MB/s)
#13 20.84 [INFO] Downloading from central: https://repo.maven.apache.org/maven2/org/apache/commons/commons-lang3/3.16.0/commons-lang3-3.16.0.pom
#13 20.88 [INFO] Downloaded from central: https://repo.maven.apache.org/maven2/org/apache/commons/commons-lang3/3.16.0/commons-lang3-3.16.0.pom (31 kB at 695 kB/s)
#13 20.89 [INFO] Downloading from central: https://repo.maven.apache.org/maven2/org/apache/httpcomponents/client5/httpclient5/5.5/httpclient5-5.5.pom
#13 20.93 [INFO] Downloaded from central: https://repo.maven.apache.org/maven2/org/apache/httpcomponents/client5/httpclient5/5.5/httpclient5-5.5.pom (6.1 kB at 135 kB/s)
#13 20.93 [INFO] Downloading from central: https://repo.maven.apache.org/maven2/org/apache/httpcomponents/client5/httpclient5-parent/5.5/httpclient5-parent-5.5.pom
#13 20.98 [INFO] Downloaded from central: https://repo.maven.apache.org/maven2/org/apache/httpcomponents/client5/httpclient5-parent/5.5/httpclient5-parent-5.5.pom (17 kB at 379 kB/s)
#13 20.98 [INFO] Downloading from central: https://repo.maven.apache.org/maven2/org/apache/httpcomponents/httpcomponents-parent/14/httpcomponents-parent-14.pom
#13 21.02 [INFO] Downloaded from central: https://repo.maven.apache.org/maven2/org/apache/httpcomponents/httpcomponents-parent/14/httpcomponents-parent-14.pom (30 kB at 723 kB/s)
#13 21.02 [INFO] Downloading from central: https://repo.maven.apache.org/maven2/org/apache/apache/27/apache-27.pom
#13 21.11 [INFO] Downloaded from central: https://repo.maven.apache.org/maven2/org/apache/apache/27/apache-27.pom (20 kB at 229 kB/s)
#13 21.12 [INFO] Downloading from central: https://repo.maven.apache.org/maven2/org/apache/httpcomponents/core5/httpcore5/5.3.4/httpcore5-5.3.4.pom
#13 21.23 [INFO] Downloaded from central: https://repo.maven.apache.org/maven2/org/apache/httpcomponents/core5/httpcore5/5.3.4/httpcore5-5.3.4.pom (3.9 kB at 36 kB/s)
#13 21.23 [INFO] Downloading from central: https://repo.maven.apache.org/maven2/org/apache/httpcomponents/core5/httpcore5-parent/5.3.4/httpcore5-parent-5.3.4.pom
#13 21.29 [INFO] Downloaded from central: https://repo.maven.apache.org/maven2/org/apache/httpcomponents/core5/httpcore5-parent/5.3.4/httpcore5-parent-5.3.4.pom (14 kB at 245 kB/s)
#13 21.29 [INFO] Downloading from central: https://repo.maven.apache.org/maven2/org/apache/httpcomponents/httpcomponents-parent/13/httpcomponents-parent-13.pom
#13 21.33 [INFO] Downloaded from central: https://repo.maven.apache.org/maven2/org/apache/httpcomponents/httpcomponents-parent/13/httpcomponents-parent-13.pom (30 kB at 755 kB/s)
#13 21.33 [INFO] Downloading from central: https://repo.maven.apache.org/maven2/org/apache/httpcomponents/core5/httpcore5-h2/5.3.4/httpcore5-h2-5.3.4.pom
#13 21.38 [INFO] Downloaded from central: https://repo.maven.apache.org/maven2/org/apache/httpcomponents/core5/httpcore5-h2/5.3.4/httpcore5-h2-5.3.4.pom (3.6 kB at 80 kB/s)
#13 21.38 [INFO] Downloading from central: https://repo.maven.apache.org/maven2/org/springframework/spring-core/6.2.10/spring-core-6.2.10.pom
#13 21.42 [INFO] Downloaded from central: https://repo.maven.apache.org/maven2/org/springframework/spring-core/6.2.10/spring-core-6.2.10.pom (2.0 kB at 51 kB/s)
#13 21.43 [INFO] Downloading from central: https://repo.maven.apache.org/maven2/org/springframework/spring-jcl/6.2.10/spring-jcl-6.2.10.pom
#13 21.47 [INFO] Downloaded from central: https://repo.maven.apache.org/maven2/org/springframework/spring-jcl/6.2.10/spring-jcl-6.2.10.pom (1.8 kB at 43 kB/s)
#13 21.47 [INFO] Downloading from central: https://repo.maven.apache.org/maven2/org/tomlj/tomlj/1.0.0/tomlj-1.0.0.pom
#13 21.51 [INFO] Downloaded from central: https://repo.maven.apache.org/maven2/org/tomlj/tomlj/1.0.0/tomlj-1.0.0.pom (2.8 kB at 67 kB/s)
#13 21.52 [INFO] Downloading from central: https://repo.maven.apache.org/maven2/org/antlr/antlr4-runtime/4.7.2/antlr4-runtime-4.7.2.pom
#13 21.57 [INFO] Downloaded from central: https://repo.maven.apache.org/maven2/org/antlr/antlr4-runtime/4.7.2/antlr4-runtime-4.7.2.pom (3.6 kB at 74 kB/s)
#13 21.57 [INFO] Downloading from central: https://repo.maven.apache.org/maven2/org/antlr/antlr4-master/4.7.2/antlr4-master-4.7.2.pom
#13 21.62 [INFO] Downloaded from central: https://repo.maven.apache.org/maven2/org/antlr/antlr4-master/4.7.2/antlr4-master-4.7.2.pom (4.4 kB at 92 kB/s)
#13 21.62 [INFO] Downloading from central: https://repo.maven.apache.org/maven2/com/google/code/findbugs/jsr305/3.0.2/jsr305-3.0.2.pom
#13 21.66 [INFO] Downloaded from central: https://repo.maven.apache.org/maven2/com/google/code/findbugs/jsr305/3.0.2/jsr305-3.0.2.pom (4.3 kB at 107 kB/s)
#13 21.66 [INFO] Downloading from central: https://repo.maven.apache.org/maven2/org/springframework/boot/spring-boot-loader-tools/3.5.5/spring-boot-loader-tools-3.5.5.pom
#13 21.70 [INFO] Downloaded from central: https://repo.maven.apache.org/maven2/org/springframework/boot/spring-boot-loader-tools/3.5.5/spring-boot-loader-tools-3.5.5.pom (2.2 kB at 61 kB/s)
#13 21.70 [INFO] Downloading from central: https://repo.maven.apache.org/maven2/org/springframework/spring-context/6.2.10/spring-context-6.2.10.pom
#13 21.74 [INFO] Downloaded from central: https://repo.maven.apache.org/maven2/org/springframework/spring-context/6.2.10/spring-context-6.2.10.pom (2.8 kB at 68 kB/s)
#13 21.74 [INFO] Downloading from central: https://repo.maven.apache.org/maven2/org/springframework/spring-aop/6.2.10/spring-aop-6.2.10.pom
#13 21.79 [INFO] Downloaded from central: https://repo.maven.apache.org/maven2/org/springframework/spring-aop/6.2.10/spring-aop-6.2.10.pom (2.2 kB at 45 kB/s)
#13 21.80 [INFO] Downloading from central: https://repo.maven.apache.org/maven2/org/springframework/spring-beans/6.2.10/spring-beans-6.2.10.pom
#13 21.85 [INFO] Downloaded from central: https://repo.maven.apache.org/maven2/org/springframework/spring-beans/6.2.10/spring-beans-6.2.10.pom (2.0 kB at 37 kB/s)
#13 21.85 [INFO] Downloading from central: https://repo.maven.apache.org/maven2/org/springframework/spring-expression/6.2.10/spring-expression-6.2.10.pom
#13 21.90 [INFO] Downloaded from central: https://repo.maven.apache.org/maven2/org/springframework/spring-expression/6.2.10/spring-expression-6.2.10.pom (2.1 kB at 45 kB/s)
#13 21.90 [INFO] Downloading from central: https://repo.maven.apache.org/maven2/io/micrometer/micrometer-observation/1.14.10/micrometer-observation-1.14.10.pom
#13 21.95 [INFO] Downloaded from central: https://repo.maven.apache.org/maven2/io/micrometer/micrometer-observation/1.14.10/micrometer-observation-1.14.10.pom (3.8 kB at 89 kB/s)
#13 21.95 [INFO] Downloading from central: https://repo.maven.apache.org/maven2/io/micrometer/micrometer-commons/1.14.10/micrometer-commons-1.14.10.pom
#13 22.00 [INFO] Downloaded from central: https://repo.maven.apache.org/maven2/io/micrometer/micrometer-commons/1.14.10/micrometer-commons-1.14.10.pom (3.4 kB at 73 kB/s)
#13 22.00 [INFO] Downloading from central: https://repo.maven.apache.org/maven2/org/apache/maven/plugins/maven-shade-plugin/3.6.0/maven-shade-plugin-3.6.0.pom
#13 22.04 [INFO] Downloaded from central: https://repo.maven.apache.org/maven2/org/apache/maven/plugins/maven-shade-plugin/3.6.0/maven-shade-plugin-3.6.0.pom (12 kB at 284 kB/s)
#13 22.05 [INFO] Downloading from central: https://repo.maven.apache.org/maven2/org/ow2/asm/asm-commons/9.7/asm-commons-9.7.pom
#13 22.09 [INFO] Downloaded from central: https://repo.maven.apache.org/maven2/org/ow2/asm/asm-commons/9.7/asm-commons-9.7.pom (2.8 kB at 66 kB/s)
#13 22.09 [INFO] Downloading from central: https://repo.maven.apache.org/maven2/org/ow2/asm/asm-tree/9.7/asm-tree-9.7.pom
#13 22.14 [INFO] Downloaded from central: https://repo.maven.apache.org/maven2/org/ow2/asm/asm-tree/9.7/asm-tree-9.7.pom (2.6 kB at 55 kB/s)
#13 22.14 [INFO] Downloading from central: https://repo.maven.apache.org/maven2/org/jdom/jdom2/2.0.6.1/jdom2-2.0.6.1.pom
#13 22.18 [INFO] Downloaded from central: https://repo.maven.apache.org/maven2/org/jdom/jdom2/2.0.6.1/jdom2-2.0.6.1.pom (4.6 kB at 118 kB/s)
#13 22.19 [INFO] Downloading from central: https://repo.maven.apache.org/maven2/org/vafer/jdependency/2.10/jdependency-2.10.pom
#13 22.23 [INFO] Downloaded from central: https://repo.maven.apache.org/maven2/org/vafer/jdependency/2.10/jdependency-2.10.pom (14 kB at 334 kB/s)
#13 22.24 [INFO] Downloading from central: https://repo.maven.apache.org/maven2/org/springframework/boot/spring-boot-buildpack-platform/3.5.5/spring-boot-buildpack-platform-3.5.5.jar
#13 22.30 [INFO] Downloaded from central: https://repo.maven.apache.org/maven2/org/springframework/boot/spring-boot-buildpack-platform/3.5.5/spring-boot-buildpack-platform-3.5.5.jar (319 kB at 4.9 MB/s)
#13 22.30 [INFO] Downloading from central: https://repo.maven.apache.org/maven2/com/fasterxml/jackson/core/jackson-databind/2.19.2/jackson-databind-2.19.2.jar
#13 22.30 [INFO] Downloading from central: https://repo.maven.apache.org/maven2/com/fasterxml/jackson/core/jackson-annotations/2.19.2/jackson-annotations-2.19.2.jar
#13 22.30 [INFO] Downloading from central: https://repo.maven.apache.org/maven2/com/fasterxml/jackson/core/jackson-core/2.19.2/jackson-core-2.19.2.jar
#13 22.30 [INFO] Downloading from central: https://repo.maven.apache.org/maven2/com/fasterxml/jackson/module/jackson-module-parameter-names/2.19.2/jackson-module-parameter-names-2.19.2.jar
#13 22.30 [INFO] Downloading from central: https://repo.maven.apache.org/maven2/net/java/dev/jna/jna-platform/5.17.0/jna-platform-5.17.0.jar
#13 22.35 [INFO] Downloaded from central: https://repo.maven.apache.org/maven2/com/fasterxml/jackson/module/jackson-module-parameter-names/2.19.2/jackson-module-parameter-names-2.19.2.jar (10 kB at 221 kB/s)
#13 22.35 [INFO] Downloading from central: https://repo.maven.apache.org/maven2/net/java/dev/jna/jna/5.17.0/jna-5.17.0.jar
#13 22.43 [INFO] Downloaded from central: https://repo.maven.apache.org/maven2/net/java/dev/jna/jna-platform/5.17.0/jna-platform-5.17.0.jar (1.4 MB at 11 MB/s)
#13 22.43 [INFO] Downloading from central: https://repo.maven.apache.org/maven2/org/apache/commons/commons-compress/1.27.1/commons-compress-1.27.1.jar
#13 22.43 [INFO] Downloaded from central: https://repo.maven.apache.org/maven2/com/fasterxml/jackson/core/jackson-annotations/2.19.2/jackson-annotations-2.19.2.jar (79 kB at 605 kB/s)
#13 22.43 [INFO] Downloading from central: https://repo.maven.apache.org/maven2/commons-codec/commons-codec/1.17.1/commons-codec-1.17.1.jar
#13 22.43 [INFO] Downloaded from central: https://repo.maven.apache.org/maven2/com/fasterxml/jackson/core/jackson-core/2.19.2/jackson-core-2.19.2.jar (591 kB at 4.4 MB/s)
#13 22.43 [INFO] Downloading from central: https://repo.maven.apache.org/maven2/org/apache/commons/commons-lang3/3.16.0/commons-lang3-3.16.0.jar
#13 22.47 [INFO] Downloaded from central: https://repo.maven.apache.org/maven2/com/fasterxml/jackson/core/jackson-databind/2.19.2/jackson-databind-2.19.2.jar (1.7 MB at 10 MB/s)
#13 22.47 [INFO] Downloading from central: https://repo.maven.apache.org/maven2/org/apache/httpcomponents/client5/httpclient5/5.5/httpclient5-5.5.jar
#13 22.54 [INFO] Downloaded from central: https://repo.maven.apache.org/maven2/net/java/dev/jna/jna/5.17.0/jna-5.17.0.jar (2.0 MB at 8.3 MB/s)
#13 22.54 [INFO] Downloaded from central: https://repo.maven.apache.org/maven2/org/apache/commons/commons-lang3/3.16.0/commons-lang3-3.16.0.jar (674 kB at 2.8 MB/s)
#13 22.54 [INFO] Downloading from central: https://repo.maven.apache.org/maven2/org/apache/httpcomponents/core5/httpcore5/5.3.4/httpcore5-5.3.4.jar
#13 22.54 [INFO] Downloading from central: https://repo.maven.apache.org/maven2/org/apache/httpcomponents/core5/httpcore5-h2/5.3.4/httpcore5-h2-5.3.4.jar
#13 22.55 [INFO] Downloaded from central: https://repo.maven.apache.org/maven2/org/apache/commons/commons-compress/1.27.1/commons-compress-1.27.1.jar (1.1 MB at 4.3 MB/s)
#13 22.55 [INFO] Downloading from central: https://repo.maven.apache.org/maven2/org/tomlj/tomlj/1.0.0/tomlj-1.0.0.jar
#13 22.57 [INFO] Downloaded from central: https://repo.maven.apache.org/maven2/commons-codec/commons-codec/1.17.1/commons-codec-1.17.1.jar (373 kB at 1.4 MB/s)
#13 22.57 [INFO] Downloading from central: https://repo.maven.apache.org/maven2/org/antlr/antlr4-runtime/4.7.2/antlr4-runtime-4.7.2.jar
#13 22.57 [INFO] Downloaded from central: https://repo.maven.apache.org/maven2/org/apache/httpcomponents/client5/httpclient5/5.5/httpclient5-5.5.jar (955 kB at 3.5 MB/s)
#13 22.57 [INFO] Downloading from central: https://repo.maven.apache.org/maven2/com/google/code/findbugs/jsr305/3.0.2/jsr305-3.0.2.jar
#13 22.61 [INFO] Downloaded from central: https://repo.maven.apache.org/maven2/org/tomlj/tomlj/1.0.0/tomlj-1.0.0.jar (157 kB at 512 kB/s)
#13 22.61 [INFO] Downloading from central: https://repo.maven.apache.org/maven2/org/springframework/boot/spring-boot-loader-tools/3.5.5/spring-boot-loader-tools-3.5.5.jar
#13 22.62 [INFO] Downloaded from central: https://repo.maven.apache.org/maven2/org/apache/httpcomponents/core5/httpcore5-h2/5.3.4/httpcore5-h2-5.3.4.jar (242 kB at 767 kB/s)
#13 22.62 [INFO] Downloading from central: https://repo.maven.apache.org/maven2/org/springframework/spring-core/6.2.10/spring-core-6.2.10.jar
#13 22.64 [INFO] Downloaded from central: https://repo.maven.apache.org/maven2/com/google/code/findbugs/jsr305/3.0.2/jsr305-3.0.2.jar (20 kB at 59 kB/s)
#13 22.64 [INFO] Downloading from central: https://repo.maven.apache.org/maven2/org/springframework/spring-jcl/6.2.10/spring-jcl-6.2.10.jar
#13 22.67 [INFO] Downloaded from central: https://repo.maven.apache.org/maven2/org/antlr/antlr4-runtime/4.7.2/antlr4-runtime-4.7.2.jar (338 kB at 926 kB/s)
#13 22.67 [INFO] Downloading from central: https://repo.maven.apache.org/maven2/org/springframework/spring-context/6.2.10/spring-context-6.2.10.jar
#13 22.67 [INFO] Downloaded from central: https://repo.maven.apache.org/maven2/org/apache/httpcomponents/core5/httpcore5/5.3.4/httpcore5-5.3.4.jar (909 kB at 2.5 MB/s)
#13 22.67 [INFO] Downloading from central: https://repo.maven.apache.org/maven2/org/springframework/spring-aop/6.2.10/spring-aop-6.2.10.jar
#13 22.68 [INFO] Downloaded from central: https://repo.maven.apache.org/maven2/org/springframework/boot/spring-boot-loader-tools/3.5.5/spring-boot-loader-tools-3.5.5.jar (464 kB at 1.2 MB/s)
#13 22.68 [INFO] Downloading from central: https://repo.maven.apache.org/maven2/org/springframework/spring-beans/6.2.10/spring-beans-6.2.10.jar
#13 22.71 [INFO] Downloaded from central: https://repo.maven.apache.org/maven2/org/springframework/spring-jcl/6.2.10/spring-jcl-6.2.10.jar (25 kB at 60 kB/s)
#13 22.71 [INFO] Downloading from central: https://repo.maven.apache.org/maven2/org/springframework/spring-expression/6.2.10/spring-expression-6.2.10.jar
#13 22.78 [INFO] Downloaded from central: https://repo.maven.apache.org/maven2/org/springframework/spring-core/6.2.10/spring-core-6.2.10.jar (2.0 MB at 4.1 MB/s)
#13 22.78 [INFO] Downloading from central: https://repo.maven.apache.org/maven2/io/micrometer/micrometer-observation/1.14.10/micrometer-observation-1.14.10.jar
#13 22.78 [INFO] Downloaded from central: https://repo.maven.apache.org/maven2/org/springframework/spring-aop/6.2.10/spring-aop-6.2.10.jar (420 kB at 877 kB/s)
#13 22.78 [INFO] Downloading from central: https://repo.maven.apache.org/maven2/io/micrometer/micrometer-commons/1.14.10/micrometer-commons-1.14.10.jar
#13 22.79 [INFO] Downloaded from central: https://repo.maven.apache.org/maven2/org/springframework/spring-beans/6.2.10/spring-beans-6.2.10.jar (890 kB at 1.8 MB/s)
#13 22.79 [INFO] Downloading from central: https://repo.maven.apache.org/maven2/org/apache/maven/plugins/maven-shade-plugin/3.6.0/maven-shade-plugin-3.6.0.jar
#13 22.80 [INFO] Downloaded from central: https://repo.maven.apache.org/maven2/org/springframework/spring-expression/6.2.10/spring-expression-6.2.10.jar (318 kB at 637 kB/s)
#13 22.80 [INFO] Downloading from central: https://repo.maven.apache.org/maven2/org/ow2/asm/asm-commons/9.7/asm-commons-9.7.jar
#13 22.83 [INFO] Downloaded from central: https://repo.maven.apache.org/maven2/io/micrometer/micrometer-commons/1.14.10/micrometer-commons-1.14.10.jar (48 kB at 92 kB/s)
#13 22.83 [INFO] Downloaded from central: https://repo.maven.apache.org/maven2/org/springframework/spring-context/6.2.10/spring-context-6.2.10.jar (1.4 MB at 2.6 MB/s)
#13 22.83 [INFO] Downloading from central: https://repo.maven.apache.org/maven2/org/ow2/asm/asm-tree/9.7/asm-tree-9.7.jar
#13 22.83 [INFO] Downloading from central: https://repo.maven.apache.org/maven2/org/jdom/jdom2/2.0.6.1/jdom2-2.0.6.1.jar
#13 22.84 [INFO] Downloaded from central: https://repo.maven.apache.org/maven2/io/micrometer/micrometer-observation/1.14.10/micrometer-observation-1.14.10.jar (75 kB at 141 kB/s)
#13 22.84 [INFO] Downloading from central: https://repo.maven.apache.org/maven2/org/vafer/jdependency/2.10/jdependency-2.10.jar
#13 22.85 [INFO] Downloaded from central: https://repo.maven.apache.org/maven2/org/apache/maven/plugins/maven-shade-plugin/3.6.0/maven-shade-plugin-3.6.0.jar (150 kB at 275 kB/s)
#13 22.85 [INFO] Downloaded from central: https://repo.maven.apache.org/maven2/org/ow2/asm/asm-commons/9.7/asm-commons-9.7.jar (73 kB at 134 kB/s)
#13 29.76 [INFO] Downloaded from central: https://repo.maven.apache.org/maven2/org/ow2/asm/asm-tree/9.7/asm-tree-9.7.jar (52 kB at 7.0 kB/s)
#13 29.77 [INFO] Downloaded from central: https://repo.maven.apache.org/maven2/org/jdom/jdom2/2.0.6.1/jdom2-2.0.6.1.jar (328 kB at 44 kB/s)
#13 29.79 [INFO] Downloaded from central: https://repo.maven.apache.org/maven2/org/vafer/jdependency/2.10/jdependency-2.10.jar (416 kB at 56 kB/s)
#13 29.80 [INFO] Downloading from central: https://repo.maven.apache.org/maven2/org/codehaus/plexus/plexus-utils/1.5.8/plexus-utils-1.5.8.pom
#13 29.84 [INFO] Downloaded from central: https://repo.maven.apache.org/maven2/org/codehaus/plexus/plexus-utils/1.5.8/plexus-utils-1.5.8.pom (8.1 kB at 218 kB/s)
#13 29.84 [INFO] Downloading from central: https://repo.maven.apache.org/maven2/org/codehaus/plexus/plexus/2.0.2/plexus-2.0.2.pom
#13 22.52 [INFO] Downloaded from central: https://repo.maven.apache.org/maven2/org/codehaus/plexus/plexus/2.0.2/plexus-2.0.2.pom (12 kB)
#13 22.52 [INFO] Downloading from central: https://repo.maven.apache.org/maven2/org/apache/maven/plugin-tools/maven-plugin-annotations/3.9.0/maven-plugin-annotations-3.9.0.pom
#13 22.58 [INFO] Downloaded from central: https://repo.maven.apache.org/maven2/org/apache/maven/plugin-tools/maven-plugin-annotations/3.9.0/maven-plugin-annotations-3.9.0.pom (1.5 kB at 27 kB/s)
#13 22.58 [INFO] Downloading from central: https://repo.maven.apache.org/maven2/org/apache/maven/plugin-tools/maven-plugin-tools/3.9.0/maven-plugin-tools-3.9.0.pom
#13 22.62 [INFO] Downloaded from central: https://repo.maven.apache.org/maven2/org/apache/maven/plugin-tools/maven-plugin-tools/3.9.0/maven-plugin-tools-3.9.0.pom (17 kB at 463 kB/s)
#13 22.62 [INFO] Downloading from central: https://repo.maven.apache.org/maven2/org/junit/junit-bom/5.9.3/junit-bom-5.9.3.pom
#13 22.66 [INFO] Downloaded from central: https://repo.maven.apache.org/maven2/org/junit/junit-bom/5.9.3/junit-bom-5.9.3.pom (5.6 kB at 141 kB/s)
#13 22.66 [INFO] Downloading from central: https://repo.maven.apache.org/maven2/org/openapitools/openapi-generator/7.8.0/openapi-generator-7.8.0.pom
#13 22.70 [INFO] Downloaded from central: https://repo.maven.apache.org/maven2/org/openapitools/openapi-generator/7.8.0/openapi-generator-7.8.0.pom (19 kB at 489 kB/s)
#13 22.71 [INFO] Downloading from central: https://repo.maven.apache.org/maven2/io/swagger/parser/v3/swagger-parser/2.1.22/swagger-parser-2.1.22.pom
#13 30.07 [INFO] Downloaded from central: https://repo.maven.apache.org/maven2/io/swagger/parser/v3/swagger-parser/2.1.22/swagger-parser-2.1.22.pom (3.5 kB at 477 B/s)
#13 30.07 [INFO] Downloading from central: https://repo.maven.apache.org/maven2/io/swagger/parser/v3/swagger-parser-project/2.1.22/swagger-parser-project-2.1.22.pom
#13 30.11 [INFO] Downloaded from central: https://repo.maven.apache.org/maven2/io/swagger/parser/v3/swagger-parser-project/2.1.22/swagger-parser-project-2.1.22.pom (18 kB at 448 kB/s)
#13 30.12 [INFO] Downloading from central: https://repo.maven.apache.org/maven2/io/swagger/parser/v3/swagger-parser-v2-converter/2.1.22/swagger-parser-v2-converter-2.1.22.pom
#13 22.80 [INFO] Downloaded from central: https://repo.maven.apache.org/maven2/io/swagger/parser/v3/swagger-parser-v2-converter/2.1.22/swagger-parser-v2-converter-2.1.22.pom (5.7 kB)
#13 22.80 [INFO] Downloading from central: https://repo.maven.apache.org/maven2/io/swagger/swagger-core/1.6.14/swagger-core-1.6.14.pom
#13 22.84 [INFO] Downloaded from central: https://repo.maven.apache.org/maven2/io/swagger/swagger-core/1.6.14/swagger-core-1.6.14.pom (6.4 kB at 165 kB/s)
#13 22.84 [INFO] Downloading from central: https://repo.maven.apache.org/maven2/io/swagger/swagger-project/1.6.14/swagger-project-1.6.14.pom
#13 22.89 [INFO] Downloaded from central: https://repo.maven.apache.org/maven2/io/swagger/swagger-project/1.6.14/swagger-project-1.6.14.pom (26 kB at 598 kB/s)
#13 22.89 [INFO] Downloading from central: https://repo.maven.apache.org/maven2/jakarta/xml/bind/jakarta.xml.bind-api/2.3.3/jakarta.xml.bind-api-2.3.3.pom
#13 22.95 [INFO] Downloaded from central: https://repo.maven.apache.org/maven2/jakarta/xml/bind/jakarta.xml.bind-api/2.3.3/jakarta.xml.bind-api-2.3.3.pom (13 kB at 235 kB/s)
#13 22.95 [INFO] Downloading from central: https://repo.maven.apache.org/maven2/jakarta/xml/bind/jakarta.xml.bind-api-parent/2.3.3/jakarta.xml.bind-api-parent-2.3.3.pom
#13 23.00 [INFO] Downloaded from central: https://repo.maven.apache.org/maven2/jakarta/xml/bind/jakarta.xml.bind-api-parent/2.3.3/jakarta.xml.bind-api-parent-2.3.3.pom (9.0 kB at 160 kB/s)
#13 23.01 [INFO] Downloading from central: https://repo.maven.apache.org/maven2/org/eclipse/ee4j/project/1.0.6/project-1.0.6.pom
#13 23.04 [INFO] Downloaded from central: https://repo.maven.apache.org/maven2/org/eclipse/ee4j/project/1.0.6/project-1.0.6.pom (13 kB at 370 kB/s)
#13 23.05 [INFO] Downloading from central: https://repo.maven.apache.org/maven2/jakarta/activation/jakarta.activation-api/1.2.2/jakarta.activation-api-1.2.2.pom
#13 23.09 [INFO] Downloaded from central: https://repo.maven.apache.org/maven2/jakarta/activation/jakarta.activation-api/1.2.2/jakarta.activation-api-1.2.2.pom (5.3 kB at 133 kB/s)
#13 23.09 [INFO] Downloading from central: https://repo.maven.apache.org/maven2/com/sun/activation/all/1.2.2/all-1.2.2.pom
#13 23.13 [INFO] Downloaded from central: https://repo.maven.apache.org/maven2/com/sun/activation/all/1.2.2/all-1.2.2.pom (15 kB at 370 kB/s)
#13 23.13 [INFO] Downloading from central: https://repo.maven.apache.org/maven2/org/slf4j/slf4j-api/2.0.9/slf4j-api-2.0.9.pom
#13 23.18 [INFO] Downloaded from central: https://repo.maven.apache.org/maven2/org/slf4j/slf4j-api/2.0.9/slf4j-api-2.0.9.pom (2.8 kB at 65 kB/s)
#13 23.18 [INFO] Downloading from central: https://repo.maven.apache.org/maven2/org/slf4j/slf4j-parent/2.0.9/slf4j-parent-2.0.9.pom
#13 23.22 [INFO] Downloaded from central: https://repo.maven.apache.org/maven2/org/slf4j/slf4j-parent/2.0.9/slf4j-parent-2.0.9.pom (16 kB at 443 kB/s)
#13 23.22 [INFO] Downloading from central: https://repo.maven.apache.org/maven2/org/slf4j/slf4j-bom/2.0.9/slf4j-bom-2.0.9.pom
#13 23.26 [INFO] Downloaded from central: https://repo.maven.apache.org/maven2/org/slf4j/slf4j-bom/2.0.9/slf4j-bom-2.0.9.pom (4.9 kB at 129 kB/s)
#13 23.26 [INFO] Downloading from central: https://repo.maven.apache.org/maven2/com/fasterxml/jackson/core/jackson-annotations/2.17.0/jackson-annotations-2.17.0.pom
#13 23.33 [INFO] Downloaded from central: https://repo.maven.apache.org/maven2/com/fasterxml/jackson/core/jackson-annotations/2.17.0/jackson-annotations-2.17.0.pom (7.1 kB at 109 kB/s)
#13 23.33 [INFO] Downloading from central: https://repo.maven.apache.org/maven2/com/fasterxml/jackson/jackson-parent/2.17/jackson-parent-2.17.pom
#13 23.37 [INFO] Downloaded from central: https://repo.maven.apache.org/maven2/com/fasterxml/jackson/jackson-parent/2.17/jackson-parent-2.17.pom (6.5 kB at 148 kB/s)
#13 23.37 [INFO] Downloading from central: https://repo.maven.apache.org/maven2/com/fasterxml/oss-parent/58/oss-parent-58.pom
#13 23.42 [INFO] Downloaded from central: https://repo.maven.apache.org/maven2/com/fasterxml/oss-parent/58/oss-parent-58.pom (24 kB at 514 kB/s)
#13 23.42 [INFO] Downloading from central: https://repo.maven.apache.org/maven2/com/fasterxml/jackson/core/jackson-databind/2.17.0/jackson-databind-2.17.0.pom
#13 23.46 [INFO] Downloaded from central: https://repo.maven.apache.org/maven2/com/fasterxml/jackson/core/jackson-databind/2.17.0/jackson-databind-2.17.0.pom (21 kB at 607 kB/s)
#13 23.46 [INFO] Downloading from central: https://repo.maven.apache.org/maven2/com/fasterxml/jackson/jackson-base/2.17.0/jackson-base-2.17.0.pom
#13 23.49 [INFO] Downloaded from central: https://repo.maven.apache.org/maven2/com/fasterxml/jackson/jackson-base/2.17.0/jackson-base-2.17.0.pom (12 kB at 346 kB/s)
#13 23.50 [INFO] Downloading from central: https://repo.maven.apache.org/maven2/com/fasterxml/jackson/jackson-bom/2.17.0/jackson-bom-2.17.0.pom
#13 23.53 [INFO] Downloaded from central: https://repo.maven.apache.org/maven2/com/fasterxml/jackson/jackson-bom/2.17.0/jackson-bom-2.17.0.pom (19 kB at 550 kB/s)
#13 23.53 [INFO] Downloading from central: https://repo.maven.apache.org/maven2/com/fasterxml/jackson/core/jackson-core/2.17.0/jackson-core-2.17.0.pom
#13 23.58 [INFO] Downloaded from central: https://repo.maven.apache.org/maven2/com/fasterxml/jackson/core/jackson-core/2.17.0/jackson-core-2.17.0.pom (9.6 kB at 205 kB/s)
#13 23.58 [INFO] Downloading from central: https://repo.maven.apache.org/maven2/net/bytebuddy/byte-buddy/1.14.9/byte-buddy-1.14.9.pom
#13 23.62 [INFO] Downloaded from central: https://repo.maven.apache.org/maven2/net/bytebuddy/byte-buddy/1.14.9/byte-buddy-1.14.9.pom (16 kB at 406 kB/s)
#13 23.63 [INFO] Downloading from central: https://repo.maven.apache.org/maven2/net/bytebuddy/byte-buddy-parent/1.14.9/byte-buddy-parent-1.14.9.pom
#13 23.67 [INFO] Downloaded from central: https://repo.maven.apache.org/maven2/net/bytebuddy/byte-buddy-parent/1.14.9/byte-buddy-parent-1.14.9.pom (62 kB at 1.4 MB/s)
#13 23.67 [INFO] Downloading from central: https://repo.maven.apache.org/maven2/com/fasterxml/jackson/dataformat/jackson-dataformat-yaml/2.17.0/jackson-dataformat-yaml-2.17.0.pom
#13 23.71 [INFO] Downloaded from central: https://repo.maven.apache.org/maven2/com/fasterxml/jackson/dataformat/jackson-dataformat-yaml/2.17.0/jackson-dataformat-yaml-2.17.0.pom (2.6 kB at 66 kB/s)
#13 23.72 [INFO] Downloading from central: https://repo.maven.apache.org/maven2/com/fasterxml/jackson/dataformat/jackson-dataformats-text/2.17.0/jackson-dataformats-text-2.17.0.pom
#13 23.75 [INFO] Downloaded from central: https://repo.maven.apache.org/maven2/com/fasterxml/jackson/dataformat/jackson-dataformats-text/2.17.0/jackson-dataformats-text-2.17.0.pom (3.5 kB at 94 kB/s)
#13 23.76 [INFO] Downloading from central: https://repo.maven.apache.org/maven2/org/yaml/snakeyaml/2.2/snakeyaml-2.2.pom
#13 23.80 [INFO] Downloaded from central: https://repo.maven.apache.org/maven2/org/yaml/snakeyaml/2.2/snakeyaml-2.2.pom (21 kB at 531 kB/s)
#13 23.80 [INFO] Downloading from central: https://repo.maven.apache.org/maven2/io/swagger/swagger-models/1.6.14/swagger-models-1.6.14.pom
#13 23.84 [INFO] Downloaded from central: https://repo.maven.apache.org/maven2/io/swagger/swagger-models/1.6.14/swagger-models-1.6.14.pom (5.1 kB at 141 kB/s)
#13 23.84 [INFO] Downloading from central: https://repo.maven.apache.org/maven2/io/swagger/swagger-annotations/1.6.14/swagger-annotations-1.6.14.pom
#13 23.87 [INFO] Downloaded from central: https://repo.maven.apache.org/maven2/io/swagger/swagger-annotations/1.6.14/swagger-annotations-1.6.14.pom (6.5 kB at 185 kB/s)
#13 23.88 [INFO] Downloading from central: https://repo.maven.apache.org/maven2/com/google/guava/guava/32.1.3-android/guava-32.1.3-android.pom
#13 23.96 [INFO] Downloaded from central: https://repo.maven.apache.org/maven2/com/google/guava/guava/32.1.3-android/guava-32.1.3-android.pom (13 kB at 157 kB/s)
#13 23.96 [INFO] Downloading from central: https://repo.maven.apache.org/maven2/com/google/guava/guava-parent/32.1.3-android/guava-parent-32.1.3-android.pom
#13 24.00 [INFO] Downloaded from central: https://repo.maven.apache.org/maven2/com/google/guava/guava-parent/32.1.3-android/guava-parent-32.1.3-android.pom (21 kB at 517 kB/s)
#13 24.00 [INFO] Downloading from central: https://repo.maven.apache.org/maven2/com/google/guava/failureaccess/1.0.1/failureaccess-1.0.1.pom
#13 24.04 [INFO] Downloaded from central: https://repo.maven.apache.org/maven2/com/google/guava/failureaccess/1.0.1/failureaccess-1.0.1.pom (2.4 kB at 69 kB/s)
#13 24.04 [INFO] Downloading from central: https://repo.maven.apache.org/maven2/com/google/guava/guava-parent/26.0-android/guava-parent-26.0-android.pom
#13 24.08 [INFO] Downloaded from central: https://repo.maven.apache.org/maven2/com/google/guava/guava-parent/26.0-android/guava-parent-26.0-android.pom (10 kB at 268 kB/s)
#13 24.08 [INFO] Downloading from central: https://repo.maven.apache.org/maven2/com/google/guava/listenablefuture/9999.0-empty-to-avoid-conflict-with-guava/listenablefuture-9999.0-empty-to-avoid-conflict-with-guava.pom
#13 24.12 [INFO] Downloaded from central: https://repo.maven.apache.org/maven2/com/google/guava/listenablefuture/9999.0-empty-to-avoid-conflict-with-guava/listenablefuture-9999.0-empty-to-avoid-conflict-with-guava.pom (2.3 kB at 57 kB/s)
#13 24.12 [INFO] Downloading from central: https://repo.maven.apache.org/maven2/org/checkerframework/checker-qual/3.37.0/checker-qual-3.37.0.pom
#13 24.16 [INFO] Downloaded from central: https://repo.maven.apache.org/maven2/org/checkerframework/checker-qual/3.37.0/checker-qual-3.37.0.pom (2.1 kB at 50 kB/s)
#13 24.17 [INFO] Downloading from central: https://repo.maven.apache.org/maven2/com/google/errorprone/error_prone_annotations/2.21.1/error_prone_annotations-2.21.1.pom
#13 24.20 [INFO] Downloaded from central: https://repo.maven.apache.org/maven2/com/google/errorprone/error_prone_annotations/2.21.1/error_prone_annotations-2.21.1.pom (1.8 kB at 51 kB/s)
#13 24.20 [INFO] Downloading from central: https://repo.maven.apache.org/maven2/com/google/errorprone/error_prone_parent/2.21.1/error_prone_parent-2.21.1.pom
#13 24.24 [INFO] Downloaded from central: https://repo.maven.apache.org/maven2/com/google/errorprone/error_prone_parent/2.21.1/error_prone_parent-2.21.1.pom (13 kB at 337 kB/s)
#13 24.24 [INFO] Downloading from central: https://repo.maven.apache.org/maven2/com/google/j2objc/j2objc-annotations/2.8/j2objc-annotations-2.8.pom
#13 24.28 [INFO] Downloaded from central: https://repo.maven.apache.org/maven2/com/google/j2objc/j2objc-annotations/2.8/j2objc-annotations-2.8.pom (2.9 kB at 79 kB/s)
#13 24.28 [INFO] Downloading from central: https://repo.maven.apache.org/maven2/io/swagger/swagger-parser/1.0.70/swagger-parser-1.0.70.pom
#13 24.33 [INFO] Downloaded from central: https://repo.maven.apache.org/maven2/io/swagger/swagger-parser/1.0.70/swagger-parser-1.0.70.pom (3.6 kB at 83 kB/s)
#13 24.33 [INFO] Downloading from central: https://repo.maven.apache.org/maven2/io/swagger/swagger-parser-project/1.0.70/swagger-parser-project-1.0.70.pom
#13 24.37 [INFO] Downloaded from central: https://repo.maven.apache.org/maven2/io/swagger/swagger-parser-project/1.0.70/swagger-parser-project-1.0.70.pom (16 kB at 408 kB/s)
#13 24.37 [INFO] Downloading from central: https://repo.maven.apache.org/maven2/javax/validation/validation-api/1.1.0.Final/validation-api-1.1.0.Final.pom
#13 24.41 [INFO] Downloaded from central: https://repo.maven.apache.org/maven2/javax/validation/validation-api/1.1.0.Final/validation-api-1.1.0.Final.pom (7.9 kB at 192 kB/s)
#13 24.42 [INFO] Downloading from central: https://repo.maven.apache.org/maven2/io/swagger/swagger-parser-safe-url-resolver/1.0.70/swagger-parser-safe-url-resolver-1.0.70.pom
#13 24.47 [INFO] Downloaded from central: https://repo.maven.apache.org/maven2/io/swagger/swagger-parser-safe-url-resolver/1.0.70/swagger-parser-safe-url-resolver-1.0.70.pom (1.7 kB at 33 kB/s)
#13 24.47 [INFO] Downloading from central: https://repo.maven.apache.org/maven2/io/swagger/swagger-compat-spec-parser/1.0.70/swagger-compat-spec-parser-1.0.70.pom
#13 24.51 [INFO] Downloaded from central: https://repo.maven.apache.org/maven2/io/swagger/swagger-compat-spec-parser/1.0.70/swagger-compat-spec-parser-1.0.70.pom (2.8 kB at 74 kB/s)
#13 24.51 [INFO] Downloading from central: https://repo.maven.apache.org/maven2/com/github/java-json-tools/json-schema-validator/2.2.14/json-schema-validator-2.2.14.pom
#13 24.55 [INFO] Downloaded from central: https://repo.maven.apache.org/maven2/com/github/java-json-tools/json-schema-validator/2.2.14/json-schema-validator-2.2.14.pom (3.9 kB at 103 kB/s)
#13 24.55 [INFO] Downloading from central: https://repo.maven.apache.org/maven2/com/google/guava/guava/28.2-android/guava-28.2-android.pom
#13 24.59 [INFO] Downloaded from central: https://repo.maven.apache.org/maven2/com/google/guava/guava/28.2-android/guava-28.2-android.pom (11 kB at 273 kB/s)
#13 24.59 [INFO] Downloading from central: https://repo.maven.apache.org/maven2/com/google/guava/guava-parent/28.2-android/guava-parent-28.2-android.pom
#13 24.64 [INFO] Downloaded from central: https://repo.maven.apache.org/maven2/com/google/guava/guava-parent/28.2-android/guava-parent-28.2-android.pom (13 kB at 293 kB/s)
#13 24.64 [INFO] Downloading from central: https://repo.maven.apache.org/maven2/org/checkerframework/checker-compat-qual/2.5.5/checker-compat-qual-2.5.5.pom
#13 24.68 [INFO] Downloaded from central: https://repo.maven.apache.org/maven2/org/checkerframework/checker-compat-qual/2.5.5/checker-compat-qual-2.5.5.pom (2.7 kB at 62 kB/s)
#13 24.69 [INFO] Downloading from central: https://repo.maven.apache.org/maven2/com/google/errorprone/error_prone_annotations/2.3.4/error_prone_annotations-2.3.4.pom
#13 24.73 [INFO] Downloaded from central: https://repo.maven.apache.org/maven2/com/google/errorprone/error_prone_annotations/2.3.4/error_prone_annotations-2.3.4.pom (2.1 kB at 45 kB/s)
#13 24.74 [INFO] Downloading from central: https://repo.maven.apache.org/maven2/com/google/errorprone/error_prone_parent/2.3.4/error_prone_parent-2.3.4.pom
#13 24.77 [INFO] Downloaded from central: https://repo.maven.apache.org/maven2/com/google/errorprone/error_prone_parent/2.3.4/error_prone_parent-2.3.4.pom (5.4 kB at 147 kB/s)
#13 24.78 [INFO] Downloading from central: https://repo.maven.apache.org/maven2/com/google/j2objc/j2objc-annotations/1.3/j2objc-annotations-1.3.pom
#13 24.81 [INFO] Downloaded from central: https://repo.maven.apache.org/maven2/com/google/j2objc/j2objc-annotations/1.3/j2objc-annotations-1.3.pom (2.8 kB at 84 kB/s)
#13 24.81 [INFO] Downloading from central: https://repo.maven.apache.org/maven2/com/github/java-json-tools/jackson-coreutils-equivalence/1.0/jackson-coreutils-equivalence-1.0.pom
#13 24.86 [INFO] Downloaded from central: https://repo.maven.apache.org/maven2/com/github/java-json-tools/jackson-coreutils-equivalence/1.0/jackson-coreutils-equivalence-1.0.pom (2.7 kB at 57 kB/s)
#13 24.86 [INFO] Downloading from central: https://repo.maven.apache.org/maven2/com/fasterxml/jackson/core/jackson-databind/2.11.0/jackson-databind-2.11.0.pom
#13 24.90 [INFO] Downloaded from central: https://repo.maven.apache.org/maven2/com/fasterxml/jackson/core/jackson-databind/2.11.0/jackson-databind-2.11.0.pom (7.4 kB at 205 kB/s)
#13 24.90 [INFO] Downloading from central: https://repo.maven.apache.org/maven2/com/fasterxml/jackson/jackson-base/2.11.0/jackson-base-2.11.0.pom
#13 24.94 [INFO] Downloaded from central: https://repo.maven.apache.org/maven2/com/fasterxml/jackson/jackson-base/2.11.0/jackson-base-2.11.0.pom (7.4 kB at 196 kB/s)
#13 24.94 [INFO] Downloading from central: https://repo.maven.apache.org/maven2/com/fasterxml/jackson/jackson-bom/2.11.0/jackson-bom-2.11.0.pom
#13 24.98 [INFO] Downloaded from central: https://repo.maven.apache.org/maven2/com/fasterxml/jackson/jackson-bom/2.11.0/jackson-bom-2.11.0.pom (13 kB at 272 kB/s)
#13 24.99 [INFO] Downloading from central: https://repo.maven.apache.org/maven2/com/fasterxml/jackson/jackson-parent/2.11/jackson-parent-2.11.pom
#13 25.02 [INFO] Downloaded from central: https://repo.maven.apache.org/maven2/com/fasterxml/jackson/jackson-parent/2.11/jackson-parent-2.11.pom (7.8 kB at 228 kB/s)
#13 25.02 [INFO] Downloading from central: https://repo.maven.apache.org/maven2/com/fasterxml/oss-parent/38/oss-parent-38.pom
#13 25.07 [INFO] Downloaded from central: https://repo.maven.apache.org/maven2/com/fasterxml/oss-parent/38/oss-parent-38.pom (23 kB at 536 kB/s)
#13 25.07 [INFO] Downloading from central: https://repo.maven.apache.org/maven2/com/fasterxml/jackson/core/jackson-annotations/2.11.0/jackson-annotations-2.11.0.pom
#13 25.11 [INFO] Downloaded from central: https://repo.maven.apache.org/maven2/com/fasterxml/jackson/core/jackson-annotations/2.11.0/jackson-annotations-2.11.0.pom (3.5 kB at 96 kB/s)
#13 25.11 [INFO] Downloading from central: https://repo.maven.apache.org/maven2/com/fasterxml/jackson/core/jackson-core/2.11.0/jackson-core-2.11.0.pom
#13 25.22 [INFO] Downloaded from central: https://repo.maven.apache.org/maven2/com/fasterxml/jackson/core/jackson-core/2.11.0/jackson-core-2.11.0.pom (4.9 kB at 44 kB/s)
#13 25.23 [INFO] Downloading from central: https://repo.maven.apache.org/maven2/com/github/java-json-tools/jackson-coreutils/2.0/jackson-coreutils-2.0.pom
#13 25.26 [INFO] Downloaded from central: https://repo.maven.apache.org/maven2/com/github/java-json-tools/jackson-coreutils/2.0/jackson-coreutils-2.0.pom (2.8 kB at 78 kB/s)
#13 25.26 [INFO] Downloading from central: https://repo.maven.apache.org/maven2/com/github/java-json-tools/msg-simple/1.2/msg-simple-1.2.pom
#13 25.30 [INFO] Downloaded from central: https://repo.maven.apache.org/maven2/com/github/java-json-tools/msg-simple/1.2/msg-simple-1.2.pom (2.6 kB at 72 kB/s)
#13 25.30 [INFO] Downloading from central: https://repo.maven.apache.org/maven2/com/github/java-json-tools/btf/1.3/btf-1.3.pom
#13 25.40 [INFO] Downloaded from central: https://repo.maven.apache.org/maven2/com/github/java-json-tools/btf/1.3/btf-1.3.pom (1.6 kB at 16 kB/s)
#13 25.41 [INFO] Downloading from central: https://repo.maven.apache.org/maven2/com/google/code/findbugs/jsr305/2.0.1/jsr305-2.0.1.pom
#13 25.44 [INFO] Downloaded from central: https://repo.maven.apache.org/maven2/com/google/code/findbugs/jsr305/2.0.1/jsr305-2.0.1.pom (965 B at 30 kB/s)
#13 25.44 [INFO] Downloading from central: https://repo.maven.apache.org/maven2/com/github/java-json-tools/json-schema-core/1.2.14/json-schema-core-1.2.14.pom
#13 25.55 [INFO] Downloaded from central: https://repo.maven.apache.org/maven2/com/github/java-json-tools/json-schema-core/1.2.14/json-schema-core-1.2.14.pom (3.7 kB at 33 kB/s)
#13 25.56 [INFO] Downloading from central: https://repo.maven.apache.org/maven2/com/github/java-json-tools/uri-template/0.10/uri-template-0.10.pom
#13 25.59 [INFO] Downloaded from central: https://repo.maven.apache.org/maven2/com/github/java-json-tools/uri-template/0.10/uri-template-0.10.pom (2.9 kB at 80 kB/s)
#13 25.59 [INFO] Downloading from central: https://repo.maven.apache.org/maven2/com/google/guava/guava/28.1-android/guava-28.1-android.pom
#13 25.63 [INFO] Downloaded from central: https://repo.maven.apache.org/maven2/com/google/guava/guava/28.1-android/guava-28.1-android.pom (8.7 kB at 236 kB/s)
#13 25.63 [INFO] Downloading from central: https://repo.maven.apache.org/maven2/com/google/guava/guava-parent/28.1-android/guava-parent-28.1-android.pom
#13 25.67 [INFO] Downloaded from central: https://repo.maven.apache.org/maven2/com/google/guava/guava-parent/28.1-android/guava-parent-28.1-android.pom (13 kB at 317 kB/s)
#13 25.68 [INFO] Downloading from central: https://repo.maven.apache.org/maven2/com/google/errorprone/error_prone_annotations/2.3.2/error_prone_annotations-2.3.2.pom
#13 25.73 [INFO] Downloaded from central: https://repo.maven.apache.org/maven2/com/google/errorprone/error_prone_annotations/2.3.2/error_prone_annotations-2.3.2.pom (1.8 kB at 32 kB/s)
#13 25.73 [INFO] Downloading from central: https://repo.maven.apache.org/maven2/com/google/errorprone/error_prone_parent/2.3.2/error_prone_parent-2.3.2.pom
#13 25.77 [INFO] Downloaded from central: https://repo.maven.apache.org/maven2/com/google/errorprone/error_prone_parent/2.3.2/error_prone_parent-2.3.2.pom (5.2 kB at 147 kB/s)
#13 25.77 [INFO] Downloading from central: https://repo.maven.apache.org/maven2/org/codehaus/mojo/animal-sniffer-annotations/1.18/animal-sniffer-annotations-1.18.pom
#13 25.82 [INFO] Downloaded from central: https://repo.maven.apache.org/maven2/org/codehaus/mojo/animal-sniffer-annotations/1.18/animal-sniffer-annotations-1.18.pom (2.6 kB at 54 kB/s)
#13 25.82 [INFO] Downloading from central: https://repo.maven.apache.org/maven2/org/codehaus/mojo/animal-sniffer-parent/1.18/animal-sniffer-parent-1.18.pom
#13 25.86 [INFO] Downloaded from central: https://repo.maven.apache.org/maven2/org/codehaus/mojo/animal-sniffer-parent/1.18/animal-sniffer-parent-1.18.pom (9.1 kB at 240 kB/s)
#13 25.86 [INFO] Downloading from central: https://repo.maven.apache.org/maven2/org/codehaus/mojo/mojo-parent/50/mojo-parent-50.pom
#13 25.91 [INFO] Downloaded from central: https://repo.maven.apache.org/maven2/org/codehaus/mojo/mojo-parent/50/mojo-parent-50.pom (34 kB at 775 kB/s)
#13 25.91 [INFO] Downloading from central: https://repo.maven.apache.org/maven2/org/mozilla/rhino/1.7.7.2/rhino-1.7.7.2.pom
#13 25.95 [INFO] Downloaded from central: https://repo.maven.apache.org/maven2/org/mozilla/rhino/1.7.7.2/rhino-1.7.7.2.pom (1.3 kB at 36 kB/s)
#13 25.95 [INFO] Downloading from central: https://repo.maven.apache.org/maven2/joda-time/joda-time/2.10.5/joda-time-2.10.5.pom
#13 25.99 [INFO] Downloaded from central: https://repo.maven.apache.org/maven2/joda-time/joda-time/2.10.5/joda-time-2.10.5.pom (37 kB at 929 kB/s)
#13 25.99 [INFO] Downloading from central: https://repo.maven.apache.org/maven2/com/googlecode/libphonenumber/libphonenumber/8.11.1/libphonenumber-8.11.1.pom
#13 26.06 [INFO] Downloaded from central: https://repo.maven.apache.org/maven2/com/googlecode/libphonenumber/libphonenumber/8.11.1/libphonenumber-8.11.1.pom (3.1 kB at 45 kB/s)
#13 26.06 [INFO] Downloading from central: https://repo.maven.apache.org/maven2/com/googlecode/libphonenumber/libphonenumber-parent/8.11.1/libphonenumber-parent-8.11.1.pom
#13 26.10 [INFO] Downloaded from central: https://repo.maven.apache.org/maven2/com/googlecode/libphonenumber/libphonenumber-parent/8.11.1/libphonenumber-parent-8.11.1.pom (7.1 kB at 174 kB/s)
#13 26.10 [INFO] Downloading from central: https://repo.maven.apache.org/maven2/net/sf/jopt-simple/jopt-simple/5.0.4/jopt-simple-5.0.4.pom
#13 26.14 [INFO] Downloaded from central: https://repo.maven.apache.org/maven2/net/sf/jopt-simple/jopt-simple/5.0.4/jopt-simple-5.0.4.pom (14 kB at 368 kB/s)
#13 26.14 [INFO] Downloading from central: https://repo.maven.apache.org/maven2/com/github/java-json-tools/json-patch/1.13/json-patch-1.13.pom
#13 26.18 [INFO] Downloaded from central: https://repo.maven.apache.org/maven2/com/github/java-json-tools/json-patch/1.13/json-patch-1.13.pom (3.3 kB at 92 kB/s)
#13 26.18 [INFO] Downloading from central: https://repo.maven.apache.org/maven2/org/apache/httpcomponents/httpclient/4.5.14/httpclient-4.5.14.pom
#13 26.22 [INFO] Downloaded from central: https://repo.maven.apache.org/maven2/org/apache/httpcomponents/httpclient/4.5.14/httpclient-4.5.14.pom (6.6 kB at 184 kB/s)
#13 26.22 [INFO] Downloading from central: https://repo.maven.apache.org/maven2/org/apache/httpcomponents/httpcomponents-client/4.5.14/httpcomponents-client-4.5.14.pom
#13 26.26 [INFO] Downloaded from central: https://repo.maven.apache.org/maven2/org/apache/httpcomponents/httpcomponents-client/4.5.14/httpcomponents-client-4.5.14.pom (15 kB at 402 kB/s)
#13 26.26 [INFO] Downloading from central: https://repo.maven.apache.org/maven2/org/apache/httpcomponents/httpcomponents-parent/11/httpcomponents-parent-11.pom
#13 26.32 [INFO] Downloaded from central: https://repo.maven.apache.org/maven2/org/apache/httpcomponents/httpcomponents-parent/11/httpcomponents-parent-11.pom (35 kB at 642 kB/s)
#13 26.32 [INFO] Downloading from central: https://repo.maven.apache.org/maven2/org/apache/httpcomponents/httpcore/4.4.16/httpcore-4.4.16.pom
#13 26.36 [INFO] Downloaded from central: https://repo.maven.apache.org/maven2/org/apache/httpcomponents/httpcore/4.4.16/httpcore-4.4.16.pom (5.0 kB at 134 kB/s)
#13 26.36 [INFO] Downloading from central: https://repo.maven.apache.org/maven2/org/apache/httpcomponents/httpcomponents-core/4.4.16/httpcomponents-core-4.4.16.pom
#13 26.40 [INFO] Downloaded from central: https://repo.maven.apache.org/maven2/org/apache/httpcomponents/httpcomponents-core/4.4.16/httpcomponents-core-4.4.16.pom (12 kB at 306 kB/s)
#13 26.40 [INFO] Downloading from central: https://repo.maven.apache.org/maven2/commons-codec/commons-codec/1.11/commons-codec-1.11.pom
#13 26.44 [INFO] Downloaded from central: https://repo.maven.apache.org/maven2/commons-codec/commons-codec/1.11/commons-codec-1.11.pom (14 kB at 358 kB/s)
#13 26.44 [INFO] Downloading from central: https://repo.maven.apache.org/maven2/org/apache/commons/commons-parent/42/commons-parent-42.pom
#13 26.48 [INFO] Downloaded from central: https://repo.maven.apache.org/maven2/org/apache/commons/commons-parent/42/commons-parent-42.pom (68 kB at 1.7 MB/s)
#13 26.49 [INFO] Downloading from central: https://repo.maven.apache.org/maven2/io/swagger/core/v3/swagger-models/2.2.21/swagger-models-2.2.21.pom
#13 26.52 [INFO] Downloaded from central: https://repo.maven.apache.org/maven2/io/swagger/core/v3/swagger-models/2.2.21/swagger-models-2.2.21.pom (3.2 kB at 86 kB/s)
#13 26.53 [INFO] Downloading from central: https://repo.maven.apache.org/maven2/io/swagger/core/v3/swagger-project/2.2.21/swagger-project-2.2.21.pom
#13 26.56 [INFO] Downloaded from central: https://repo.maven.apache.org/maven2/io/swagger/core/v3/swagger-project/2.2.21/swagger-project-2.2.21.pom (29 kB at 746 kB/s)
#13 26.57 [INFO] Downloading from central: https://repo.maven.apache.org/maven2/com/fasterxml/jackson/core/jackson-annotations/2.16.2/jackson-annotations-2.16.2.pom
#13 26.65 [INFO] Downloaded from central: https://repo.maven.apache.org/maven2/com/fasterxml/jackson/core/jackson-annotations/2.16.2/jackson-annotations-2.16.2.pom (7.1 kB at 84 kB/s)
#13 26.65 [INFO] Downloading from central: https://repo.maven.apache.org/maven2/com/fasterxml/jackson/jackson-parent/2.16/jackson-parent-2.16.pom
#13 26.69 [INFO] Downloaded from central: https://repo.maven.apache.org/maven2/com/fasterxml/jackson/jackson-parent/2.16/jackson-parent-2.16.pom (6.5 kB at 176 kB/s)
#13 26.69 [INFO] Downloading from central: https://repo.maven.apache.org/maven2/com/fasterxml/oss-parent/56/oss-parent-56.pom
#13 26.73 [INFO] Downloaded from central: https://repo.maven.apache.org/maven2/com/fasterxml/oss-parent/56/oss-parent-56.pom (24 kB at 604 kB/s)
#13 26.73 [INFO] Downloading from central: https://repo.maven.apache.org/maven2/io/swagger/parser/v3/swagger-parser-core/2.1.22/swagger-parser-core-2.1.22.pom
#13 26.77 [INFO] Downloaded from central: https://repo.maven.apache.org/maven2/io/swagger/parser/v3/swagger-parser-core/2.1.22/swagger-parser-core-2.1.22.pom (1.1 kB at 35 kB/s)
#13 26.77 [INFO] Downloading from central: https://repo.maven.apache.org/maven2/io/swagger/parser/v3/swagger-parser-v3/2.1.22/swagger-parser-v3-2.1.22.pom
#13 26.81 [INFO] Downloaded from central: https://repo.maven.apache.org/maven2/io/swagger/parser/v3/swagger-parser-v3/2.1.22/swagger-parser-v3-2.1.22.pom (3.7 kB at 89 kB/s)
#13 26.81 [INFO] Downloading from central: https://repo.maven.apache.org/maven2/io/swagger/core/v3/swagger-core/2.2.21/swagger-core-2.2.21.pom
#13 26.85 [INFO] Downloaded from central: https://repo.maven.apache.org/maven2/io/swagger/core/v3/swagger-core/2.2.21/swagger-core-2.2.21.pom (6.3 kB at 171 kB/s)
#13 26.85 [INFO] Downloading from central: https://repo.maven.apache.org/maven2/com/fasterxml/jackson/core/jackson-databind/2.16.2/jackson-databind-2.16.2.pom
#13 26.88 [INFO] Downloaded from central: https://repo.maven.apache.org/maven2/com/fasterxml/jackson/core/jackson-databind/2.16.2/jackson-databind-2.16.2.pom (21 kB at 647 kB/s)
#13 26.89 [INFO] Downloading from central: https://repo.maven.apache.org/maven2/com/fasterxml/jackson/jackson-base/2.16.2/jackson-base-2.16.2.pom
#13 26.92 [INFO] Downloaded from central: https://repo.maven.apache.org/maven2/com/fasterxml/jackson/jackson-base/2.16.2/jackson-base-2.16.2.pom (11 kB at 334 kB/s)
#13 26.92 [INFO] Downloading from central: https://repo.maven.apache.org/maven2/com/fasterxml/jackson/jackson-bom/2.16.2/jackson-bom-2.16.2.pom
#13 26.96 [INFO] Downloaded from central: https://repo.maven.apache.org/maven2/com/fasterxml/jackson/jackson-bom/2.16.2/jackson-bom-2.16.2.pom (18 kB at 499 kB/s)
#13 26.97 [INFO] Downloading from central: https://repo.maven.apache.org/maven2/org/junit/junit-bom/5.9.2/junit-bom-5.9.2.pom
#13 27.01 [INFO] Downloaded from central: https://repo.maven.apache.org/maven2/org/junit/junit-bom/5.9.2/junit-bom-5.9.2.pom (5.6 kB at 141 kB/s)
#13 27.02 [INFO] Downloading from central: https://repo.maven.apache.org/maven2/com/fasterxml/jackson/core/jackson-core/2.16.2/jackson-core-2.16.2.pom
#13 27.06 [INFO] Downloaded from central: https://repo.maven.apache.org/maven2/com/fasterxml/jackson/core/jackson-core/2.16.2/jackson-core-2.16.2.pom (9.9 kB at 207 kB/s)
#13 27.07 [INFO] Downloading from central: https://repo.maven.apache.org/maven2/com/fasterxml/jackson/dataformat/jackson-dataformat-yaml/2.16.2/jackson-dataformat-yaml-2.16.2.pom
#13 27.10 [INFO] Downloaded from central: https://repo.maven.apache.org/maven2/com/fasterxml/jackson/dataformat/jackson-dataformat-yaml/2.16.2/jackson-dataformat-yaml-2.16.2.pom (2.6 kB at 73 kB/s)
#13 27.11 [INFO] Downloading from central: https://repo.maven.apache.org/maven2/com/fasterxml/jackson/dataformat/jackson-dataformats-text/2.16.2/jackson-dataformats-text-2.16.2.pom
#13 27.14 [INFO] Downloaded from central: https://repo.maven.apache.org/maven2/com/fasterxml/jackson/dataformat/jackson-dataformats-text/2.16.2/jackson-dataformats-text-2.16.2.pom (3.5 kB at 92 kB/s)
#13 27.15 [INFO] Downloading from central: https://repo.maven.apache.org/maven2/com/fasterxml/jackson/datatype/jackson-datatype-jsr310/2.16.2/jackson-datatype-jsr310-2.16.2.pom
#13 27.19 [INFO] Downloaded from central: https://repo.maven.apache.org/maven2/com/fasterxml/jackson/datatype/jackson-datatype-jsr310/2.16.2/jackson-datatype-jsr310-2.16.2.pom (4.9 kB at 126 kB/s)
#13 27.19 [INFO] Downloading from central: https://repo.maven.apache.org/maven2/com/fasterxml/jackson/module/jackson-modules-java8/2.16.2/jackson-modules-java8-2.16.2.pom
#13 27.23 [INFO] Downloaded from central: https://repo.maven.apache.org/maven2/com/fasterxml/jackson/module/jackson-modules-java8/2.16.2/jackson-modules-java8-2.16.2.pom (3.1 kB at 77 kB/s)
#13 27.23 [INFO] Downloading from central: https://repo.maven.apache.org/maven2/io/swagger/core/v3/swagger-annotations/2.2.21/swagger-annotations-2.2.21.pom
#13 27.29 [INFO] Downloaded from central: https://repo.maven.apache.org/maven2/io/swagger/core/v3/swagger-annotations/2.2.21/swagger-annotations-2.2.21.pom (4.7 kB at 81 kB/s)
#13 27.29 [INFO] Downloading from central: https://repo.maven.apache.org/maven2/io/swagger/parser/v3/swagger-parser-safe-url-resolver/2.1.22/swagger-parser-safe-url-resolver-2.1.22.pom
#13 27.33 [INFO] Downloaded from central: https://repo.maven.apache.org/maven2/io/swagger/parser/v3/swagger-parser-safe-url-resolver/2.1.22/swagger-parser-safe-url-resolver-2.1.22.pom (1.7 kB at 46 kB/s)
#13 27.33 [INFO] Downloading from central: https://repo.maven.apache.org/maven2/jakarta/validation/jakarta.validation-api/2.0.2/jakarta.validation-api-2.0.2.pom
#13 27.43 [INFO] Downloaded from central: https://repo.maven.apache.org/maven2/jakarta/validation/jakarta.validation-api/2.0.2/jakarta.validation-api-2.0.2.pom (11 kB at 117 kB/s)
#13 27.43 [INFO] Downloading from central: https://repo.maven.apache.org/maven2/org/eclipse/ee4j/project/1.0.5/project-1.0.5.pom
#13 27.47 [INFO] Downloaded from central: https://repo.maven.apache.org/maven2/org/eclipse/ee4j/project/1.0.5/project-1.0.5.pom (13 kB at 321 kB/s)
#13 27.48 [INFO] Downloading from central: https://repo.maven.apache.org/maven2/com/samskivert/jmustache/1.15/jmustache-1.15.pom
#13 27.52 [INFO] Downloaded from central: https://repo.maven.apache.org/maven2/com/samskivert/jmustache/1.15/jmustache-1.15.pom (8.4 kB at 186 kB/s)
#13 27.52 [INFO] Downloading from central: https://repo.maven.apache.org/maven2/com/github/jknack/handlebars/4.3.1/handlebars-4.3.1.pom
#13 27.56 [INFO] Downloaded from central: https://repo.maven.apache.org/maven2/com/github/jknack/handlebars/4.3.1/handlebars-4.3.1.pom (12 kB at 331 kB/s)
#13 27.56 [INFO] Downloading from central: https://repo.maven.apache.org/maven2/com/github/jknack/handlebars.java/4.3.1/handlebars.java-4.3.1.pom
#13 27.60 [INFO] Downloaded from central: https://repo.maven.apache.org/maven2/com/github/jknack/handlebars.java/4.3.1/handlebars.java-4.3.1.pom (12 kB at 344 kB/s)
#13 27.60 [INFO] Downloading from central: https://repo.maven.apache.org/maven2/org/slf4j/slf4j-api/1.7.32/slf4j-api-1.7.32.pom
#13 27.64 [INFO] Downloaded from central: https://repo.maven.apache.org/maven2/org/slf4j/slf4j-api/1.7.32/slf4j-api-1.7.32.pom (3.8 kB at 98 kB/s)
#13 27.64 [INFO] Downloading from central: https://repo.maven.apache.org/maven2/org/slf4j/slf4j-parent/1.7.32/slf4j-parent-1.7.32.pom
#13 27.69 [INFO] Downloaded from central: https://repo.maven.apache.org/maven2/org/slf4j/slf4j-parent/1.7.32/slf4j-parent-1.7.32.pom (14 kB at 307 kB/s)
#13 27.69 [INFO] Downloading from central: https://repo.maven.apache.org/maven2/com/github/jknack/handlebars-jackson2/4.3.1/handlebars-jackson2-4.3.1.pom
#13 27.78 [INFO] Downloaded from central: https://repo.maven.apache.org/maven2/com/github/jknack/handlebars-jackson2/4.3.1/handlebars-jackson2-4.3.1.pom (1.8 kB at 21 kB/s)
#13 27.78 [INFO] Downloading from central: https://repo.maven.apache.org/maven2/com/fasterxml/jackson/core/jackson-databind/2.14.0-rc2/jackson-databind-2.14.0-rc2.pom
#13 27.81 [INFO] Downloaded from central: https://repo.maven.apache.org/maven2/com/fasterxml/jackson/core/jackson-databind/2.14.0-rc2/jackson-databind-2.14.0-rc2.pom (17 kB at 472 kB/s)
#13 27.81 [INFO] Downloading from central: https://repo.maven.apache.org/maven2/com/fasterxml/jackson/jackson-base/2.14.0-rc2/jackson-base-2.14.0-rc2.pom
#13 27.86 [INFO] Downloaded from central: https://repo.maven.apache.org/maven2/com/fasterxml/jackson/jackson-base/2.14.0-rc2/jackson-base-2.14.0-rc2.pom (10 kB at 256 kB/s)
#13 27.86 [INFO] Downloading from central: https://repo.maven.apache.org/maven2/com/fasterxml/jackson/jackson-bom/2.14.0-rc2/jackson-bom-2.14.0-rc2.pom
#13 27.90 [INFO] Downloaded from central: https://repo.maven.apache.org/maven2/com/fasterxml/jackson/jackson-bom/2.14.0-rc2/jackson-bom-2.14.0-rc2.pom (18 kB at 417 kB/s)
#13 27.90 [INFO] Downloading from central: https://repo.maven.apache.org/maven2/com/fasterxml/jackson/jackson-parent/2.14-rc2/jackson-parent-2.14-rc2.pom
#13 27.94 [INFO] Downloaded from central: https://repo.maven.apache.org/maven2/com/fasterxml/jackson/jackson-parent/2.14-rc2/jackson-parent-2.14-rc2.pom (7.7 kB at 219 kB/s)
#13 27.94 [INFO] Downloading from central: https://repo.maven.apache.org/maven2/com/fasterxml/oss-parent/48/oss-parent-48.pom
#13 27.98 [INFO] Downloaded from central: https://repo.maven.apache.org/maven2/com/fasterxml/oss-parent/48/oss-parent-48.pom (24 kB at 594 kB/s)
#13 27.98 [INFO] Downloading from central: https://repo.maven.apache.org/maven2/com/fasterxml/jackson/core/jackson-annotations/2.14.0-rc2/jackson-annotations-2.14.0-rc2.pom
#13 28.03 [INFO] Downloaded from central: https://repo.maven.apache.org/maven2/com/fasterxml/jackson/core/jackson-annotations/2.14.0-rc2/jackson-annotations-2.14.0-rc2.pom (6.2 kB at 138 kB/s)
#13 28.03 [INFO] Downloading from central: https://repo.maven.apache.org/maven2/com/fasterxml/jackson/core/jackson-core/2.14.0-rc2/jackson-core-2.14.0-rc2.pom
#13 28.07 [INFO] Downloaded from central: https://repo.maven.apache.org/maven2/com/fasterxml/jackson/core/jackson-core/2.14.0-rc2/jackson-core-2.14.0-rc2.pom (6.4 kB at 155 kB/s)
#13 28.07 [INFO] Downloading from central: https://repo.maven.apache.org/maven2/org/slf4j/slf4j-ext/1.7.36/slf4j-ext-1.7.36.pom
#13 28.11 [INFO] Downloaded from central: https://repo.maven.apache.org/maven2/org/slf4j/slf4j-ext/1.7.36/slf4j-ext-1.7.36.pom (2.8 kB at 82 kB/s)
#13 28.11 [INFO] Downloading from central: https://repo.maven.apache.org/maven2/org/slf4j/slf4j-simple/1.7.36/slf4j-simple-1.7.36.pom
#13 28.15 [INFO] Downloaded from central: https://repo.maven.apache.org/maven2/org/slf4j/slf4j-simple/1.7.36/slf4j-simple-1.7.36.pom (1.0 kB at 26 kB/s)
#13 28.15 [INFO] Downloading from central: https://repo.maven.apache.org/maven2/org/apache/commons/commons-text/1.10.0/commons-text-1.10.0.pom
#13 28.19 [INFO] Downloaded from central: https://repo.maven.apache.org/maven2/org/apache/commons/commons-text/1.10.0/commons-text-1.10.0.pom (21 kB at 595 kB/s)
#13 28.19 [INFO] Downloading from central: https://repo.maven.apache.org/maven2/org/apache/commons/commons-parent/54/commons-parent-54.pom
#13 35.10 [INFO] Downloaded from central: https://repo.maven.apache.org/maven2/org/apache/commons/commons-parent/54/commons-parent-54.pom (82 kB at 12 kB/s)
#13 35.11 [INFO] Downloading from central: https://repo.maven.apache.org/maven2/org/junit/junit-bom/5.9.1/junit-bom-5.9.1.pom
#13 35.14 [INFO] Downloaded from central: https://repo.maven.apache.org/maven2/org/junit/junit-bom/5.9.1/junit-bom-5.9.1.pom (5.6 kB at 161 kB/s)
#13 35.14 [INFO] Downloading from central: https://repo.maven.apache.org/maven2/org/apache/maven/resolver/maven-resolver-util/1.9.18/maven-resolver-util-1.9.18.pom
#13 27.83 [INFO] Downloaded from central: https://repo.maven.apache.org/maven2/org/apache/maven/resolver/maven-resolver-util/1.9.18/maven-resolver-util-1.9.18.pom (2.9 kB)
#13 27.83 [INFO] Downloading from central: https://repo.maven.apache.org/maven2/org/apache/maven/resolver/maven-resolver/1.9.18/maven-resolver-1.9.18.pom
#13 27.86 [INFO] Downloaded from central: https://repo.maven.apache.org/maven2/org/apache/maven/resolver/maven-resolver/1.9.18/maven-resolver-1.9.18.pom (22 kB at 657 kB/s)
#13 27.86 [INFO] Downloading from central: https://repo.maven.apache.org/maven2/org/apache/maven/resolver/maven-resolver-api/1.9.18/maven-resolver-api-1.9.18.pom
#13 27.91 [INFO] Downloaded from central: https://repo.maven.apache.org/maven2/org/apache/maven/resolver/maven-resolver-api/1.9.18/maven-resolver-api-1.9.18.pom (2.7 kB at 64 kB/s)
#13 27.91 [INFO] Downloading from central: https://repo.maven.apache.org/maven2/commons-cli/commons-cli/1.5.0/commons-cli-1.5.0.pom
#13 27.95 [INFO] Downloaded from central: https://repo.maven.apache.org/maven2/commons-cli/commons-cli/1.5.0/commons-cli-1.5.0.pom (15 kB at 395 kB/s)
#13 27.95 [INFO] Downloading from central: https://repo.maven.apache.org/maven2/com/google/guava/guava/32.1.3-jre/guava-32.1.3-jre.pom
#13 27.99 [INFO] Downloaded from central: https://repo.maven.apache.org/maven2/com/google/guava/guava/32.1.3-jre/guava-32.1.3-jre.pom (13 kB at 347 kB/s)
#13 27.99 [INFO] Downloading from central: https://repo.maven.apache.org/maven2/com/google/guava/guava-parent/32.1.3-jre/guava-parent-32.1.3-jre.pom
#13 28.03 [INFO] Downloaded from central: https://repo.maven.apache.org/maven2/com/google/guava/guava-parent/32.1.3-jre/guava-parent-32.1.3-jre.pom (20 kB at 591 kB/s)
#13 28.03 [INFO] Downloading from central: https://repo.maven.apache.org/maven2/com/fasterxml/jackson/datatype/jackson-datatype-guava/2.17.1/jackson-datatype-guava-2.17.1.pom
#13 28.07 [INFO] Downloaded from central: https://repo.maven.apache.org/maven2/com/fasterxml/jackson/datatype/jackson-datatype-guava/2.17.1/jackson-datatype-guava-2.17.1.pom (3.2 kB at 95 kB/s)
#13 28.07 [INFO] Downloading from central: https://repo.maven.apache.org/maven2/com/fasterxml/jackson/datatype/jackson-datatypes-collections/2.17.1/jackson-datatypes-collections-2.17.1.pom
#13 28.11 [INFO] Downloaded from central: https://repo.maven.apache.org/maven2/com/fasterxml/jackson/datatype/jackson-datatypes-collections/2.17.1/jackson-datatypes-collections-2.17.1.pom (3.5 kB at 85 kB/s)
#13 28.11 [INFO] Downloading from central: https://repo.maven.apache.org/maven2/com/fasterxml/jackson/jackson-base/2.17.1/jackson-base-2.17.1.pom
#13 28.16 [INFO] Downloaded from central: https://repo.maven.apache.org/maven2/com/fasterxml/jackson/jackson-base/2.17.1/jackson-base-2.17.1.pom (12 kB at 240 kB/s)
#13 28.16 [INFO] Downloading from central: https://repo.maven.apache.org/maven2/com/fasterxml/jackson/jackson-bom/2.17.1/jackson-bom-2.17.1.pom
#13 28.21 [INFO] Downloaded from central: https://repo.maven.apache.org/maven2/com/fasterxml/jackson/jackson-bom/2.17.1/jackson-bom-2.17.1.pom (19 kB at 406 kB/s)
#13 28.21 [INFO] Downloading from central: https://repo.maven.apache.org/maven2/com/google/guava/guava/25.1-jre/guava-25.1-jre.pom
#13 28.25 [INFO] Downloaded from central: https://repo.maven.apache.org/maven2/com/google/guava/guava/25.1-jre/guava-25.1-jre.pom (7.8 kB at 210 kB/s)
#13 28.25 [INFO] Downloading from central: https://repo.maven.apache.org/maven2/com/google/guava/guava-parent/25.1-jre/guava-parent-25.1-jre.pom
#13 28.34 [INFO] Downloaded from central: https://repo.maven.apache.org/maven2/com/google/guava/guava-parent/25.1-jre/guava-parent-25.1-jre.pom (10 kB at 121 kB/s)
#13 28.34 [INFO] Downloading from central: https://repo.maven.apache.org/maven2/org/checkerframework/checker-qual/2.0.0/checker-qual-2.0.0.pom
#13 28.38 [INFO] Downloaded from central: https://repo.maven.apache.org/maven2/org/checkerframework/checker-qual/2.0.0/checker-qual-2.0.0.pom (4.2 kB at 110 kB/s)
#13 28.38 [INFO] Downloading from central: https://repo.maven.apache.org/maven2/com/google/errorprone/error_prone_annotations/2.1.3/error_prone_annotations-2.1.3.pom
#13 28.42 [INFO] Downloaded from central: https://repo.maven.apache.org/maven2/com/google/errorprone/error_prone_annotations/2.1.3/error_prone_annotations-2.1.3.pom (1.8 kB at 47 kB/s)
#13 28.42 [INFO] Downloading from central: https://repo.maven.apache.org/maven2/com/google/errorprone/error_prone_parent/2.1.3/error_prone_parent-2.1.3.pom
#13 28.46 [INFO] Downloaded from central: https://repo.maven.apache.org/maven2/com/google/errorprone/error_prone_parent/2.1.3/error_prone_parent-2.1.3.pom (5.1 kB at 134 kB/s)
#13 28.46 [INFO] Downloading from central: https://repo.maven.apache.org/maven2/com/google/j2objc/j2objc-annotations/1.1/j2objc-annotations-1.1.pom
#13 28.50 [INFO] Downloaded from central: https://repo.maven.apache.org/maven2/com/google/j2objc/j2objc-annotations/1.1/j2objc-annotations-1.1.pom (2.8 kB at 67 kB/s)
#13 28.50 [INFO] Downloading from central: https://repo.maven.apache.org/maven2/org/codehaus/mojo/animal-sniffer-annotations/1.14/animal-sniffer-annotations-1.14.pom
#13 28.54 [INFO] Downloaded from central: https://repo.maven.apache.org/maven2/org/codehaus/mojo/animal-sniffer-annotations/1.14/animal-sniffer-annotations-1.14.pom (2.5 kB at 67 kB/s)
#13 28.54 [INFO] Downloading from central: https://repo.maven.apache.org/maven2/org/codehaus/mojo/animal-sniffer-parent/1.14/animal-sniffer-parent-1.14.pom
#13 28.60 [INFO] Downloaded from central: https://repo.maven.apache.org/maven2/org/codehaus/mojo/animal-sniffer-parent/1.14/animal-sniffer-parent-1.14.pom (4.4 kB at 76 kB/s)
#13 28.60 [INFO] Downloading from central: https://repo.maven.apache.org/maven2/org/codehaus/mojo/mojo-parent/34/mojo-parent-34.pom
#13 28.65 [INFO] Downloaded from central: https://repo.maven.apache.org/maven2/org/codehaus/mojo/mojo-parent/34/mojo-parent-34.pom (24 kB at 518 kB/s)
#13 28.65 [INFO] Downloading from central: https://repo.maven.apache.org/maven2/org/codehaus/codehaus-parent/4/codehaus-parent-4.pom
#13 28.69 [INFO] Downloaded from central: https://repo.maven.apache.org/maven2/org/codehaus/codehaus-parent/4/codehaus-parent-4.pom (4.8 kB at 115 kB/s)
#13 28.69 [INFO] Downloading from central: https://repo.maven.apache.org/maven2/com/fasterxml/jackson/core/jackson-core/2.17.1/jackson-core-2.17.1.pom
#13 28.73 [INFO] Downloaded from central: https://repo.maven.apache.org/maven2/com/fasterxml/jackson/core/jackson-core/2.17.1/jackson-core-2.17.1.pom (9.6 kB at 261 kB/s)
#13 28.73 [INFO] Downloading from central: https://repo.maven.apache.org/maven2/com/fasterxml/jackson/core/jackson-databind/2.17.1/jackson-databind-2.17.1.pom
#13 28.77 [INFO] Downloaded from central: https://repo.maven.apache.org/maven2/com/fasterxml/jackson/core/jackson-databind/2.17.1/jackson-databind-2.17.1.pom (21 kB at 575 kB/s)
#13 28.77 [INFO] Downloading from central: https://repo.maven.apache.org/maven2/com/fasterxml/jackson/core/jackson-annotations/2.17.1/jackson-annotations-2.17.1.pom
#13 28.81 [INFO] Downloaded from central: https://repo.maven.apache.org/maven2/com/fasterxml/jackson/core/jackson-annotations/2.17.1/jackson-annotations-2.17.1.pom (7.1 kB at 196 kB/s)
#13 28.81 [INFO] Downloading from central: https://repo.maven.apache.org/maven2/org/commonmark/commonmark/0.21.0/commonmark-0.21.0.pom
#13 28.85 [INFO] Downloaded from central: https://repo.maven.apache.org/maven2/org/commonmark/commonmark/0.21.0/commonmark-0.21.0.pom (2.7 kB at 73 kB/s)
#13 28.85 [INFO] Downloading from central: https://repo.maven.apache.org/maven2/org/commonmark/commonmark-parent/0.21.0/commonmark-parent-0.21.0.pom
#13 28.90 [INFO] Downloaded from central: https://repo.maven.apache.org/maven2/org/commonmark/commonmark-parent/0.21.0/commonmark-parent-0.21.0.pom (12 kB at 274 kB/s)
#13 28.90 [INFO] Downloading from central: https://repo.maven.apache.org/maven2/com/github/mifmif/generex/1.0.2/generex-1.0.2.pom
#13 28.94 [INFO] Downloaded from central: https://repo.maven.apache.org/maven2/com/github/mifmif/generex/1.0.2/generex-1.0.2.pom (11 kB at 290 kB/s)
#13 28.94 [INFO] Downloading from central: https://repo.maven.apache.org/maven2/dk/brics/automaton/automaton/1.11-8/automaton-1.11-8.pom
#13 28.99 [INFO] Downloaded from central: https://repo.maven.apache.org/maven2/dk/brics/automaton/automaton/1.11-8/automaton-1.11-8.pom (1.1 kB at 25 kB/s)
#13 28.99 [INFO] Downloading from central: https://repo.maven.apache.org/maven2/com/github/curious-odd-man/rgxgen/1.4/rgxgen-1.4.pom
#13 29.03 [INFO] Downloaded from central: https://repo.maven.apache.org/maven2/com/github/curious-odd-man/rgxgen/1.4/rgxgen-1.4.pom (11 kB at 316 kB/s)
#13 29.03 [INFO] Downloading from central: https://repo.maven.apache.org/maven2/com/fasterxml/jackson/datatype/jackson-datatype-joda/2.17.1/jackson-datatype-joda-2.17.1.pom
#13 29.07 [INFO] Downloaded from central: https://repo.maven.apache.org/maven2/com/fasterxml/jackson/datatype/jackson-datatype-joda/2.17.1/jackson-datatype-joda-2.17.1.pom (4.8 kB at 117 kB/s)
#13 29.07 [INFO] Downloading from central: https://repo.maven.apache.org/maven2/joda-time/joda-time/2.10.14/joda-time-2.10.14.pom
#13 29.11 [INFO] Downloaded from central: https://repo.maven.apache.org/maven2/joda-time/joda-time/2.10.14/joda-time-2.10.14.pom (37 kB at 1.1 MB/s)
#13 29.11 [INFO] Downloading from central: https://repo.maven.apache.org/maven2/com/github/joschi/jackson/jackson-datatype-threetenbp/2.15.2/jackson-datatype-threetenbp-2.15.2.pom
#13 29.15 [INFO] Downloaded from central: https://repo.maven.apache.org/maven2/com/github/joschi/jackson/jackson-datatype-threetenbp/2.15.2/jackson-datatype-threetenbp-2.15.2.pom (9.9 kB at 262 kB/s)
#13 29.15 [INFO] Downloading from central: https://repo.maven.apache.org/maven2/com/fasterxml/jackson/jackson-base/2.15.2/jackson-base-2.15.2.pom
#13 29.23 [INFO] Downloaded from central: https://repo.maven.apache.org/maven2/com/fasterxml/jackson/jackson-base/2.15.2/jackson-base-2.15.2.pom (11 kB at 145 kB/s)
#13 29.23 [INFO] Downloading from central: https://repo.maven.apache.org/maven2/com/fasterxml/jackson/jackson-bom/2.15.2/jackson-bom-2.15.2.pom
#13 29.26 [INFO] Downloaded from central: https://repo.maven.apache.org/maven2/com/fasterxml/jackson/jackson-bom/2.15.2/jackson-bom-2.15.2.pom (18 kB at 529 kB/s)
#13 29.26 [INFO] Downloading from central: https://repo.maven.apache.org/maven2/com/fasterxml/jackson/jackson-parent/2.15/jackson-parent-2.15.pom
#13 29.31 [INFO] Downloaded from central: https://repo.maven.apache.org/maven2/com/fasterxml/jackson/jackson-parent/2.15/jackson-parent-2.15.pom (6.5 kB at 128 kB/s)
#13 29.32 [INFO] Downloading from central: https://repo.maven.apache.org/maven2/com/fasterxml/oss-parent/50/oss-parent-50.pom
#13 29.35 [INFO] Downloaded from central: https://repo.maven.apache.org/maven2/com/fasterxml/oss-parent/50/oss-parent-50.pom (24 kB at 638 kB/s)
#13 29.36 [INFO] Downloading from central: https://repo.maven.apache.org/maven2/org/threeten/threetenbp/1.6.8/threetenbp-1.6.8.pom
#13 29.40 [INFO] Downloaded from central: https://repo.maven.apache.org/maven2/org/threeten/threetenbp/1.6.8/threetenbp-1.6.8.pom (33 kB at 780 kB/s)
#13 29.40 [INFO] Downloading from central: https://repo.maven.apache.org/maven2/com/fasterxml/jackson/core/jackson-core/2.15.2/jackson-core-2.15.2.pom
#13 29.46 [INFO] Downloaded from central: https://repo.maven.apache.org/maven2/com/fasterxml/jackson/core/jackson-core/2.15.2/jackson-core-2.15.2.pom (9.8 kB at 178 kB/s)
#13 29.46 [INFO] Downloading from central: https://repo.maven.apache.org/maven2/com/fasterxml/jackson/core/jackson-databind/2.15.2/jackson-databind-2.15.2.pom
#13 29.51 [INFO] Downloaded from central: https://repo.maven.apache.org/maven2/com/fasterxml/jackson/core/jackson-databind/2.15.2/jackson-databind-2.15.2.pom (19 kB at 420 kB/s)
#13 29.51 [INFO] Downloading from central: https://repo.maven.apache.org/maven2/com/fasterxml/jackson/core/jackson-annotations/2.15.2/jackson-annotations-2.15.2.pom
#13 29.55 [INFO] Downloaded from central: https://repo.maven.apache.org/maven2/com/fasterxml/jackson/core/jackson-annotations/2.15.2/jackson-annotations-2.15.2.pom (7.1 kB at 172 kB/s)
#13 29.55 [INFO] Downloading from central: https://repo.maven.apache.org/maven2/org/openapitools/openapi-generator-core/7.8.0/openapi-generator-core-7.8.0.pom
#13 29.60 [INFO] Downloaded from central: https://repo.maven.apache.org/maven2/org/openapitools/openapi-generator-core/7.8.0/openapi-generator-core-7.8.0.pom (2.3 kB at 56 kB/s)
#13 29.60 [INFO] Downloading from central: https://repo.maven.apache.org/maven2/net/java/dev/jna/jna/5.12.1/jna-5.12.1.pom
#13 29.63 [INFO] Downloaded from central: https://repo.maven.apache.org/maven2/net/java/dev/jna/jna/5.12.1/jna-5.12.1.pom (2.0 kB at 55 kB/s)
#13 29.64 [INFO] Downloading from central: https://repo.maven.apache.org/maven2/com/github/ben-manes/caffeine/caffeine/2.9.3/caffeine-2.9.3.pom
#13 29.69 [INFO] Downloaded from central: https://repo.maven.apache.org/maven2/com/github/ben-manes/caffeine/caffeine/2.9.3/caffeine-2.9.3.pom (2.1 kB at 41 kB/s)
#13 29.69 [INFO] Downloading from central: https://repo.maven.apache.org/maven2/org/checkerframework/checker-qual/3.19.0/checker-qual-3.19.0.pom
#13 29.73 [INFO] Downloaded from central: https://repo.maven.apache.org/maven2/org/checkerframework/checker-qual/3.19.0/checker-qual-3.19.0.pom (2.1 kB at 57 kB/s)
#13 29.73 [INFO] Downloading from central: https://repo.maven.apache.org/maven2/com/google/errorprone/error_prone_annotations/2.10.0/error_prone_annotations-2.10.0.pom
#13 29.80 [INFO] Downloaded from central: https://repo.maven.apache.org/maven2/com/google/errorprone/error_prone_annotations/2.10.0/error_prone_annotations-2.10.0.pom (2.1 kB at 27 kB/s)
#13 29.81 [INFO] Downloading from central: https://repo.maven.apache.org/maven2/com/google/errorprone/error_prone_parent/2.10.0/error_prone_parent-2.10.0.pom
#13 29.85 [INFO] Downloaded from central: https://repo.maven.apache.org/maven2/com/google/errorprone/error_prone_parent/2.10.0/error_prone_parent-2.10.0.pom (10 kB at 249 kB/s)
#13 29.85 [INFO] Downloading from central: https://repo.maven.apache.org/maven2/org/projectlombok/lombok/1.18.30/lombok-1.18.30.pom
#13 29.90 [INFO] Downloaded from central: https://repo.maven.apache.org/maven2/org/projectlombok/lombok/1.18.30/lombok-1.18.30.pom (1.5 kB at 30 kB/s)
#13 29.91 [INFO] Downloading from central: https://repo.maven.apache.org/maven2/org/codehaus/plexus/plexus-utils/1.5.8/plexus-utils-1.5.8.jar
#13 29.98 [INFO] Downloaded from central: https://repo.maven.apache.org/maven2/org/codehaus/plexus/plexus-utils/1.5.8/plexus-utils-1.5.8.jar (268 kB at 3.8 MB/s)
#13 29.98 [INFO] Downloading from central: https://repo.maven.apache.org/maven2/org/apache/maven/plugin-tools/maven-plugin-annotations/3.9.0/maven-plugin-annotations-3.9.0.jar
#13 29.98 [INFO] Downloading from central: https://repo.maven.apache.org/maven2/org/openapitools/openapi-generator/7.8.0/openapi-generator-7.8.0.jar
#13 29.98 [INFO] Downloading from central: https://repo.maven.apache.org/maven2/io/swagger/parser/v3/swagger-parser/2.1.22/swagger-parser-2.1.22.jar
#13 29.98 [INFO] Downloading from central: https://repo.maven.apache.org/maven2/io/swagger/parser/v3/swagger-parser-v2-converter/2.1.22/swagger-parser-v2-converter-2.1.22.jar
#13 29.98 [INFO] Downloading from central: https://repo.maven.apache.org/maven2/io/swagger/swagger-core/1.6.14/swagger-core-1.6.14.jar
#13 30.02 [INFO] Downloaded from central: https://repo.maven.apache.org/maven2/org/apache/maven/plugin-tools/maven-plugin-annotations/3.9.0/maven-plugin-annotations-3.9.0.jar (14 kB at 372 kB/s)
#13 30.02 [INFO] Downloading from central: https://repo.maven.apache.org/maven2/jakarta/xml/bind/jakarta.xml.bind-api/2.3.3/jakarta.xml.bind-api-2.3.3.jar
#13 30.03 [INFO] Downloaded from central: https://repo.maven.apache.org/maven2/io/swagger/parser/v3/swagger-parser/2.1.22/swagger-parser-2.1.22.jar (3.2 kB at 66 kB/s)
#13 30.03 [INFO] Downloading from central: https://repo.maven.apache.org/maven2/jakarta/activation/jakarta.activation-api/1.2.2/jakarta.activation-api-1.2.2.jar
#13 30.04 [INFO] Downloaded from central: https://repo.maven.apache.org/maven2/io/swagger/swagger-core/1.6.14/swagger-core-1.6.14.jar (122 kB at 2.3 MB/s)
#13 30.04 [INFO] Downloading from central: https://repo.maven.apache.org/maven2/io/swagger/swagger-models/1.6.14/swagger-models-1.6.14.jar
#13 30.04 [INFO] Downloaded from central: https://repo.maven.apache.org/maven2/io/swagger/parser/v3/swagger-parser-v2-converter/2.1.22/swagger-parser-v2-converter-2.1.22.jar (26 kB at 435 kB/s)
#13 30.04 [INFO] Downloading from central: https://repo.maven.apache.org/maven2/io/swagger/swagger-annotations/1.6.14/swagger-annotations-1.6.14.jar
#13 30.07 [INFO] Downloaded from central: https://repo.maven.apache.org/maven2/jakarta/xml/bind/jakarta.xml.bind-api/2.3.3/jakarta.xml.bind-api-2.3.3.jar (116 kB at 1.3 MB/s)
#13 30.07 [INFO] Downloading from central: https://repo.maven.apache.org/maven2/io/swagger/swagger-parser/1.0.70/swagger-parser-1.0.70.jar
#13 30.10 [INFO] Downloaded from central: https://repo.maven.apache.org/maven2/jakarta/activation/jakarta.activation-api/1.2.2/jakarta.activation-api-1.2.2.jar (47 kB at 392 kB/s)
#13 30.10 [INFO] Downloading from central: https://repo.maven.apache.org/maven2/io/swagger/swagger-parser-safe-url-resolver/1.0.70/swagger-parser-safe-url-resolver-1.0.70.jar
#13 30.10 [INFO] Downloaded from central: https://repo.maven.apache.org/maven2/io/swagger/swagger-annotations/1.6.14/swagger-annotations-1.6.14.jar (21 kB at 177 kB/s)
#13 30.10 [INFO] Downloading from central: https://repo.maven.apache.org/maven2/io/swagger/swagger-compat-spec-parser/1.0.70/swagger-compat-spec-parser-1.0.70.jar
#13 30.11 [INFO] Downloaded from central: https://repo.maven.apache.org/maven2/io/swagger/swagger-models/1.6.14/swagger-models-1.6.14.jar (158 kB at 1.2 MB/s)
#13 30.11 [INFO] Downloading from central: https://repo.maven.apache.org/maven2/com/github/java-json-tools/json-schema-validator/2.2.14/json-schema-validator-2.2.14.jar
#13 30.15 [INFO] Downloaded from central: https://repo.maven.apache.org/maven2/io/swagger/swagger-parser-safe-url-resolver/1.0.70/swagger-parser-safe-url-resolver-1.0.70.jar (9.9 kB at 60 kB/s)
#13 30.15 [INFO] Downloading from central: https://repo.maven.apache.org/maven2/com/github/java-json-tools/jackson-coreutils-equivalence/1.0/jackson-coreutils-equivalence-1.0.jar
#13 30.16 [INFO] Downloaded from central: https://repo.maven.apache.org/maven2/io/swagger/swagger-compat-spec-parser/1.0.70/swagger-compat-spec-parser-1.0.70.jar (149 kB at 859 kB/s)
#13 30.16 [INFO] Downloading from central: https://repo.maven.apache.org/maven2/com/github/java-json-tools/json-schema-core/1.2.14/json-schema-core-1.2.14.jar
#13 30.16 [INFO] Downloaded from central: https://repo.maven.apache.org/maven2/io/swagger/swagger-parser/1.0.70/swagger-parser-1.0.70.jar (98 kB at 560 kB/s)
#13 30.16 [INFO] Downloading from central: https://repo.maven.apache.org/maven2/com/github/java-json-tools/uri-template/0.10/uri-template-0.10.jar
#13 30.18 [INFO] Downloaded from central: https://repo.maven.apache.org/maven2/com/github/java-json-tools/json-schema-validator/2.2.14/json-schema-validator-2.2.14.jar (239 kB at 1.2 MB/s)
#13 30.18 [INFO] Downloading from central: https://repo.maven.apache.org/maven2/org/mozilla/rhino/1.7.7.2/rhino-1.7.7.2.jar
#13 30.24 [INFO] Downloaded from central: https://repo.maven.apache.org/maven2/com/github/java-json-tools/uri-template/0.10/uri-template-0.10.jar (58 kB at 231 kB/s)
#13 30.24 [INFO] Downloading from central: https://repo.maven.apache.org/maven2/com/googlecode/libphonenumber/libphonenumber/8.11.1/libphonenumber-8.11.1.jar
#13 30.24 [INFO] Downloaded from central: https://repo.maven.apache.org/maven2/com/github/java-json-tools/jackson-coreutils-equivalence/1.0/jackson-coreutils-equivalence-1.0.jar (1.9 kB at 7.3 kB/s)
#13 30.24 [INFO] Downloading from central: https://repo.maven.apache.org/maven2/net/sf/jopt-simple/jopt-simple/5.0.4/jopt-simple-5.0.4.jar
#13 30.26 [INFO] Downloaded from central: https://repo.maven.apache.org/maven2/com/github/java-json-tools/json-schema-core/1.2.14/json-schema-core-1.2.14.jar (176 kB at 644 kB/s)
#13 30.26 [INFO] Downloading from central: https://repo.maven.apache.org/maven2/com/github/java-json-tools/json-patch/1.13/json-patch-1.13.jar
#13 30.31 [INFO] Downloaded from central: https://repo.maven.apache.org/maven2/org/mozilla/rhino/1.7.7.2/rhino-1.7.7.2.jar (1.2 MB at 3.8 MB/s)
#13 30.31 [INFO] Downloading from central: https://repo.maven.apache.org/maven2/com/github/java-json-tools/msg-simple/1.2/msg-simple-1.2.jar
#13 30.32 [INFO] Downloaded from central: https://repo.maven.apache.org/maven2/com/github/java-json-tools/json-patch/1.13/json-patch-1.13.jar (44 kB at 132 kB/s)
#13 30.32 [INFO] Downloading from central: https://repo.maven.apache.org/maven2/com/github/java-json-tools/btf/1.3/btf-1.3.jar
#13 30.33 [INFO] Downloaded from central: https://repo.maven.apache.org/maven2/com/googlecode/libphonenumber/libphonenumber/8.11.1/libphonenumber-8.11.1.jar (345 kB at 999 kB/s)
#13 30.33 [INFO] Downloading from central: https://repo.maven.apache.org/maven2/com/github/java-json-tools/jackson-coreutils/2.0/jackson-coreutils-2.0.jar
#13 30.33 [INFO] Downloaded from central: https://repo.maven.apache.org/maven2/org/openapitools/openapi-generator/7.8.0/openapi-generator-7.8.0.jar (6.4 MB at 18 MB/s)
#13 30.33 [INFO] Downloading from central: https://repo.maven.apache.org/maven2/org/apache/httpcomponents/httpclient/4.5.14/httpclient-4.5.14.jar
#13 30.34 [INFO] Downloaded from central: https://repo.maven.apache.org/maven2/net/sf/jopt-simple/jopt-simple/5.0.4/jopt-simple-5.0.4.jar (78 kB at 222 kB/s)
#13 30.34 [INFO] Downloading from central: https://repo.maven.apache.org/maven2/org/apache/httpcomponents/httpcore/4.4.16/httpcore-4.4.16.jar
#13 30.35 [INFO] Downloaded from central: https://repo.maven.apache.org/maven2/com/github/java-json-tools/msg-simple/1.2/msg-simple-1.2.jar (37 kB at 101 kB/s)
#13 30.35 [INFO] Downloading from central: https://repo.maven.apache.org/maven2/commons-codec/commons-codec/1.11/commons-codec-1.11.jar
#13 30.36 [INFO] Downloaded from central: https://repo.maven.apache.org/maven2/com/github/java-json-tools/btf/1.3/btf-1.3.jar (9.0 kB at 24 kB/s)
#13 30.36 [INFO] Downloading from central: https://repo.maven.apache.org/maven2/io/swagger/core/v3/swagger-models/2.2.21/swagger-models-2.2.21.jar
#13 30.40 [INFO] Downloaded from central: https://repo.maven.apache.org/maven2/org/apache/httpcomponents/httpcore/4.4.16/httpcore-4.4.16.jar (328 kB at 786 kB/s)
#13 30.40 [INFO] Downloading from central: https://repo.maven.apache.org/maven2/io/swagger/parser/v3/swagger-parser-core/2.1.22/swagger-parser-core-2.1.22.jar
#13 30.41 [INFO] Downloaded from central: https://repo.maven.apache.org/maven2/commons-codec/commons-codec/1.11/commons-codec-1.11.jar (335 kB at 788 kB/s)
#13 30.41 [INFO] Downloading from central: https://repo.maven.apache.org/maven2/io/swagger/parser/v3/swagger-parser-v3/2.1.22/swagger-parser-v3-2.1.22.jar
#13 30.41 [INFO] Downloaded from central: https://repo.maven.apache.org/maven2/io/swagger/core/v3/swagger-models/2.2.21/swagger-models-2.2.21.jar (133 kB at 312 kB/s)
#13 30.41 [INFO] Downloading from central: https://repo.maven.apache.org/maven2/io/swagger/core/v3/swagger-core/2.2.21/swagger-core-2.2.21.jar
#13 30.41 [INFO] Downloaded from central: https://repo.maven.apache.org/maven2/org/apache/httpcomponents/httpclient/4.5.14/httpclient-4.5.14.jar (786 kB at 1.8 MB/s)
#13 30.41 [INFO] Downloading from central: https://repo.maven.apache.org/maven2/com/fasterxml/jackson/datatype/jackson-datatype-jsr310/2.16.2/jackson-datatype-jsr310-2.16.2.jar
#13 30.43 [INFO] Downloaded from central: https://repo.maven.apache.org/maven2/com/github/java-json-tools/jackson-coreutils/2.0/jackson-coreutils-2.0.jar (32 kB at 71 kB/s)
#13 30.43 [INFO] Downloading from central: https://repo.maven.apache.org/maven2/io/swagger/core/v3/swagger-annotations/2.2.21/swagger-annotations-2.2.21.jar
#13 30.46 [INFO] Downloaded from central: https://repo.maven.apache.org/maven2/io/swagger/parser/v3/swagger-parser-v3/2.1.22/swagger-parser-v3-2.1.22.jar (202 kB at 421 kB/s)
#13 30.46 [INFO] Downloaded from central: https://repo.maven.apache.org/maven2/io/swagger/parser/v3/swagger-parser-core/2.1.22/swagger-parser-core-2.1.22.jar (7.8 kB at 16 kB/s)
#13 30.46 [INFO] Downloading from central: https://repo.maven.apache.org/maven2/jakarta/validation/jakarta.validation-api/2.0.2/jakarta.validation-api-2.0.2.jar
#13 30.46 [INFO] Downloading from central: https://repo.maven.apache.org/maven2/io/swagger/parser/v3/swagger-parser-safe-url-resolver/2.1.22/swagger-parser-safe-url-resolver-2.1.22.jar
#13 30.47 [INFO] Downloaded from central: https://repo.maven.apache.org/maven2/com/fasterxml/jackson/datatype/jackson-datatype-jsr310/2.16.2/jackson-datatype-jsr310-2.16.2.jar (128 kB at 264 kB/s)
#13 30.47 [INFO] Downloading from central: https://repo.maven.apache.org/maven2/com/fasterxml/jackson/dataformat/jackson-dataformat-yaml/2.16.2/jackson-dataformat-yaml-2.16.2.jar
#13 30.47 [INFO] Downloaded from central: https://repo.maven.apache.org/maven2/io/swagger/core/v3/swagger-annotations/2.2.21/swagger-annotations-2.2.21.jar (47 kB at 97 kB/s)
#13 30.47 [INFO] Downloading from central: https://repo.maven.apache.org/maven2/org/yaml/snakeyaml/2.2/snakeyaml-2.2.jar
#13 30.47 [INFO] Downloaded from central: https://repo.maven.apache.org/maven2/io/swagger/core/v3/swagger-core/2.2.21/swagger-core-2.2.21.jar (226 kB at 465 kB/s)
#13 30.47 [INFO] Downloading from central: https://repo.maven.apache.org/maven2/com/samskivert/jmustache/1.15/jmustache-1.15.jar
#13 30.50 [INFO] Downloaded from central: https://repo.maven.apache.org/maven2/io/swagger/parser/v3/swagger-parser-safe-url-resolver/2.1.22/swagger-parser-safe-url-resolver-2.1.22.jar (9.9 kB at 19 kB/s)
#13 30.50 [INFO] Downloading from central: https://repo.maven.apache.org/maven2/com/github/jknack/handlebars/4.3.1/handlebars-4.3.1.jar
#13 30.50 [INFO] Downloaded from central: https://repo.maven.apache.org/maven2/jakarta/validation/jakarta.validation-api/2.0.2/jakarta.validation-api-2.0.2.jar (92 kB at 178 kB/s)
#13 30.50 [INFO] Downloading from central: https://repo.maven.apache.org/maven2/com/github/jknack/handlebars-jackson2/4.3.1/handlebars-jackson2-4.3.1.jar
#13 30.50 [INFO] Downloaded from central: https://repo.maven.apache.org/maven2/com/fasterxml/jackson/dataformat/jackson-dataformat-yaml/2.16.2/jackson-dataformat-yaml-2.16.2.jar (55 kB at 106 kB/s)
#13 30.50 [INFO] Downloading from central: https://repo.maven.apache.org/maven2/org/slf4j/slf4j-ext/1.7.36/slf4j-ext-1.7.36.jar
#13 30.52 [INFO] Downloaded from central: https://repo.maven.apache.org/maven2/com/samskivert/jmustache/1.15/jmustache-1.15.jar (86 kB at 161 kB/s)
#13 30.52 [INFO] Downloading from central: https://repo.maven.apache.org/maven2/org/slf4j/slf4j-simple/1.7.36/slf4j-simple-1.7.36.jar
#13 30.53 [INFO] Downloaded from central: https://repo.maven.apache.org/maven2/org/yaml/snakeyaml/2.2/snakeyaml-2.2.jar (334 kB at 608 kB/s)
#13 30.53 [INFO] Downloading from central: https://repo.maven.apache.org/maven2/org/apache/commons/commons-text/1.10.0/commons-text-1.10.0.jar
#13 30.55 [INFO] Downloaded from central: https://repo.maven.apache.org/maven2/com/github/jknack/handlebars-jackson2/4.3.1/handlebars-jackson2-4.3.1.jar (9.3 kB at 16 kB/s)
#13 30.55 [INFO] Downloading from central: https://repo.maven.apache.org/maven2/org/apache/maven/resolver/maven-resolver-util/1.9.18/maven-resolver-util-1.9.18.jar
#13 30.56 [INFO] Downloaded from central: https://repo.maven.apache.org/maven2/org/slf4j/slf4j-simple/1.7.36/slf4j-simple-1.7.36.jar (15 kB at 27 kB/s)
#13 30.56 [INFO] Downloading from central: https://repo.maven.apache.org/maven2/org/apache/maven/resolver/maven-resolver-api/1.9.18/maven-resolver-api-1.9.18.jar
#13 30.57 [INFO] Downloaded from central: https://repo.maven.apache.org/maven2/org/slf4j/slf4j-ext/1.7.36/slf4j-ext-1.7.36.jar (38 kB at 65 kB/s)
#13 30.57 [INFO] Downloading from central: https://repo.maven.apache.org/maven2/commons-cli/commons-cli/1.5.0/commons-cli-1.5.0.jar
#13 30.60 [INFO] Downloaded from central: https://repo.maven.apache.org/maven2/org/apache/commons/commons-text/1.10.0/commons-text-1.10.0.jar (238 kB at 387 kB/s)
#13 30.60 [INFO] Downloading from central: https://repo.maven.apache.org/maven2/com/google/guava/guava/32.1.3-jre/guava-32.1.3-jre.jar
#13 30.61 [INFO] Downloaded from central: https://repo.maven.apache.org/maven2/com/github/jknack/handlebars/4.3.1/handlebars-4.3.1.jar (954 kB at 1.5 MB/s)
#13 30.61 [INFO] Downloading from central: https://repo.maven.apache.org/maven2/com/google/guava/failureaccess/1.0.1/failureaccess-1.0.1.jar
#13 30.61 [INFO] Downloaded from central: https://repo.maven.apache.org/maven2/org/apache/maven/resolver/maven-resolver-util/1.9.18/maven-resolver-util-1.9.18.jar (196 kB at 314 kB/s)
#13 30.61 [INFO] Downloading from central: https://repo.maven.apache.org/maven2/com/google/guava/listenablefuture/9999.0-empty-to-avoid-conflict-with-guava/listenablefuture-9999.0-empty-to-avoid-conflict-with-guava.jar
#13 30.61 [INFO] Downloaded from central: https://repo.maven.apache.org/maven2/org/apache/maven/resolver/maven-resolver-api/1.9.18/maven-resolver-api-1.9.18.jar (157 kB at 252 kB/s)
#13 30.61 [INFO] Downloading from central: https://repo.maven.apache.org/maven2/org/checkerframework/checker-qual/3.37.0/checker-qual-3.37.0.jar
#13 30.61 [INFO] Downloaded from central: https://repo.maven.apache.org/maven2/commons-cli/commons-cli/1.5.0/commons-cli-1.5.0.jar (58 kB at 93 kB/s)
#13 30.61 [INFO] Downloading from central: https://repo.maven.apache.org/maven2/com/google/errorprone/error_prone_annotations/2.21.1/error_prone_annotations-2.21.1.jar
#13 30.65 [INFO] Downloaded from central: https://repo.maven.apache.org/maven2/com/google/guava/failureaccess/1.0.1/failureaccess-1.0.1.jar (4.6 kB at 7.0 kB/s)
#13 30.65 [INFO] Downloading from central: https://repo.maven.apache.org/maven2/com/google/j2objc/j2objc-annotations/2.8/j2objc-annotations-2.8.jar
#13 30.65 [INFO] Downloaded from central: https://repo.maven.apache.org/maven2/com/google/guava/listenablefuture/9999.0-empty-to-avoid-conflict-with-guava/listenablefuture-9999.0-empty-to-avoid-conflict-with-guava.jar (2.2 kB at 3.3 kB/s)
#13 30.65 [INFO] Downloading from central: https://repo.maven.apache.org/maven2/com/fasterxml/jackson/datatype/jackson-datatype-guava/2.17.1/jackson-datatype-guava-2.17.1.jar
#13 30.65 [INFO] Downloaded from central: https://repo.maven.apache.org/maven2/com/google/errorprone/error_prone_annotations/2.21.1/error_prone_annotations-2.21.1.jar (17 kB at 25 kB/s)
#13 30.65 [INFO] Downloading from central: https://repo.maven.apache.org/maven2/com/fasterxml/jackson/core/jackson-core/2.17.1/jackson-core-2.17.1.jar
#13 30.66 [INFO] Downloaded from central: https://repo.maven.apache.org/maven2/org/checkerframework/checker-qual/3.37.0/checker-qual-3.37.0.jar (224 kB at 332 kB/s)
#13 30.66 [INFO] Downloading from central: https://repo.maven.apache.org/maven2/org/commonmark/commonmark/0.21.0/commonmark-0.21.0.jar
#13 30.73 [INFO] Downloaded from central: https://repo.maven.apache.org/maven2/org/commonmark/commonmark/0.21.0/commonmark-0.21.0.jar (171 kB at 228 kB/s)
#13 30.73 [INFO] Downloading from central: https://repo.maven.apache.org/maven2/com/github/mifmif/generex/1.0.2/generex-1.0.2.jar
#13 30.74 [INFO] Downloaded from central: https://repo.maven.apache.org/maven2/com/google/j2objc/j2objc-annotations/2.8/j2objc-annotations-2.8.jar (9.3 kB at 12 kB/s)
#13 30.74 [INFO] Downloading from central: https://repo.maven.apache.org/maven2/dk/brics/automaton/automaton/1.11-8/automaton-1.11-8.jar
#13 30.74 [INFO] Downloaded from central: https://repo.maven.apache.org/maven2/com/fasterxml/jackson/datatype/jackson-datatype-guava/2.17.1/jackson-datatype-guava-2.17.1.jar (104 kB at 138 kB/s)
#13 30.74 [INFO] Downloading from central: https://repo.maven.apache.org/maven2/com/github/curious-odd-man/rgxgen/1.4/rgxgen-1.4.jar
#13 30.75 [INFO] Downloaded from central: https://repo.maven.apache.org/maven2/com/fasterxml/jackson/core/jackson-core/2.17.1/jackson-core-2.17.1.jar (582 kB at 758 kB/s)
#13 30.75 [INFO] Downloading from central: https://repo.maven.apache.org/maven2/com/fasterxml/jackson/core/jackson-databind/2.17.1/jackson-databind-2.17.1.jar
#13 30.77 [INFO] Downloaded from central: https://repo.maven.apache.org/maven2/com/github/mifmif/generex/1.0.2/generex-1.0.2.jar (14 kB at 18 kB/s)
#13 30.77 [INFO] Downloading from central: https://repo.maven.apache.org/maven2/com/fasterxml/jackson/datatype/jackson-datatype-joda/2.17.1/jackson-datatype-joda-2.17.1.jar
#13 30.80 [INFO] Downloaded from central: https://repo.maven.apache.org/maven2/com/github/curious-odd-man/rgxgen/1.4/rgxgen-1.4.jar (73 kB at 90 kB/s)
#13 30.80 [INFO] Downloading from central: https://repo.maven.apache.org/maven2/joda-time/joda-time/2.10.14/joda-time-2.10.14.jar
#13 30.80 [INFO] Downloaded from central: https://repo.maven.apache.org/maven2/dk/brics/automaton/automaton/1.11-8/automaton-1.11-8.jar (176 kB at 216 kB/s)
#13 30.80 [INFO] Downloading from central: https://repo.maven.apache.org/maven2/com/fasterxml/jackson/core/jackson-annotations/2.17.1/jackson-annotations-2.17.1.jar
#13 30.82 [INFO] Downloaded from central: https://repo.maven.apache.org/maven2/com/fasterxml/jackson/datatype/jackson-datatype-joda/2.17.1/jackson-datatype-joda-2.17.1.jar (75 kB at 90 kB/s)
#13 30.82 [INFO] Downloading from central: https://repo.maven.apache.org/maven2/com/github/joschi/jackson/jackson-datatype-threetenbp/2.15.2/jackson-datatype-threetenbp-2.15.2.jar
#13 30.84 [INFO] Downloaded from central: https://repo.maven.apache.org/maven2/com/google/guava/guava/32.1.3-jre/guava-32.1.3-jre.jar (3.0 MB at 3.6 MB/s)
#13 30.84 [INFO] Downloading from central: https://repo.maven.apache.org/maven2/org/threeten/threetenbp/1.6.8/threetenbp-1.6.8.jar
#13 30.87 [INFO] Downloaded from central: https://repo.maven.apache.org/maven2/com/fasterxml/jackson/core/jackson-databind/2.17.1/jackson-databind-2.17.1.jar (1.6 MB at 1.9 MB/s)
#13 30.87 [INFO] Downloading from central: https://repo.maven.apache.org/maven2/org/openapitools/openapi-generator-core/7.8.0/openapi-generator-core-7.8.0.jar
#13 30.88 [INFO] Downloaded from central: https://repo.maven.apache.org/maven2/com/fasterxml/jackson/core/jackson-annotations/2.17.1/jackson-annotations-2.17.1.jar (78 kB at 88 kB/s)
#13 30.88 [INFO] Downloading from central: https://repo.maven.apache.org/maven2/net/java/dev/jna/jna/5.12.1/jna-5.12.1.jar
#13 30.88 [INFO] Downloaded from central: https://repo.maven.apache.org/maven2/com/github/joschi/jackson/jackson-datatype-threetenbp/2.15.2/jackson-datatype-threetenbp-2.15.2.jar (150 kB at 167 kB/s)
#13 30.88 [INFO] Downloading from central: https://repo.maven.apache.org/maven2/com/github/ben-manes/caffeine/caffeine/2.9.3/caffeine-2.9.3.jar
#13 30.88 [INFO] Downloaded from central: https://repo.maven.apache.org/maven2/joda-time/joda-time/2.10.14/joda-time-2.10.14.jar (644 kB at 721 kB/s)
#13 30.88 [INFO] Downloading from central: https://repo.maven.apache.org/maven2/org/projectlombok/lombok/1.18.30/lombok-1.18.30.jar
#13 30.91 [INFO] Downloaded from central: https://repo.maven.apache.org/maven2/org/openapitools/openapi-generator-core/7.8.0/openapi-generator-core-7.8.0.jar (58 kB at 63 kB/s)
#13 30.93 [INFO] Downloaded from central: https://repo.maven.apache.org/maven2/org/threeten/threetenbp/1.6.8/threetenbp-1.6.8.jar (514 kB at 544 kB/s)
#13 30.96 [INFO] Downloaded from central: https://repo.maven.apache.org/maven2/com/github/ben-manes/caffeine/caffeine/2.9.3/caffeine-2.9.3.jar (912 kB at 934 kB/s)
#13 31.03 [INFO] Downloaded from central: https://repo.maven.apache.org/maven2/net/java/dev/jna/jna/5.12.1/jna-5.12.1.jar (1.9 MB at 1.8 MB/s)
#13 31.03 [INFO] Downloaded from central: https://repo.maven.apache.org/maven2/org/projectlombok/lombok/1.18.30/lombok-1.18.30.jar (2.0 MB at 1.9 MB/s)
#13 31.05 [INFO] Downloading from central: https://repo.maven.apache.org/maven2/org/apache/maven/shared/maven-shared-incremental/1.1/maven-shared-incremental-1.1.pom
#13 31.09 [INFO] Downloaded from central: https://repo.maven.apache.org/maven2/org/apache/maven/shared/maven-shared-incremental/1.1/maven-shared-incremental-1.1.pom (4.7 kB at 139 kB/s)
#13 31.09 [INFO] Downloading from central: https://repo.maven.apache.org/maven2/org/apache/maven/shared/maven-shared-components/19/maven-shared-components-19.pom
#13 31.14 [INFO] Downloaded from central: https://repo.maven.apache.org/maven2/org/apache/maven/shared/maven-shared-components/19/maven-shared-components-19.pom (6.4 kB at 120 kB/s)
#13 31.14 [INFO] Downloading from central: https://repo.maven.apache.org/maven2/org/apache/maven/maven-parent/23/maven-parent-23.pom
#13 31.19 [INFO] Downloaded from central: https://repo.maven.apache.org/maven2/org/apache/maven/maven-parent/23/maven-parent-23.pom (33 kB at 724 kB/s)
#13 31.19 [INFO] Downloading from central: https://repo.maven.apache.org/maven2/org/codehaus/plexus/plexus-compiler-api/2.15.0/plexus-compiler-api-2.15.0.pom
#13 31.23 [INFO] Downloaded from central: https://repo.maven.apache.org/maven2/org/codehaus/plexus/plexus-compiler-api/2.15.0/plexus-compiler-api-2.15.0.pom (1.4 kB at 36 kB/s)
#13 31.23 [INFO] Downloading from central: https://repo.maven.apache.org/maven2/org/codehaus/plexus/plexus-compiler/2.15.0/plexus-compiler-2.15.0.pom
#13 31.28 [INFO] Downloaded from central: https://repo.maven.apache.org/maven2/org/codehaus/plexus/plexus-compiler/2.15.0/plexus-compiler-2.15.0.pom (7.6 kB at 173 kB/s)
#13 31.28 [INFO] Downloading from central: https://repo.maven.apache.org/maven2/org/codehaus/plexus/plexus-compiler-manager/2.15.0/plexus-compiler-manager-2.15.0.pom
#13 31.32 [INFO] Downloaded from central: https://repo.maven.apache.org/maven2/org/codehaus/plexus/plexus-compiler-manager/2.15.0/plexus-compiler-manager-2.15.0.pom (1.3 kB at 30 kB/s)
#13 31.32 [INFO] Downloading from central: https://repo.maven.apache.org/maven2/org/codehaus/plexus/plexus-compiler-javac/2.15.0/plexus-compiler-javac-2.15.0.pom
#13 31.37 [INFO] Downloaded from central: https://repo.maven.apache.org/maven2/org/codehaus/plexus/plexus-compiler-javac/2.15.0/plexus-compiler-javac-2.15.0.pom (1.3 kB at 31 kB/s)
#13 31.37 [INFO] Downloading from central: https://repo.maven.apache.org/maven2/org/codehaus/plexus/plexus-compilers/2.15.0/plexus-compilers-2.15.0.pom
#13 31.41 [INFO] Downloaded from central: https://repo.maven.apache.org/maven2/org/codehaus/plexus/plexus-compilers/2.15.0/plexus-compilers-2.15.0.pom (1.6 kB at 41 kB/s)
#13 31.41 [INFO] Downloading from central: https://repo.maven.apache.org/maven2/org/apache/maven/shared/maven-shared-incremental/1.1/maven-shared-incremental-1.1.jar
#13 31.45 [INFO] Downloaded from central: https://repo.maven.apache.org/maven2/org/apache/maven/shared/maven-shared-incremental/1.1/maven-shared-incremental-1.1.jar (14 kB at 308 kB/s)
#13 31.45 [INFO] Downloading from central: https://repo.maven.apache.org/maven2/org/codehaus/plexus/plexus-compiler-api/2.15.0/plexus-compiler-api-2.15.0.jar
#13 31.45 [INFO] Downloading from central: https://repo.maven.apache.org/maven2/org/codehaus/plexus/plexus-compiler-manager/2.15.0/plexus-compiler-manager-2.15.0.jar
#13 31.45 [INFO] Downloading from central: https://repo.maven.apache.org/maven2/org/codehaus/plexus/plexus-compiler-javac/2.15.0/plexus-compiler-javac-2.15.0.jar
#13 31.50 [INFO] Downloaded from central: https://repo.maven.apache.org/maven2/org/codehaus/plexus/plexus-compiler-api/2.15.0/plexus-compiler-api-2.15.0.jar (29 kB at 581 kB/s)
#13 31.50 [INFO] Downloaded from central: https://repo.maven.apache.org/maven2/org/codehaus/plexus/plexus-compiler-javac/2.15.0/plexus-compiler-javac-2.15.0.jar (26 kB at 525 kB/s)
#13 31.51 [INFO] Downloaded from central: https://repo.maven.apache.org/maven2/org/codehaus/plexus/plexus-compiler-manager/2.15.0/plexus-compiler-manager-2.15.0.jar (5.2 kB at 97 kB/s)
#13 31.51 [INFO] Downloading from central: https://repo.maven.apache.org/maven2/org/apache/maven/reporting/maven-reporting-api/3.1.1/maven-reporting-api-3.1.1.pom
#13 31.56 [INFO] Downloaded from central: https://repo.maven.apache.org/maven2/org/apache/maven/reporting/maven-reporting-api/3.1.1/maven-reporting-api-3.1.1.pom (3.8 kB at 75 kB/s)
#13 31.56 [INFO] Downloading from central: https://repo.maven.apache.org/maven2/org/apache/maven/doxia/doxia-sink-api/1.11.1/doxia-sink-api-1.11.1.pom
#13 31.62 [INFO] Downloaded from central: https://repo.maven.apache.org/maven2/org/apache/maven/doxia/doxia-sink-api/1.11.1/doxia-sink-api-1.11.1.pom (1.6 kB at 30 kB/s)
#13 31.62 [INFO] Downloading from central: https://repo.maven.apache.org/maven2/org/apache/maven/doxia/doxia/1.11.1/doxia-1.11.1.pom
#13 31.67 [INFO] Downloaded from central: https://repo.maven.apache.org/maven2/org/apache/maven/doxia/doxia/1.11.1/doxia-1.11.1.pom (18 kB at 392 kB/s)
#13 31.67 [INFO] Downloading from central: https://repo.maven.apache.org/maven2/org/apache/maven/doxia/doxia-logging-api/1.11.1/doxia-logging-api-1.11.1.pom
#13 31.72 [INFO] Downloaded from central: https://repo.maven.apache.org/maven2/org/apache/maven/doxia/doxia-logging-api/1.11.1/doxia-logging-api-1.11.1.pom (1.6 kB at 32 kB/s)
#13 31.72 [INFO] Downloading from central: https://repo.maven.apache.org/maven2/org/apache/maven/reporting/maven-reporting-exec/1.6.0/maven-reporting-exec-1.6.0.pom
#13 31.76 [INFO] Downloaded from central: https://repo.maven.apache.org/maven2/org/apache/maven/reporting/maven-reporting-exec/1.6.0/maven-reporting-exec-1.6.0.pom (14 kB at 323 kB/s)
#13 31.77 [INFO] Downloading from central: https://repo.maven.apache.org/maven2/org/apache/maven/reporting/maven-reporting-api/3.1.0/maven-reporting-api-3.1.0.pom
#13 31.82 [INFO] Downloaded from central: https://repo.maven.apache.org/maven2/org/apache/maven/reporting/maven-reporting-api/3.1.0/maven-reporting-api-3.1.0.pom (3.8 kB at 71 kB/s)
#13 31.82 [INFO] Downloading from central: https://repo.maven.apache.org/maven2/org/apache/maven/maven-artifact/3.2.5/maven-artifact-3.2.5.pom
#13 31.90 [INFO] Downloaded from central: https://repo.maven.apache.org/maven2/org/apache/maven/maven-artifact/3.2.5/maven-artifact-3.2.5.pom (2.3 kB at 31 kB/s)
#13 31.90 [INFO] Downloading from central: https://repo.maven.apache.org/maven2/org/apache/maven/maven/3.2.5/maven-3.2.5.pom
#13 31.94 [INFO] Downloaded from central: https://repo.maven.apache.org/maven2/org/apache/maven/maven/3.2.5/maven-3.2.5.pom (22 kB at 508 kB/s)
#13 31.95 [INFO] Downloading from central: https://repo.maven.apache.org/maven2/org/apache/maven/maven-parent/25/maven-parent-25.pom
#13 31.99 [INFO] Downloaded from central: https://repo.maven.apache.org/maven2/org/apache/maven/maven-parent/25/maven-parent-25.pom (37 kB at 832 kB/s)
#13 31.99 [INFO] Downloading from central: https://repo.maven.apache.org/maven2/org/apache/apache/15/apache-15.pom
#13 32.05 [INFO] Downloaded from central: https://repo.maven.apache.org/maven2/org/apache/apache/15/apache-15.pom (15 kB at 272 kB/s)
#13 32.05 [INFO] Downloading from central: https://repo.maven.apache.org/maven2/org/codehaus/plexus/plexus-utils/3.3.0/plexus-utils-3.3.0.pom
#13 32.10 [INFO] Downloaded from central: https://repo.maven.apache.org/maven2/org/codehaus/plexus/plexus-utils/3.3.0/plexus-utils-3.3.0.pom (5.2 kB at 118 kB/s)
#13 32.10 [INFO] Downloading from central: https://repo.maven.apache.org/maven2/org/apache/maven/maven-core/3.2.5/maven-core-3.2.5.pom
#13 32.14 [INFO] Downloaded from central: https://repo.maven.apache.org/maven2/org/apache/maven/maven-core/3.2.5/maven-core-3.2.5.pom (8.1 kB at 202 kB/s)
#13 32.14 [INFO] Downloading from central: https://repo.maven.apache.org/maven2/org/apache/maven/maven-model/3.2.5/maven-model-3.2.5.pom
#13 32.20 [INFO] Downloaded from central: https://repo.maven.apache.org/maven2/org/apache/maven/maven-model/3.2.5/maven-model-3.2.5.pom (4.2 kB at 80 kB/s)
#13 32.20 [INFO] Downloading from central: https://repo.maven.apache.org/maven2/org/apache/maven/maven-settings/3.2.5/maven-settings-3.2.5.pom
#13 32.25 [INFO] Downloaded from central: https://repo.maven.apache.org/maven2/org/apache/maven/maven-settings/3.2.5/maven-settings-3.2.5.pom (2.2 kB at 40 kB/s)
#13 32.26 [INFO] Downloading from central: https://repo.maven.apache.org/maven2/org/apache/maven/maven-settings-builder/3.2.5/maven-settings-builder-3.2.5.pom
#13 32.30 [INFO] Downloaded from central: https://repo.maven.apache.org/maven2/org/apache/maven/maven-settings-builder/3.2.5/maven-settings-builder-3.2.5.pom (2.6 kB at 60 kB/s)
#13 32.30 [INFO] Downloading from central: https://repo.maven.apache.org/maven2/org/codehaus/plexus/plexus-interpolation/1.21/plexus-interpolation-1.21.pom
#13 32.34 [INFO] Downloaded from central: https://repo.maven.apache.org/maven2/org/codehaus/plexus/plexus-interpolation/1.21/plexus-interpolation-1.21.pom (1.5 kB at 37 kB/s)
#13 32.35 [INFO] Downloading from central: https://repo.maven.apache.org/maven2/org/codehaus/plexus/plexus-components/1.3.1/plexus-components-1.3.1.pom
#13 32.39 [INFO] Downloaded from central: https://repo.maven.apache.org/maven2/org/codehaus/plexus/plexus-components/1.3.1/plexus-components-1.3.1.pom (3.1 kB at 73 kB/s)
#13 32.39 [INFO] Downloading from central: https://repo.maven.apache.org/maven2/org/codehaus/plexus/plexus/3.3.1/plexus-3.3.1.pom
#13 32.43 [INFO] Downloaded from central: https://repo.maven.apache.org/maven2/org/codehaus/plexus/plexus/3.3.1/plexus-3.3.1.pom (20 kB at 465 kB/s)
#13 32.44 [INFO] Downloading from central: https://repo.maven.apache.org/maven2/org/sonatype/spice/spice-parent/17/spice-parent-17.pom
#13 32.48 [INFO] Downloaded from central: https://repo.maven.apache.org/maven2/org/sonatype/spice/spice-parent/17/spice-parent-17.pom (6.8 kB at 154 kB/s)
#13 32.49 [INFO] Downloading from central: https://repo.maven.apache.org/maven2/org/codehaus/plexus/plexus-component-annotations/2.1.1/plexus-component-annotations-2.1.1.pom
#13 32.54 [INFO] Downloaded from central: https://repo.maven.apache.org/maven2/org/codehaus/plexus/plexus-component-annotations/2.1.1/plexus-component-annotations-2.1.1.pom (770 B at 15 kB/s)
#13 32.54 [INFO] Downloading from central: https://repo.maven.apache.org/maven2/org/codehaus/plexus/plexus-containers/2.1.1/plexus-containers-2.1.1.pom
#13 32.59 [INFO] Downloaded from central: https://repo.maven.apache.org/maven2/org/codehaus/plexus/plexus-containers/2.1.1/plexus-containers-2.1.1.pom (6.0 kB at 114 kB/s)
#13 32.59 [INFO] Downloading from central: https://repo.maven.apache.org/maven2/org/codehaus/plexus/plexus/6.5/plexus-6.5.pom
#13 32.65 [INFO] Downloaded from central: https://repo.maven.apache.org/maven2/org/codehaus/plexus/plexus/6.5/plexus-6.5.pom (26 kB at 476 kB/s)
#13 32.65 [INFO] Downloading from central: https://repo.maven.apache.org/maven2/org/sonatype/plexus/plexus-sec-dispatcher/1.3/plexus-sec-dispatcher-1.3.pom
#13 32.71 [INFO] Downloaded from central: https://repo.maven.apache.org/maven2/org/sonatype/plexus/plexus-sec-dispatcher/1.3/plexus-sec-dispatcher-1.3.pom (3.0 kB at 53 kB/s)
#13 32.71 [INFO] Downloading from central: https://repo.maven.apache.org/maven2/org/sonatype/spice/spice-parent/12/spice-parent-12.pom
#13 32.75 [INFO] Downloaded from central: https://repo.maven.apache.org/maven2/org/sonatype/spice/spice-parent/12/spice-parent-12.pom (6.8 kB at 148 kB/s)
#13 32.76 [INFO] Downloading from central: https://repo.maven.apache.org/maven2/org/sonatype/forge/forge-parent/4/forge-parent-4.pom
#13 32.80 [INFO] Downloaded from central: https://repo.maven.apache.org/maven2/org/sonatype/forge/forge-parent/4/forge-parent-4.pom (8.4 kB at 175 kB/s)
#13 32.81 [INFO] Downloading from central: https://repo.maven.apache.org/maven2/org/sonatype/plexus/plexus-cipher/1.4/plexus-cipher-1.4.pom
#13 32.86 [INFO] Downloaded from central: https://repo.maven.apache.org/maven2/org/sonatype/plexus/plexus-cipher/1.4/plexus-cipher-1.4.pom (2.1 kB at 43 kB/s)
#13 32.86 [INFO] Downloading from central: https://repo.maven.apache.org/maven2/org/apache/maven/maven-repository-metadata/3.2.5/maven-repository-metadata-3.2.5.pom
#13 32.92 [INFO] Downloaded from central: https://repo.maven.apache.org/maven2/org/apache/maven/maven-repository-metadata/3.2.5/maven-repository-metadata-3.2.5.pom (2.2 kB at 38 kB/s)
#13 32.92 [INFO] Downloading from central: https://repo.maven.apache.org/maven2/org/apache/maven/maven-plugin-api/3.2.5/maven-plugin-api-3.2.5.pom
#13 32.96 [INFO] Downloaded from central: https://repo.maven.apache.org/maven2/org/apache/maven/maven-plugin-api/3.2.5/maven-plugin-api-3.2.5.pom (3.0 kB at 74 kB/s)
#13 32.96 [INFO] Downloading from central: https://repo.maven.apache.org/maven2/org/eclipse/sisu/org.eclipse.sisu.plexus/0.3.5/org.eclipse.sisu.plexus-0.3.5.pom
#13 33.03 [INFO] Downloaded from central: https://repo.maven.apache.org/maven2/org/eclipse/sisu/org.eclipse.sisu.plexus/0.3.5/org.eclipse.sisu.plexus-0.3.5.pom (4.3 kB at 66 kB/s)
#13 33.03 [INFO] Downloading from central: https://repo.maven.apache.org/maven2/org/eclipse/sisu/sisu-plexus/0.3.5/sisu-plexus-0.3.5.pom
#13 33.09 [INFO] Downloaded from central: https://repo.maven.apache.org/maven2/org/eclipse/sisu/sisu-plexus/0.3.5/sisu-plexus-0.3.5.pom (14 kB at 245 kB/s)
#13 33.09 [INFO] Downloading from central: https://repo.maven.apache.org/maven2/javax/annotation/javax.annotation-api/1.2/javax.annotation-api-1.2.pom
#13 33.13 [INFO] Downloaded from central: https://repo.maven.apache.org/maven2/javax/annotation/javax.annotation-api/1.2/javax.annotation-api-1.2.pom (13 kB at 320 kB/s)
#13 33.13 [INFO] Downloading from central: https://repo.maven.apache.org/maven2/net/java/jvnet-parent/3/jvnet-parent-3.pom
#13 33.18 [INFO] Downloaded from central: https://repo.maven.apache.org/maven2/net/java/jvnet-parent/3/jvnet-parent-3.pom (4.8 kB at 102 kB/s)
#13 33.18 [INFO] Downloading from central: https://repo.maven.apache.org/maven2/javax/enterprise/cdi-api/1.2/cdi-api-1.2.pom
#13 40.08 [INFO] Downloaded from central: https://repo.maven.apache.org/maven2/javax/enterprise/cdi-api/1.2/cdi-api-1.2.pom (6.3 kB at 909 B/s)
#13 40.09 [INFO] Downloading from central: https://repo.maven.apache.org/maven2/org/jboss/weld/weld-parent/26/weld-parent-26.pom
#13 40.13 [INFO] Downloaded from central: https://repo.maven.apache.org/maven2/org/jboss/weld/weld-parent/26/weld-parent-26.pom (32 kB at 703 kB/s)
#13 40.14 [INFO] Downloading from central: https://repo.maven.apache.org/maven2/org/eclipse/sisu/org.eclipse.sisu.inject/0.3.5/org.eclipse.sisu.inject-0.3.5.pom
#13 32.87 [INFO] Downloaded from central: https://repo.maven.apache.org/maven2/org/eclipse/sisu/org.eclipse.sisu.inject/0.3.5/org.eclipse.sisu.inject-0.3.5.pom (2.6 kB)
#13 32.88 [INFO] Downloading from central: https://repo.maven.apache.org/maven2/org/eclipse/sisu/sisu-inject/0.3.5/sisu-inject-0.3.5.pom
#13 32.93 [INFO] Downloaded from central: https://repo.maven.apache.org/maven2/org/eclipse/sisu/sisu-inject/0.3.5/sisu-inject-0.3.5.pom (14 kB at 277 kB/s)
#13 32.93 [INFO] Downloading from central: https://repo.maven.apache.org/maven2/org/codehaus/plexus/plexus-classworlds/2.5.2/plexus-classworlds-2.5.2.pom
#13 32.97 [INFO] Downloaded from central: https://repo.maven.apache.org/maven2/org/codehaus/plexus/plexus-classworlds/2.5.2/plexus-classworlds-2.5.2.pom (7.3 kB at 170 kB/s)
#13 32.98 [INFO] Downloading from central: https://repo.maven.apache.org/maven2/org/apache/maven/maven-model-builder/3.2.5/maven-model-builder-3.2.5.pom
#13 33.02 [INFO] Downloaded from central: https://repo.maven.apache.org/maven2/org/apache/maven/maven-model-builder/3.2.5/maven-model-builder-3.2.5.pom (3.0 kB at 75 kB/s)
#13 33.02 [INFO] Downloading from central: https://repo.maven.apache.org/maven2/org/apache/maven/maven-aether-provider/3.2.5/maven-aether-provider-3.2.5.pom
#13 33.06 [INFO] Downloaded from central: https://repo.maven.apache.org/maven2/org/apache/maven/maven-aether-provider/3.2.5/maven-aether-provider-3.2.5.pom (4.2 kB at 101 kB/s)
#13 33.06 [INFO] Downloading from central: https://repo.maven.apache.org/maven2/org/eclipse/aether/aether-api/1.0.0.v20140518/aether-api-1.0.0.v20140518.pom
#13 33.10 [INFO] Downloaded from central: https://repo.maven.apache.org/maven2/org/eclipse/aether/aether-api/1.0.0.v20140518/aether-api-1.0.0.v20140518.pom (1.9 kB at 51 kB/s)
#13 33.10 [INFO] Downloading from central: https://repo.maven.apache.org/maven2/org/eclipse/aether/aether/1.0.0.v20140518/aether-1.0.0.v20140518.pom
#13 33.14 [INFO] Downloaded from central: https://repo.maven.apache.org/maven2/org/eclipse/aether/aether/1.0.0.v20140518/aether-1.0.0.v20140518.pom (30 kB at 754 kB/s)
#13 33.14 [INFO] Downloading from central: https://repo.maven.apache.org/maven2/org/eclipse/aether/aether-spi/1.0.0.v20140518/aether-spi-1.0.0.v20140518.pom
#13 33.19 [INFO] Downloaded from central: https://repo.maven.apache.org/maven2/org/eclipse/aether/aether-spi/1.0.0.v20140518/aether-spi-1.0.0.v20140518.pom (2.1 kB at 43 kB/s)
#13 33.19 [INFO] Downloading from central: https://repo.maven.apache.org/maven2/org/eclipse/aether/aether-util/1.0.0.v20140518/aether-util-1.0.0.v20140518.pom
#13 33.23 [INFO] Downloaded from central: https://repo.maven.apache.org/maven2/org/eclipse/aether/aether-util/1.0.0.v20140518/aether-util-1.0.0.v20140518.pom (2.2 kB at 56 kB/s)
#13 33.24 [INFO] Downloading from central: https://repo.maven.apache.org/maven2/org/eclipse/aether/aether-impl/1.0.0.v20140518/aether-impl-1.0.0.v20140518.pom
#13 33.28 [INFO] Downloaded from central: https://repo.maven.apache.org/maven2/org/eclipse/aether/aether-impl/1.0.0.v20140518/aether-impl-1.0.0.v20140518.pom (3.5 kB at 83 kB/s)
#13 33.28 [INFO] Downloading from central: https://repo.maven.apache.org/maven2/org/sonatype/sisu/sisu-guice/3.2.3/sisu-guice-3.2.3.pom
#13 33.32 [INFO] Downloaded from central: https://repo.maven.apache.org/maven2/org/sonatype/sisu/sisu-guice/3.2.3/sisu-guice-3.2.3.pom (11 kB at 273 kB/s)
#13 33.32 [INFO] Downloading from central: https://repo.maven.apache.org/maven2/org/sonatype/sisu/inject/guice-parent/3.2.3/guice-parent-3.2.3.pom
#13 33.37 [INFO] Downloaded from central: https://repo.maven.apache.org/maven2/org/sonatype/sisu/inject/guice-parent/3.2.3/guice-parent-3.2.3.pom (13 kB at 306 kB/s)
#13 33.37 [INFO] Downloading from central: https://repo.maven.apache.org/maven2/org/sonatype/forge/forge-parent/38/forge-parent-38.pom
#13 33.41 [INFO] Downloaded from central: https://repo.maven.apache.org/maven2/org/sonatype/forge/forge-parent/38/forge-parent-38.pom (19 kB at 446 kB/s)
#13 33.42 [INFO] Downloading from central: https://repo.maven.apache.org/maven2/aopalliance/aopalliance/1.0/aopalliance-1.0.pom
#13 33.46 [INFO] Downloaded from central: https://repo.maven.apache.org/maven2/aopalliance/aopalliance/1.0/aopalliance-1.0.pom (363 B at 8.9 kB/s)
#13 33.46 [INFO] Downloading from central: https://repo.maven.apache.org/maven2/com/google/guava/guava/16.0.1/guava-16.0.1.pom
#13 33.51 [INFO] Downloaded from central: https://repo.maven.apache.org/maven2/com/google/guava/guava/16.0.1/guava-16.0.1.pom (6.1 kB at 130 kB/s)
#13 33.51 [INFO] Downloading from central: https://repo.maven.apache.org/maven2/com/google/guava/guava-parent/16.0.1/guava-parent-16.0.1.pom
#13 33.54 [INFO] Downloaded from central: https://repo.maven.apache.org/maven2/com/google/guava/guava-parent/16.0.1/guava-parent-16.0.1.pom (7.3 kB at 204 kB/s)
#13 33.55 [INFO] Downloading from central: https://repo.maven.apache.org/maven2/org/apache/maven/shared/maven-shared-utils/3.3.4/maven-shared-utils-3.3.4.pom
#13 33.59 [INFO] Downloaded from central: https://repo.maven.apache.org/maven2/org/apache/maven/shared/maven-shared-utils/3.3.4/maven-shared-utils-3.3.4.pom (5.8 kB at 121 kB/s)
#13 33.60 [INFO] Downloading from central: https://repo.maven.apache.org/maven2/commons-io/commons-io/2.6/commons-io-2.6.pom
#13 33.64 [INFO] Downloaded from central: https://repo.maven.apache.org/maven2/commons-io/commons-io/2.6/commons-io-2.6.pom (14 kB at 366 kB/s)
#13 33.64 [INFO] Downloading from central: https://repo.maven.apache.org/maven2/org/apache/maven/maven-archiver/3.5.2/maven-archiver-3.5.2.pom
#13 33.68 [INFO] Downloaded from central: https://repo.maven.apache.org/maven2/org/apache/maven/maven-archiver/3.5.2/maven-archiver-3.5.2.pom (5.5 kB at 142 kB/s)
#13 33.68 [INFO] Downloading from central: https://repo.maven.apache.org/maven2/org/apache/maven/maven-artifact/3.1.1/maven-artifact-3.1.1.pom
#13 33.73 [INFO] Downloaded from central: https://repo.maven.apache.org/maven2/org/apache/maven/maven-artifact/3.1.1/maven-artifact-3.1.1.pom (2.0 kB at 36 kB/s)
#13 33.74 [INFO] Downloading from central: https://repo.maven.apache.org/maven2/org/apache/maven/maven/3.1.1/maven-3.1.1.pom
#13 33.79 [INFO] Downloaded from central: https://repo.maven.apache.org/maven2/org/apache/maven/maven/3.1.1/maven-3.1.1.pom (22 kB at 451 kB/s)
#13 33.79 [INFO] Downloading from central: https://repo.maven.apache.org/maven2/org/apache/maven/maven-model/3.1.1/maven-model-3.1.1.pom
#13 33.84 [INFO] Downloaded from central: https://repo.maven.apache.org/maven2/org/apache/maven/maven-model/3.1.1/maven-model-3.1.1.pom (4.1 kB at 80 kB/s)
#13 33.84 [INFO] Downloading from central: https://repo.maven.apache.org/maven2/org/apache/maven/maven-core/3.1.1/maven-core-3.1.1.pom
#13 33.89 [INFO] Downloaded from central: https://repo.maven.apache.org/maven2/org/apache/maven/maven-core/3.1.1/maven-core-3.1.1.pom (7.3 kB at 148 kB/s)
#13 33.89 [INFO] Downloading from central: https://repo.maven.apache.org/maven2/org/apache/maven/maven-settings/3.1.1/maven-settings-3.1.1.pom
#13 33.93 [INFO] Downloaded from central: https://repo.maven.apache.org/maven2/org/apache/maven/maven-settings/3.1.1/maven-settings-3.1.1.pom (2.2 kB at 56 kB/s)
#13 33.94 [INFO] Downloading from central: https://repo.maven.apache.org/maven2/org/apache/maven/maven-settings-builder/3.1.1/maven-settings-builder-3.1.1.pom
#13 33.97 [INFO] Downloaded from central: https://repo.maven.apache.org/maven2/org/apache/maven/maven-settings-builder/3.1.1/maven-settings-builder-3.1.1.pom (2.6 kB at 68 kB/s)
#13 33.97 [INFO] Downloading from central: https://repo.maven.apache.org/maven2/org/codehaus/plexus/plexus-interpolation/1.19/plexus-interpolation-1.19.pom
#13 34.01 [INFO] Downloaded from central: https://repo.maven.apache.org/maven2/org/codehaus/plexus/plexus-interpolation/1.19/plexus-interpolation-1.19.pom (1.0 kB at 26 kB/s)
#13 34.02 [INFO] Downloading from central: https://repo.maven.apache.org/maven2/org/apache/maven/maven-repository-metadata/3.1.1/maven-repository-metadata-3.1.1.pom
#13 34.07 [INFO] Downloaded from central: https://repo.maven.apache.org/maven2/org/apache/maven/maven-repository-metadata/3.1.1/maven-repository-metadata-3.1.1.pom (2.2 kB at 40 kB/s)
#13 34.08 [INFO] Downloading from central: https://repo.maven.apache.org/maven2/org/apache/maven/maven-plugin-api/3.1.1/maven-plugin-api-3.1.1.pom
#13 34.12 [INFO] Downloaded from central: https://repo.maven.apache.org/maven2/org/apache/maven/maven-plugin-api/3.1.1/maven-plugin-api-3.1.1.pom (3.4 kB at 69 kB/s)
#13 34.13 [INFO] Downloading from central: https://repo.maven.apache.org/maven2/org/apache/maven/maven-model-builder/3.1.1/maven-model-builder-3.1.1.pom
#13 34.17 [INFO] Downloaded from central: https://repo.maven.apache.org/maven2/org/apache/maven/maven-model-builder/3.1.1/maven-model-builder-3.1.1.pom (2.8 kB at 60 kB/s)
#13 34.18 [INFO] Downloading from central: https://repo.maven.apache.org/maven2/org/apache/maven/maven-aether-provider/3.1.1/maven-aether-provider-3.1.1.pom
#13 34.22 [INFO] Downloaded from central: https://repo.maven.apache.org/maven2/org/apache/maven/maven-aether-provider/3.1.1/maven-aether-provider-3.1.1.pom (4.1 kB at 97 kB/s)
#13 34.22 [INFO] Downloading from central: https://repo.maven.apache.org/maven2/org/eclipse/aether/aether-api/0.9.0.M2/aether-api-0.9.0.M2.pom
#13 34.26 [INFO] Downloaded from central: https://repo.maven.apache.org/maven2/org/eclipse/aether/aether-api/0.9.0.M2/aether-api-0.9.0.M2.pom (1.7 kB at 46 kB/s)
#13 34.26 [INFO] Downloading from central: https://repo.maven.apache.org/maven2/org/eclipse/aether/aether/0.9.0.M2/aether-0.9.0.M2.pom
#13 34.30 [INFO] Downloaded from central: https://repo.maven.apache.org/maven2/org/eclipse/aether/aether/0.9.0.M2/aether-0.9.0.M2.pom (28 kB at 619 kB/s)
#13 34.31 [INFO] Downloading from central: https://repo.maven.apache.org/maven2/org/eclipse/aether/aether-spi/0.9.0.M2/aether-spi-0.9.0.M2.pom
#13 34.35 [INFO] Downloaded from central: https://repo.maven.apache.org/maven2/org/eclipse/aether/aether-spi/0.9.0.M2/aether-spi-0.9.0.M2.pom (1.8 kB at 45 kB/s)
#13 34.35 [INFO] Downloading from central: https://repo.maven.apache.org/maven2/org/eclipse/aether/aether-util/0.9.0.M2/aether-util-0.9.0.M2.pom
#13 34.39 [INFO] Downloaded from central: https://repo.maven.apache.org/maven2/org/eclipse/aether/aether-util/0.9.0.M2/aether-util-0.9.0.M2.pom (2.0 kB at 54 kB/s)
#13 34.39 [INFO] Downloading from central: https://repo.maven.apache.org/maven2/org/eclipse/aether/aether-impl/0.9.0.M2/aether-impl-0.9.0.M2.pom
#13 34.43 [INFO] Downloaded from central: https://repo.maven.apache.org/maven2/org/eclipse/aether/aether-impl/0.9.0.M2/aether-impl-0.9.0.M2.pom (3.3 kB at 76 kB/s)
#13 34.44 [INFO] Downloading from central: https://repo.maven.apache.org/maven2/org/codehaus/plexus/plexus-classworlds/2.5.1/plexus-classworlds-2.5.1.pom
#13 34.48 [INFO] Downloaded from central: https://repo.maven.apache.org/maven2/org/codehaus/plexus/plexus-classworlds/2.5.1/plexus-classworlds-2.5.1.pom (5.0 kB at 119 kB/s)
#13 34.48 [INFO] Downloading from central: https://repo.maven.apache.org/maven2/org/apache/maven/shared/maven-shared-utils/3.3.3/maven-shared-utils-3.3.3.pom
#13 34.52 [INFO] Downloaded from central: https://repo.maven.apache.org/maven2/org/apache/maven/shared/maven-shared-utils/3.3.3/maven-shared-utils-3.3.3.pom (5.8 kB at 137 kB/s)
#13 34.53 [INFO] Downloading from central: https://repo.maven.apache.org/maven2/org/apache/commons/commons-compress/1.20/commons-compress-1.20.pom
#13 34.57 [INFO] Downloaded from central: https://repo.maven.apache.org/maven2/org/apache/commons/commons-compress/1.20/commons-compress-1.20.pom (18 kB at 381 kB/s)
#13 34.58 [INFO] Downloading from central: https://repo.maven.apache.org/maven2/org/apache/commons/commons-parent/48/commons-parent-48.pom
#13 34.62 [INFO] Downloaded from central: https://repo.maven.apache.org/maven2/org/apache/commons/commons-parent/48/commons-parent-48.pom (72 kB at 1.7 MB/s)
#13 34.62 [INFO] Downloading from central: https://repo.maven.apache.org/maven2/org/codehaus/plexus/plexus-archiver/4.2.7/plexus-archiver-4.2.7.pom
#13 34.66 [INFO] Downloaded from central: https://repo.maven.apache.org/maven2/org/codehaus/plexus/plexus-archiver/4.2.7/plexus-archiver-4.2.7.pom (4.9 kB at 129 kB/s)
#13 34.66 [INFO] Downloading from central: https://repo.maven.apache.org/maven2/org/codehaus/plexus/plexus/8/plexus-8.pom
#13 34.71 [INFO] Downloaded from central: https://repo.maven.apache.org/maven2/org/codehaus/plexus/plexus/8/plexus-8.pom (25 kB at 553 kB/s)
#13 34.71 [INFO] Downloading from central: https://repo.maven.apache.org/maven2/org/codehaus/plexus/plexus-io/3.2.0/plexus-io-3.2.0.pom
#13 34.75 [INFO] Downloaded from central: https://repo.maven.apache.org/maven2/org/codehaus/plexus/plexus-io/3.2.0/plexus-io-3.2.0.pom (4.5 kB at 108 kB/s)
#13 34.75 [INFO] Downloading from central: https://repo.maven.apache.org/maven2/org/apache/commons/commons-compress/1.21/commons-compress-1.21.pom
#13 34.80 [INFO] Downloaded from central: https://repo.maven.apache.org/maven2/org/apache/commons/commons-compress/1.21/commons-compress-1.21.pom (20 kB at 447 kB/s)
#13 34.80 [INFO] Downloading from central: https://repo.maven.apache.org/maven2/org/codehaus/plexus/plexus-utils/3.4.2/plexus-utils-3.4.2.pom
#13 34.85 [INFO] Downloaded from central: https://repo.maven.apache.org/maven2/org/codehaus/plexus/plexus-utils/3.4.2/plexus-utils-3.4.2.pom (8.2 kB at 161 kB/s)
#13 34.86 [INFO] Downloading from central: https://repo.maven.apache.org/maven2/org/codehaus/plexus/plexus-container-default/2.1.0/plexus-container-default-2.1.0.pom
#13 34.90 [INFO] Downloaded from central: https://repo.maven.apache.org/maven2/org/codehaus/plexus/plexus-container-default/2.1.0/plexus-container-default-2.1.0.pom (3.0 kB at 66 kB/s)
#13 34.91 [INFO] Downloading from central: https://repo.maven.apache.org/maven2/org/apache/xbean/xbean-reflect/3.7/xbean-reflect-3.7.pom
#13 34.95 [INFO] Downloaded from central: https://repo.maven.apache.org/maven2/org/apache/xbean/xbean-reflect/3.7/xbean-reflect-3.7.pom (5.1 kB at 124 kB/s)
#13 34.95 [INFO] Downloading from central: https://repo.maven.apache.org/maven2/org/apache/xbean/xbean/3.7/xbean-3.7.pom
#13 34.99 [INFO] Downloaded from central: https://repo.maven.apache.org/maven2/org/apache/xbean/xbean/3.7/xbean-3.7.pom (15 kB at 396 kB/s)
#13 34.99 [INFO] Downloading from central: https://repo.maven.apache.org/maven2/org/apache/geronimo/genesis/genesis-java5-flava/2.0/genesis-java5-flava-2.0.pom
#13 35.03 [INFO] Downloaded from central: https://repo.maven.apache.org/maven2/org/apache/geronimo/genesis/genesis-java5-flava/2.0/genesis-java5-flava-2.0.pom (5.5 kB at 137 kB/s)
#13 35.03 [INFO] Downloading from central: https://repo.maven.apache.org/maven2/org/apache/geronimo/genesis/genesis-default-flava/2.0/genesis-default-flava-2.0.pom
#13 35.07 [INFO] Downloaded from central: https://repo.maven.apache.org/maven2/org/apache/geronimo/genesis/genesis-default-flava/2.0/genesis-default-flava-2.0.pom (18 kB at 434 kB/s)
#13 35.08 [INFO] Downloading from central: https://repo.maven.apache.org/maven2/org/apache/geronimo/genesis/genesis/2.0/genesis-2.0.pom
#13 35.12 [INFO] Downloaded from central: https://repo.maven.apache.org/maven2/org/apache/geronimo/genesis/genesis/2.0/genesis-2.0.pom (18 kB at 485 kB/s)
#13 35.12 [INFO] Downloading from central: https://repo.maven.apache.org/maven2/com/google/collections/google-collections/1.0/google-collections-1.0.pom
#13 35.17 [INFO] Downloaded from central: https://repo.maven.apache.org/maven2/com/google/collections/google-collections/1.0/google-collections-1.0.pom (2.5 kB at 50 kB/s)
#13 35.17 [INFO] Downloading from central: https://repo.maven.apache.org/maven2/com/google/google/1/google-1.pom
#13 35.22 [INFO] Downloaded from central: https://repo.maven.apache.org/maven2/com/google/google/1/google-1.pom (1.6 kB at 38 kB/s)
#13 35.22 [INFO] Downloading from central: https://repo.maven.apache.org/maven2/org/apache/maven/doxia/doxia-core/1.11.1/doxia-core-1.11.1.pom
#13 35.26 [INFO] Downloaded from central: https://repo.maven.apache.org/maven2/org/apache/maven/doxia/doxia-core/1.11.1/doxia-core-1.11.1.pom (4.5 kB at 96 kB/s)
#13 35.27 [INFO] Downloading from central: https://repo.maven.apache.org/maven2/org/apache/commons/commons-lang3/3.8.1/commons-lang3-3.8.1.pom
#13 35.31 [INFO] Downloaded from central: https://repo.maven.apache.org/maven2/org/apache/commons/commons-lang3/3.8.1/commons-lang3-3.8.1.pom (28 kB at 680 kB/s)
#13 35.31 [INFO] Downloading from central: https://repo.maven.apache.org/maven2/org/apache/commons/commons-text/1.3/commons-text-1.3.pom
#13 35.36 [INFO] Downloaded from central: https://repo.maven.apache.org/maven2/org/apache/commons/commons-text/1.3/commons-text-1.3.pom (14 kB at 310 kB/s)
#13 35.36 [INFO] Downloading from central: https://repo.maven.apache.org/maven2/org/apache/commons/commons-parent/45/commons-parent-45.pom
#13 35.41 [INFO] Downloaded from central: https://repo.maven.apache.org/maven2/org/apache/commons/commons-parent/45/commons-parent-45.pom (73 kB at 1.5 MB/s)
#13 35.42 [INFO] Downloading from central: https://repo.maven.apache.org/maven2/org/apache/commons/commons-lang3/3.7/commons-lang3-3.7.pom
#13 35.45 [INFO] Downloaded from central: https://repo.maven.apache.org/maven2/org/apache/commons/commons-lang3/3.7/commons-lang3-3.7.pom (28 kB at 706 kB/s)
#13 35.46 [INFO] Downloading from central: https://repo.maven.apache.org/maven2/org/apache/httpcomponents/httpclient/4.5.13/httpclient-4.5.13.pom
#13 35.50 [INFO] Downloaded from central: https://repo.maven.apache.org/maven2/org/apache/httpcomponents/httpclient/4.5.13/httpclient-4.5.13.pom (6.6 kB at 144 kB/s)
#13 35.51 [INFO] Downloading from central: https://repo.maven.apache.org/maven2/org/apache/httpcomponents/httpcomponents-client/4.5.13/httpcomponents-client-4.5.13.pom
#13 35.54 [INFO] Downloaded from central: https://repo.maven.apache.org/maven2/org/apache/httpcomponents/httpcomponents-client/4.5.13/httpcomponents-client-4.5.13.pom (16 kB at 443 kB/s)
#13 35.55 [INFO] Downloading from central: https://repo.maven.apache.org/maven2/org/apache/httpcomponents/httpcore/4.4.13/httpcore-4.4.13.pom
#13 35.59 [INFO] Downloaded from central: https://repo.maven.apache.org/maven2/org/apache/httpcomponents/httpcore/4.4.13/httpcore-4.4.13.pom (5.0 kB at 127 kB/s)
#13 35.59 [INFO] Downloading from central: https://repo.maven.apache.org/maven2/org/apache/httpcomponents/httpcomponents-core/4.4.13/httpcomponents-core-4.4.13.pom
#13 35.63 [INFO] Downloaded from central: https://repo.maven.apache.org/maven2/org/apache/httpcomponents/httpcomponents-core/4.4.13/httpcomponents-core-4.4.13.pom (13 kB at 293 kB/s)
#13 35.64 [INFO] Downloading from central: https://repo.maven.apache.org/maven2/org/apache/httpcomponents/httpcore/4.4.14/httpcore-4.4.14.pom
#13 35.68 [INFO] Downloaded from central: https://repo.maven.apache.org/maven2/org/apache/httpcomponents/httpcore/4.4.14/httpcore-4.4.14.pom (5.0 kB at 121 kB/s)
#13 35.68 [INFO] Downloading from central: https://repo.maven.apache.org/maven2/org/apache/httpcomponents/httpcomponents-core/4.4.14/httpcomponents-core-4.4.14.pom
#13 35.72 [INFO] Downloaded from central: https://repo.maven.apache.org/maven2/org/apache/httpcomponents/httpcomponents-core/4.4.14/httpcomponents-core-4.4.14.pom (13 kB at 329 kB/s)
#13 35.73 [INFO] Downloading from central: https://repo.maven.apache.org/maven2/org/apache/maven/doxia/doxia-module-xhtml/1.11.1/doxia-module-xhtml-1.11.1.pom
#13 35.77 [INFO] Downloaded from central: https://repo.maven.apache.org/maven2/org/apache/maven/doxia/doxia-module-xhtml/1.11.1/doxia-module-xhtml-1.11.1.pom (2.0 kB at 45 kB/s)
#13 35.77 [INFO] Downloading from central: https://repo.maven.apache.org/maven2/org/apache/maven/doxia/doxia-modules/1.11.1/doxia-modules-1.11.1.pom
#13 35.82 [INFO] Downloaded from central: https://repo.maven.apache.org/maven2/org/apache/maven/doxia/doxia-modules/1.11.1/doxia-modules-1.11.1.pom (2.7 kB at 65 kB/s)
#13 35.82 [INFO] Downloading from central: https://repo.maven.apache.org/maven2/org/apache/maven/doxia/doxia-module-xhtml5/1.11.1/doxia-module-xhtml5-1.11.1.pom
#13 35.86 [INFO] Downloaded from central: https://repo.maven.apache.org/maven2/org/apache/maven/doxia/doxia-module-xhtml5/1.11.1/doxia-module-xhtml5-1.11.1.pom (2.0 kB at 52 kB/s)
#13 35.86 [INFO] Downloading from central: https://repo.maven.apache.org/maven2/org/apache/maven/doxia/doxia-module-apt/1.11.1/doxia-module-apt-1.11.1.pom
#13 35.90 [INFO] Downloaded from central: https://repo.maven.apache.org/maven2/org/apache/maven/doxia/doxia-module-apt/1.11.1/doxia-module-apt-1.11.1.pom (2.1 kB at 53 kB/s)
#13 35.90 [INFO] Downloading from central: https://repo.maven.apache.org/maven2/org/apache/maven/doxia/doxia-module-xdoc/1.11.1/doxia-module-xdoc-1.11.1.pom
#13 35.95 [INFO] Downloaded from central: https://repo.maven.apache.org/maven2/org/apache/maven/doxia/doxia-module-xdoc/1.11.1/doxia-module-xdoc-1.11.1.pom (4.5 kB at 89 kB/s)
#13 35.95 [INFO] Downloading from central: https://repo.maven.apache.org/maven2/org/apache/maven/doxia/doxia-module-fml/1.11.1/doxia-module-fml-1.11.1.pom
#13 36.00 [INFO] Downloaded from central: https://repo.maven.apache.org/maven2/org/apache/maven/doxia/doxia-module-fml/1.11.1/doxia-module-fml-1.11.1.pom (4.4 kB at 88 kB/s)
#13 36.01 [INFO] Downloading from central: https://repo.maven.apache.org/maven2/org/apache/maven/doxia/doxia-module-markdown/1.11.1/doxia-module-markdown-1.11.1.pom
#13 36.05 [INFO] Downloaded from central: https://repo.maven.apache.org/maven2/org/apache/maven/doxia/doxia-module-markdown/1.11.1/doxia-module-markdown-1.11.1.pom (5.4 kB at 131 kB/s)
#13 36.05 [INFO] Downloading from central: https://repo.maven.apache.org/maven2/com/vladsch/flexmark/flexmark-all/0.42.14/flexmark-all-0.42.14.pom
#13 36.09 [INFO] Downloaded from central: https://repo.maven.apache.org/maven2/com/vladsch/flexmark/flexmark-all/0.42.14/flexmark-all-0.42.14.pom (9.0 kB at 213 kB/s)
#13 36.10 [INFO] Downloading from central: https://repo.maven.apache.org/maven2/com/vladsch/flexmark/flexmark-java/0.42.14/flexmark-java-0.42.14.pom
#13 36.13 [INFO] Downloaded from central: https://repo.maven.apache.org/maven2/com/vladsch/flexmark/flexmark-java/0.42.14/flexmark-java-0.42.14.pom (20 kB at 526 kB/s)
#13 36.14 [INFO] Downloading from central: https://repo.maven.apache.org/maven2/com/vladsch/flexmark/flexmark/0.42.14/flexmark-0.42.14.pom
#13 36.20 [INFO] Downloaded from central: https://repo.maven.apache.org/maven2/com/vladsch/flexmark/flexmark/0.42.14/flexmark-0.42.14.pom (2.5 kB at 42 kB/s)
#13 36.20 [INFO] Downloading from central: https://repo.maven.apache.org/maven2/com/vladsch/flexmark/flexmark-util/0.42.14/flexmark-util-0.42.14.pom
#13 36.24 [INFO] Downloaded from central: https://repo.maven.apache.org/maven2/com/vladsch/flexmark/flexmark-util/0.42.14/flexmark-util-0.42.14.pom (792 B at 20 kB/s)
#13 36.24 [INFO] Downloading from central: https://repo.maven.apache.org/maven2/com/vladsch/flexmark/flexmark-ext-abbreviation/0.42.14/flexmark-ext-abbreviation-0.42.14.pom
#13 36.29 [INFO] Downloaded from central: https://repo.maven.apache.org/maven2/com/vladsch/flexmark/flexmark-ext-abbreviation/0.42.14/flexmark-ext-abbreviation-0.42.14.pom (2.5 kB at 52 kB/s)
#13 36.29 [INFO] Downloading from central: https://repo.maven.apache.org/maven2/com/vladsch/flexmark/flexmark-ext-autolink/0.42.14/flexmark-ext-autolink-0.42.14.pom
#13 36.34 [INFO] Downloaded from central: https://repo.maven.apache.org/maven2/com/vladsch/flexmark/flexmark-ext-autolink/0.42.14/flexmark-ext-autolink-0.42.14.pom (1.8 kB at 39 kB/s)
#13 36.34 [INFO] Downloading from central: https://repo.maven.apache.org/maven2/org/nibor/autolink/autolink/0.6.0/autolink-0.6.0.pom
#13 36.38 [INFO] Downloaded from central: https://repo.maven.apache.org/maven2/org/nibor/autolink/autolink/0.6.0/autolink-0.6.0.pom (9.2 kB at 229 kB/s)
#13 36.38 [INFO] Downloading from central: https://repo.maven.apache.org/maven2/com/vladsch/flexmark/flexmark-formatter/0.42.14/flexmark-formatter-0.42.14.pom
#13 36.43 [INFO] Downloaded from central: https://repo.maven.apache.org/maven2/com/vladsch/flexmark/flexmark-formatter/0.42.14/flexmark-formatter-0.42.14.pom (1.1 kB at 23 kB/s)
#13 36.43 [INFO] Downloading from central: https://repo.maven.apache.org/maven2/com/vladsch/flexmark/flexmark-ext-admonition/0.42.14/flexmark-ext-admonition-0.42.14.pom
#13 36.48 [INFO] Downloaded from central: https://repo.maven.apache.org/maven2/com/vladsch/flexmark/flexmark-ext-admonition/0.42.14/flexmark-ext-admonition-0.42.14.pom (1.5 kB at 33 kB/s)
#13 36.48 [INFO] Downloading from central: https://repo.maven.apache.org/maven2/com/vladsch/flexmark/flexmark-ext-anchorlink/0.42.14/flexmark-ext-anchorlink-0.42.14.pom
#13 36.52 [INFO] Downloaded from central: https://repo.maven.apache.org/maven2/com/vladsch/flexmark/flexmark-ext-anchorlink/0.42.14/flexmark-ext-anchorlink-0.42.14.pom (1.6 kB at 37 kB/s)
#13 36.52 [INFO] Downloading from central: https://repo.maven.apache.org/maven2/com/vladsch/flexmark/flexmark-ext-aside/0.42.14/flexmark-ext-aside-0.42.14.pom
#13 36.58 [INFO] Downloaded from central: https://repo.maven.apache.org/maven2/com/vladsch/flexmark/flexmark-ext-aside/0.42.14/flexmark-ext-aside-0.42.14.pom (1.5 kB at 27 kB/s)
#13 36.58 [INFO] Downloading from central: https://repo.maven.apache.org/maven2/com/vladsch/flexmark/flexmark-jira-converter/0.42.14/flexmark-jira-converter-0.42.14.pom
#13 36.63 [INFO] Downloaded from central: https://repo.maven.apache.org/maven2/com/vladsch/flexmark/flexmark-jira-converter/0.42.14/flexmark-jira-converter-0.42.14.pom (2.1 kB at 46 kB/s)
#13 36.63 [INFO] Downloading from central: https://repo.maven.apache.org/maven2/com/vladsch/flexmark/flexmark-ext-gfm-strikethrough/0.42.14/flexmark-ext-gfm-strikethrough-0.42.14.pom
#13 36.67 [INFO] Downloaded from central: https://repo.maven.apache.org/maven2/com/vladsch/flexmark/flexmark-ext-gfm-strikethrough/0.42.14/flexmark-ext-gfm-strikethrough-0.42.14.pom (1.3 kB at 31 kB/s)
#13 36.68 [INFO] Downloading from central: https://repo.maven.apache.org/maven2/com/vladsch/flexmark/flexmark-ext-tables/0.42.14/flexmark-ext-tables-0.42.14.pom
#13 36.71 [INFO] Downloaded from central: https://repo.maven.apache.org/maven2/com/vladsch/flexmark/flexmark-ext-tables/0.42.14/flexmark-ext-tables-0.42.14.pom (1.5 kB at 39 kB/s)
#13 36.72 [INFO] Downloading from central: https://repo.maven.apache.org/maven2/com/vladsch/flexmark/flexmark-ext-wikilink/0.42.14/flexmark-ext-wikilink-0.42.14.pom
#13 36.76 [INFO] Downloaded from central: https://repo.maven.apache.org/maven2/com/vladsch/flexmark/flexmark-ext-wikilink/0.42.14/flexmark-ext-wikilink-0.42.14.pom (1.5 kB at 33 kB/s)
#13 36.77 [INFO] Downloading from central: https://repo.maven.apache.org/maven2/com/vladsch/flexmark/flexmark-ext-ins/0.42.14/flexmark-ext-ins-0.42.14.pom
#13 36.81 [INFO] Downloaded from central: https://repo.maven.apache.org/maven2/com/vladsch/flexmark/flexmark-ext-ins/0.42.14/flexmark-ext-ins-0.42.14.pom (1.3 kB at 31 kB/s)
#13 36.81 [INFO] Downloading from central: https://repo.maven.apache.org/maven2/com/vladsch/flexmark/flexmark-ext-superscript/0.42.14/flexmark-ext-superscript-0.42.14.pom
#13 36.85 [INFO] Downloaded from central: https://repo.maven.apache.org/maven2/com/vladsch/flexmark/flexmark-ext-superscript/0.42.14/flexmark-ext-superscript-0.42.14.pom (1.3 kB at 35 kB/s)
#13 36.85 [INFO] Downloading from central: https://repo.maven.apache.org/maven2/com/vladsch/flexmark/flexmark-ext-attributes/0.42.14/flexmark-ext-attributes-0.42.14.pom
#13 36.89 [INFO] Downloaded from central: https://repo.maven.apache.org/maven2/com/vladsch/flexmark/flexmark-ext-attributes/0.42.14/flexmark-ext-attributes-0.42.14.pom (2.6 kB at 63 kB/s)
#13 36.89 [INFO] Downloading from central: https://repo.maven.apache.org/maven2/com/vladsch/flexmark/flexmark-ext-definition/0.42.14/flexmark-ext-definition-0.42.14.pom
#13 36.95 [INFO] Downloaded from central: https://repo.maven.apache.org/maven2/com/vladsch/flexmark/flexmark-ext-definition/0.42.14/flexmark-ext-definition-0.42.14.pom (1.3 kB at 22 kB/s)
#13 36.95 [INFO] Downloading from central: https://repo.maven.apache.org/maven2/com/vladsch/flexmark/flexmark-ext-emoji/0.42.14/flexmark-ext-emoji-0.42.14.pom
#13 37.00 [INFO] Downloaded from central: https://repo.maven.apache.org/maven2/com/vladsch/flexmark/flexmark-ext-emoji/0.42.14/flexmark-ext-emoji-0.42.14.pom (1.5 kB at 33 kB/s)
#13 37.00 [INFO] Downloading from central: https://repo.maven.apache.org/maven2/com/vladsch/flexmark/flexmark-ext-enumerated-reference/0.42.14/flexmark-ext-enumerated-reference-0.42.14.pom
#13 37.05 [INFO] Downloaded from central: https://repo.maven.apache.org/maven2/com/vladsch/flexmark/flexmark-ext-enumerated-reference/0.42.14/flexmark-ext-enumerated-reference-0.42.14.pom (1.7 kB at 35 kB/s)
#13 37.05 [INFO] Downloading from central: https://repo.maven.apache.org/maven2/com/vladsch/flexmark/flexmark-ext-escaped-character/0.42.14/flexmark-ext-escaped-character-0.42.14.pom
#13 37.10 [INFO] Downloaded from central: https://repo.maven.apache.org/maven2/com/vladsch/flexmark/flexmark-ext-escaped-character/0.42.14/flexmark-ext-escaped-character-0.42.14.pom (1.3 kB at 27 kB/s)
#13 37.11 [INFO] Downloading from central: https://repo.maven.apache.org/maven2/com/vladsch/flexmark/flexmark-ext-footnotes/0.42.14/flexmark-ext-footnotes-0.42.14.pom
#13 37.18 [INFO] Downloaded from central: https://repo.maven.apache.org/maven2/com/vladsch/flexmark/flexmark-ext-footnotes/0.42.14/flexmark-ext-footnotes-0.42.14.pom (1.3 kB at 18 kB/s)
#13 37.18 [INFO] Downloading from central: https://repo.maven.apache.org/maven2/com/vladsch/flexmark/flexmark-ext-gfm-issues/0.42.14/flexmark-ext-gfm-issues-0.42.14.pom
#13 37.22 [INFO] Downloaded from central: https://repo.maven.apache.org/maven2/com/vladsch/flexmark/flexmark-ext-gfm-issues/0.42.14/flexmark-ext-gfm-issues-0.42.14.pom (1.3 kB at 31 kB/s)
#13 37.22 [INFO] Downloading from central: https://repo.maven.apache.org/maven2/com/vladsch/flexmark/flexmark-ext-gfm-tables/0.42.14/flexmark-ext-gfm-tables-0.42.14.pom
#13 37.27 [INFO] Downloaded from central: https://repo.maven.apache.org/maven2/com/vladsch/flexmark/flexmark-ext-gfm-tables/0.42.14/flexmark-ext-gfm-tables-0.42.14.pom (1.3 kB at 26 kB/s)
#13 37.28 [INFO] Downloading from central: https://repo.maven.apache.org/maven2/com/vladsch/flexmark/flexmark-ext-gfm-tasklist/0.42.14/flexmark-ext-gfm-tasklist-0.42.14.pom
#13 37.32 [INFO] Downloaded from central: https://repo.maven.apache.org/maven2/com/vladsch/flexmark/flexmark-ext-gfm-tasklist/0.42.14/flexmark-ext-gfm-tasklist-0.42.14.pom (1.4 kB at 34 kB/s)
#13 37.32 [INFO] Downloading from central: https://repo.maven.apache.org/maven2/com/vladsch/flexmark/flexmark-ext-gfm-users/0.42.14/flexmark-ext-gfm-users-0.42.14.pom
#13 37.37 [INFO] Downloaded from central: https://repo.maven.apache.org/maven2/com/vladsch/flexmark/flexmark-ext-gfm-users/0.42.14/flexmark-ext-gfm-users-0.42.14.pom (1.3 kB at 28 kB/s)
#13 37.37 [INFO] Downloading from central: https://repo.maven.apache.org/maven2/com/vladsch/flexmark/flexmark-ext-gitlab/0.42.14/flexmark-ext-gitlab-0.42.14.pom
#13 37.41 [INFO] Downloaded from central: https://repo.maven.apache.org/maven2/com/vladsch/flexmark/flexmark-ext-gitlab/0.42.14/flexmark-ext-gitlab-0.42.14.pom (1.3 kB at 33 kB/s)
#13 37.41 [INFO] Downloading from central: https://repo.maven.apache.org/maven2/com/vladsch/flexmark/flexmark-ext-jekyll-front-matter/0.42.14/flexmark-ext-jekyll-front-matter-0.42.14.pom
#13 37.46 [INFO] Downloaded from central: https://repo.maven.apache.org/maven2/com/vladsch/flexmark/flexmark-ext-jekyll-front-matter/0.42.14/flexmark-ext-jekyll-front-matter-0.42.14.pom (1.5 kB at 30 kB/s)
#13 37.46 [INFO] Downloading from central: https://repo.maven.apache.org/maven2/com/vladsch/flexmark/flexmark-ext-yaml-front-matter/0.42.14/flexmark-ext-yaml-front-matter-0.42.14.pom
#13 37.50 [INFO] Downloaded from central: https://repo.maven.apache.org/maven2/com/vladsch/flexmark/flexmark-ext-yaml-front-matter/0.42.14/flexmark-ext-yaml-front-matter-0.42.14.pom (1.3 kB at 34 kB/s)
#13 37.50 [INFO] Downloading from central: https://repo.maven.apache.org/maven2/com/vladsch/flexmark/flexmark-ext-jekyll-tag/0.42.14/flexmark-ext-jekyll-tag-0.42.14.pom
#13 37.54 [INFO] Downloaded from central: https://repo.maven.apache.org/maven2/com/vladsch/flexmark/flexmark-ext-jekyll-tag/0.42.14/flexmark-ext-jekyll-tag-0.42.14.pom (1.3 kB at 32 kB/s)
#13 37.55 [INFO] Downloading from central: https://repo.maven.apache.org/maven2/com/vladsch/flexmark/flexmark-ext-media-tags/0.42.14/flexmark-ext-media-tags-0.42.14.pom
#13 37.59 [INFO] Downloaded from central: https://repo.maven.apache.org/maven2/com/vladsch/flexmark/flexmark-ext-media-tags/0.42.14/flexmark-ext-media-tags-0.42.14.pom (1.0 kB at 24 kB/s)
#13 37.59 [INFO] Downloading from central: https://repo.maven.apache.org/maven2/com/vladsch/flexmark/flexmark-ext-macros/0.42.14/flexmark-ext-macros-0.42.14.pom
#13 37.64 [INFO] Downloaded from central: https://repo.maven.apache.org/maven2/com/vladsch/flexmark/flexmark-ext-macros/0.42.14/flexmark-ext-macros-0.42.14.pom (1.6 kB at 36 kB/s)
#13 37.64 [INFO] Downloading from central: https://repo.maven.apache.org/maven2/com/vladsch/flexmark/flexmark-ext-xwiki-macros/0.42.14/flexmark-ext-xwiki-macros-0.42.14.pom
#13 37.68 [INFO] Downloaded from central: https://repo.maven.apache.org/maven2/com/vladsch/flexmark/flexmark-ext-xwiki-macros/0.42.14/flexmark-ext-xwiki-macros-0.42.14.pom (1.3 kB at 34 kB/s)
#13 37.68 [INFO] Downloading from central: https://repo.maven.apache.org/maven2/com/vladsch/flexmark/flexmark-ext-toc/0.42.14/flexmark-ext-toc-0.42.14.pom
#13 37.73 [INFO] Downloaded from central: https://repo.maven.apache.org/maven2/com/vladsch/flexmark/flexmark-ext-toc/0.42.14/flexmark-ext-toc-0.42.14.pom (1.5 kB at 34 kB/s)
#13 37.73 [INFO] Downloading from central: https://repo.maven.apache.org/maven2/com/vladsch/flexmark/flexmark-ext-typographic/0.42.14/flexmark-ext-typographic-0.42.14.pom
#13 37.77 [INFO] Downloaded from central: https://repo.maven.apache.org/maven2/com/vladsch/flexmark/flexmark-ext-typographic/0.42.14/flexmark-ext-typographic-0.42.14.pom (1.3 kB at 32 kB/s)
#13 37.77 [INFO] Downloading from central: https://repo.maven.apache.org/maven2/com/vladsch/flexmark/flexmark-ext-youtube-embedded/0.42.14/flexmark-ext-youtube-embedded-0.42.14.pom
#13 37.81 [INFO] Downloaded from central: https://repo.maven.apache.org/maven2/com/vladsch/flexmark/flexmark-ext-youtube-embedded/0.42.14/flexmark-ext-youtube-embedded-0.42.14.pom (883 B at 22 kB/s)
#13 37.82 [INFO] Downloading from central: https://repo.maven.apache.org/maven2/com/vladsch/flexmark/flexmark-html-parser/0.42.14/flexmark-html-parser-0.42.14.pom
#13 37.86 [INFO] Downloaded from central: https://repo.maven.apache.org/maven2/com/vladsch/flexmark/flexmark-html-parser/0.42.14/flexmark-html-parser-0.42.14.pom (1.5 kB at 32 kB/s)
#13 37.86 [INFO] Downloading from central: https://repo.maven.apache.org/maven2/org/jsoup/jsoup/1.10.2/jsoup-1.10.2.pom
#13 37.90 [INFO] Downloaded from central: https://repo.maven.apache.org/maven2/org/jsoup/jsoup/1.10.2/jsoup-1.10.2.pom (7.3 kB at 187 kB/s)
#13 37.90 [INFO] Downloading from central: https://repo.maven.apache.org/maven2/com/vladsch/flexmark/flexmark-profile-pegdown/0.42.14/flexmark-profile-pegdown-0.42.14.pom
#13 37.95 [INFO] Downloaded from central: https://repo.maven.apache.org/maven2/com/vladsch/flexmark/flexmark-profile-pegdown/0.42.14/flexmark-profile-pegdown-0.42.14.pom (4.0 kB at 94 kB/s)
#13 37.95 [INFO] Downloading from central: https://repo.maven.apache.org/maven2/com/vladsch/flexmark/flexmark-youtrack-converter/0.42.14/flexmark-youtrack-converter-0.42.14.pom
#13 37.99 [INFO] Downloaded from central: https://repo.maven.apache.org/maven2/com/vladsch/flexmark/flexmark-youtrack-converter/0.42.14/flexmark-youtrack-converter-0.42.14.pom (1.7 kB at 44 kB/s)
#13 37.99 [INFO] Downloading from central: https://repo.maven.apache.org/maven2/org/apache/maven/doxia/doxia-module-confluence/1.11.1/doxia-module-confluence-1.11.1.pom
#13 38.04 [INFO] Downloaded from central: https://repo.maven.apache.org/maven2/org/apache/maven/doxia/doxia-module-confluence/1.11.1/doxia-module-confluence-1.11.1.pom (2.2 kB at 43 kB/s)
#13 38.04 [INFO] Downloading from central: https://repo.maven.apache.org/maven2/org/apache/maven/doxia/doxia-module-docbook-simple/1.11.1/doxia-module-docbook-simple-1.11.1.pom
#13 38.10 [INFO] Downloaded from central: https://repo.maven.apache.org/maven2/org/apache/maven/doxia/doxia-module-docbook-simple/1.11.1/doxia-module-docbook-simple-1.11.1.pom (2.0 kB at 38 kB/s)
#13 38.10 [INFO] Downloading from central: https://repo.maven.apache.org/maven2/org/apache/maven/doxia/doxia-module-twiki/1.11.1/doxia-module-twiki-1.11.1.pom
#13 38.16 [INFO] Downloaded from central: https://repo.maven.apache.org/maven2/org/apache/maven/doxia/doxia-module-twiki/1.11.1/doxia-module-twiki-1.11.1.pom (2.1 kB at 38 kB/s)
#13 38.16 [INFO] Downloading from central: https://repo.maven.apache.org/maven2/org/apache/maven/doxia/doxia-decoration-model/1.11.1/doxia-decoration-model-1.11.1.pom
#13 38.20 [INFO] Downloaded from central: https://repo.maven.apache.org/maven2/org/apache/maven/doxia/doxia-decoration-model/1.11.1/doxia-decoration-model-1.11.1.pom (3.4 kB at 85 kB/s)
#13 38.20 [INFO] Downloading from central: https://repo.maven.apache.org/maven2/org/apache/maven/doxia/doxia-sitetools/1.11.1/doxia-sitetools-1.11.1.pom
#13 45.10 [INFO] Downloaded from central: https://repo.maven.apache.org/maven2/org/apache/maven/doxia/doxia-sitetools/1.11.1/doxia-sitetools-1.11.1.pom (14 kB at 2.0 kB/s)
#13 45.10 [INFO] Downloading from central: https://repo.maven.apache.org/maven2/org/apache/maven/doxia/doxia-site-renderer/1.11.1/doxia-site-renderer-1.11.1.pom
#13 45.14 [INFO] Downloaded from central: https://repo.maven.apache.org/maven2/org/apache/maven/doxia/doxia-site-renderer/1.11.1/doxia-site-renderer-1.11.1.pom (7.7 kB at 214 kB/s)
#13 45.14 [INFO] Downloading from central: https://repo.maven.apache.org/maven2/org/apache/maven/maven-artifact/3.0/maven-artifact-3.0.pom
#13 37.82 [INFO] Downloaded from central: https://repo.maven.apache.org/maven2/org/apache/maven/maven-artifact/3.0/maven-artifact-3.0.pom (1.9 kB)
#13 37.83 [INFO] Downloading from central: https://repo.maven.apache.org/maven2/org/apache/maven/doxia/doxia-skin-model/1.11.1/doxia-skin-model-1.11.1.pom
#13 37.87 [INFO] Downloaded from central: https://repo.maven.apache.org/maven2/org/apache/maven/doxia/doxia-skin-model/1.11.1/doxia-skin-model-1.11.1.pom (3.0 kB at 71 kB/s)
#13 37.87 [INFO] Downloading from central: https://repo.maven.apache.org/maven2/org/codehaus/plexus/plexus-container-default/1.0-alpha-30/plexus-container-default-1.0-alpha-30.pom
#13 37.92 [INFO] Downloaded from central: https://repo.maven.apache.org/maven2/org/codehaus/plexus/plexus-container-default/1.0-alpha-30/plexus-container-default-1.0-alpha-30.pom (3.5 kB at 66 kB/s)
#13 37.93 [INFO] Downloading from central: https://repo.maven.apache.org/maven2/org/codehaus/plexus/plexus-containers/1.0-alpha-30/plexus-containers-1.0-alpha-30.pom
#13 37.97 [INFO] Downloaded from central: https://repo.maven.apache.org/maven2/org/codehaus/plexus/plexus-containers/1.0-alpha-30/plexus-containers-1.0-alpha-30.pom (1.9 kB at 47 kB/s)
#13 37.97 [INFO] Downloading from central: https://repo.maven.apache.org/maven2/org/codehaus/plexus/plexus-classworlds/1.2-alpha-9/plexus-classworlds-1.2-alpha-9.pom
#13 38.01 [INFO] Downloaded from central: https://repo.maven.apache.org/maven2/org/codehaus/plexus/plexus-classworlds/1.2-alpha-9/plexus-classworlds-1.2-alpha-9.pom (3.2 kB at 81 kB/s)
#13 38.01 [INFO] Downloading from central: https://repo.maven.apache.org/maven2/junit/junit/3.8.1/junit-3.8.1.pom
#13 38.07 [INFO] Downloaded from central: https://repo.maven.apache.org/maven2/junit/junit/3.8.1/junit-3.8.1.pom (998 B at 17 kB/s)
#13 38.07 [INFO] Downloading from central: https://repo.maven.apache.org/maven2/org/codehaus/plexus/plexus-velocity/1.2/plexus-velocity-1.2.pom
#13 38.14 [INFO] Downloaded from central: https://repo.maven.apache.org/maven2/org/codehaus/plexus/plexus-velocity/1.2/plexus-velocity-1.2.pom (2.8 kB at 42 kB/s)
#13 38.14 [INFO] Downloading from central: https://repo.maven.apache.org/maven2/org/codehaus/plexus/plexus-components/4.0/plexus-components-4.0.pom
#13 38.18 [INFO] Downloaded from central: https://repo.maven.apache.org/maven2/org/codehaus/plexus/plexus-components/4.0/plexus-components-4.0.pom (2.7 kB at 68 kB/s)
#13 38.18 [INFO] Downloading from central: https://repo.maven.apache.org/maven2/org/codehaus/plexus/plexus-container-default/1.0-alpha-9-stable-1/plexus-container-default-1.0-alpha-9-stable-1.pom
#13 38.22 [INFO] Downloaded from central: https://repo.maven.apache.org/maven2/org/codehaus/plexus/plexus-container-default/1.0-alpha-9-stable-1/plexus-container-default-1.0-alpha-9-stable-1.pom (3.9 kB at 96 kB/s)
#13 38.23 [INFO] Downloading from central: https://repo.maven.apache.org/maven2/commons-collections/commons-collections/3.1/commons-collections-3.1.pom
#13 38.27 [INFO] Downloaded from central: https://repo.maven.apache.org/maven2/commons-collections/commons-collections/3.1/commons-collections-3.1.pom (6.1 kB at 135 kB/s)
#13 38.27 [INFO] Downloading from central: https://repo.maven.apache.org/maven2/org/apache/velocity/velocity/1.7/velocity-1.7.pom
#13 38.32 [INFO] Downloaded from central: https://repo.maven.apache.org/maven2/org/apache/velocity/velocity/1.7/velocity-1.7.pom (11 kB at 213 kB/s)
#13 38.33 [INFO] Downloading from central: https://repo.maven.apache.org/maven2/commons-collections/commons-collections/3.2.1/commons-collections-3.2.1.pom
#13 38.38 [INFO] Downloaded from central: https://repo.maven.apache.org/maven2/commons-collections/commons-collections/3.2.1/commons-collections-3.2.1.pom (13 kB at 255 kB/s)
#13 38.38 [INFO] Downloading from central: https://repo.maven.apache.org/maven2/org/apache/commons/commons-parent/9/commons-parent-9.pom
#13 38.42 [INFO] Downloaded from central: https://repo.maven.apache.org/maven2/org/apache/commons/commons-parent/9/commons-parent-9.pom (22 kB at 548 kB/s)
#13 38.42 [INFO] Downloading from central: https://repo.maven.apache.org/maven2/commons-lang/commons-lang/2.4/commons-lang-2.4.pom
#13 38.46 [INFO] Downloaded from central: https://repo.maven.apache.org/maven2/commons-lang/commons-lang/2.4/commons-lang-2.4.pom (14 kB at 318 kB/s)
#13 38.47 [INFO] Downloading from central: https://repo.maven.apache.org/maven2/org/apache/velocity/velocity-tools/2.0/velocity-tools-2.0.pom
#13 38.51 [INFO] Downloaded from central: https://repo.maven.apache.org/maven2/org/apache/velocity/velocity-tools/2.0/velocity-tools-2.0.pom (18 kB at 404 kB/s)
#13 38.52 [INFO] Downloading from central: https://repo.maven.apache.org/maven2/commons-beanutils/commons-beanutils/1.7.0/commons-beanutils-1.7.0.pom
#13 38.56 [INFO] Downloaded from central: https://repo.maven.apache.org/maven2/commons-beanutils/commons-beanutils/1.7.0/commons-beanutils-1.7.0.pom (357 B at 7.6 kB/s)
#13 38.56 [INFO] Downloading from central: https://repo.maven.apache.org/maven2/commons-logging/commons-logging/1.0.3/commons-logging-1.0.3.pom
#13 38.61 [INFO] Downloaded from central: https://repo.maven.apache.org/maven2/commons-logging/commons-logging/1.0.3/commons-logging-1.0.3.pom (866 B at 18 kB/s)
#13 38.61 [INFO] Downloading from central: https://repo.maven.apache.org/maven2/commons-digester/commons-digester/1.8/commons-digester-1.8.pom
#13 38.67 [INFO] Downloaded from central: https://repo.maven.apache.org/maven2/commons-digester/commons-digester/1.8/commons-digester-1.8.pom (7.0 kB at 121 kB/s)
#13 38.67 [INFO] Downloading from central: https://repo.maven.apache.org/maven2/commons-logging/commons-logging/1.1/commons-logging-1.1.pom
#13 38.72 [INFO] Downloaded from central: https://repo.maven.apache.org/maven2/commons-logging/commons-logging/1.1/commons-logging-1.1.pom (6.2 kB at 132 kB/s)
#13 38.72 [INFO] Downloading from central: https://repo.maven.apache.org/maven2/log4j/log4j/1.2.12/log4j-1.2.12.pom
#13 38.77 [INFO] Downloaded from central: https://repo.maven.apache.org/maven2/log4j/log4j/1.2.12/log4j-1.2.12.pom (145 B at 3.4 kB/s)
#13 38.77 [INFO] Downloading from central: https://repo.maven.apache.org/maven2/logkit/logkit/1.0.1/logkit-1.0.1.pom
#13 38.82 [INFO] Downloaded from central: https://repo.maven.apache.org/maven2/logkit/logkit/1.0.1/logkit-1.0.1.pom (147 B at 2.9 kB/s)
#13 38.82 [INFO] Downloading from central: https://repo.maven.apache.org/maven2/avalon-framework/avalon-framework/4.1.3/avalon-framework-4.1.3.pom
#13 38.87 [INFO] Downloaded from central: https://repo.maven.apache.org/maven2/avalon-framework/avalon-framework/4.1.3/avalon-framework-4.1.3.pom (167 B at 3.6 kB/s)
#13 38.87 [INFO] Downloading from central: https://repo.maven.apache.org/maven2/commons-chain/commons-chain/1.1/commons-chain-1.1.pom
#13 38.91 [INFO] Downloaded from central: https://repo.maven.apache.org/maven2/commons-chain/commons-chain/1.1/commons-chain-1.1.pom (6.0 kB at 154 kB/s)
#13 38.91 [INFO] Downloading from central: https://repo.maven.apache.org/maven2/commons-digester/commons-digester/1.6/commons-digester-1.6.pom
#13 38.96 [INFO] Downloaded from central: https://repo.maven.apache.org/maven2/commons-digester/commons-digester/1.6/commons-digester-1.6.pom (974 B at 21 kB/s)
#13 38.96 [INFO] Downloading from central: https://repo.maven.apache.org/maven2/commons-beanutils/commons-beanutils/1.6/commons-beanutils-1.6.pom
#13 39.00 [INFO] Downloaded from central: https://repo.maven.apache.org/maven2/commons-beanutils/commons-beanutils/1.6/commons-beanutils-1.6.pom (2.3 kB at 58 kB/s)
#13 39.00 [INFO] Downloading from central: https://repo.maven.apache.org/maven2/commons-logging/commons-logging/1.0/commons-logging-1.0.pom
#13 39.04 [INFO] Downloaded from central: https://repo.maven.apache.org/maven2/commons-logging/commons-logging/1.0/commons-logging-1.0.pom (163 B at 4.3 kB/s)
#13 39.04 [INFO] Downloading from central: https://repo.maven.apache.org/maven2/commons-collections/commons-collections/2.0/commons-collections-2.0.pom
#13 39.09 [INFO] Downloaded from central: https://repo.maven.apache.org/maven2/commons-collections/commons-collections/2.0/commons-collections-2.0.pom (171 B at 3.7 kB/s)
#13 39.09 [INFO] Downloading from central: https://repo.maven.apache.org/maven2/commons-collections/commons-collections/2.1/commons-collections-2.1.pom
#13 39.14 [INFO] Downloaded from central: https://repo.maven.apache.org/maven2/commons-collections/commons-collections/2.1/commons-collections-2.1.pom (3.3 kB at 71 kB/s)
#13 39.14 [INFO] Downloading from central: https://repo.maven.apache.org/maven2/xml-apis/xml-apis/1.0.b2/xml-apis-1.0.b2.pom
#13 39.18 [INFO] Downloaded from central: https://repo.maven.apache.org/maven2/xml-apis/xml-apis/1.0.b2/xml-apis-1.0.b2.pom (2.2 kB at 50 kB/s)
#13 39.19 [INFO] Downloading from central: https://repo.maven.apache.org/maven2/commons-collections/commons-collections/3.2/commons-collections-3.2.pom
#13 39.23 [INFO] Downloaded from central: https://repo.maven.apache.org/maven2/commons-collections/commons-collections/3.2/commons-collections-3.2.pom (11 kB at 245 kB/s)
#13 39.23 [INFO] Downloading from central: https://repo.maven.apache.org/maven2/dom4j/dom4j/1.1/dom4j-1.1.pom
#13 39.28 [INFO] Downloaded from central: https://repo.maven.apache.org/maven2/dom4j/dom4j/1.1/dom4j-1.1.pom (142 B at 2.8 kB/s)
#13 39.29 [INFO] Downloading from central: https://repo.maven.apache.org/maven2/oro/oro/2.0.8/oro-2.0.8.pom
#13 39.33 [INFO] Downloaded from central: https://repo.maven.apache.org/maven2/oro/oro/2.0.8/oro-2.0.8.pom (140 B at 3.3 kB/s)
#13 39.33 [INFO] Downloading from central: https://repo.maven.apache.org/maven2/org/apache/velocity/velocity/1.6.2/velocity-1.6.2.pom
#13 39.38 [INFO] Downloaded from central: https://repo.maven.apache.org/maven2/org/apache/velocity/velocity/1.6.2/velocity-1.6.2.pom (11 kB at 231 kB/s)
#13 39.38 [INFO] Downloading from central: https://repo.maven.apache.org/maven2/org/apache/maven/doxia/doxia-integration-tools/1.11.1/doxia-integration-tools-1.11.1.pom
#13 39.43 [INFO] Downloaded from central: https://repo.maven.apache.org/maven2/org/apache/maven/doxia/doxia-integration-tools/1.11.1/doxia-integration-tools-1.11.1.pom (6.0 kB at 114 kB/s)
#13 39.43 [INFO] Downloading from central: https://repo.maven.apache.org/maven2/org/apache/maven/maven-artifact/2.2.1/maven-artifact-2.2.1.pom
#13 39.49 [INFO] Downloaded from central: https://repo.maven.apache.org/maven2/org/apache/maven/maven-artifact/2.2.1/maven-artifact-2.2.1.pom (1.6 kB at 30 kB/s)
#13 39.49 [INFO] Downloading from central: https://repo.maven.apache.org/maven2/org/apache/maven/maven/2.2.1/maven-2.2.1.pom
#13 39.53 [INFO] Downloaded from central: https://repo.maven.apache.org/maven2/org/apache/maven/maven/2.2.1/maven-2.2.1.pom (22 kB at 477 kB/s)
#13 39.54 [INFO] Downloading from central: https://repo.maven.apache.org/maven2/org/apache/maven/maven-parent/11/maven-parent-11.pom
#13 39.58 [INFO] Downloaded from central: https://repo.maven.apache.org/maven2/org/apache/maven/maven-parent/11/maven-parent-11.pom (32 kB at 705 kB/s)
#13 39.58 [INFO] Downloading from central: https://repo.maven.apache.org/maven2/org/apache/apache/5/apache-5.pom
#13 39.63 [INFO] Downloaded from central: https://repo.maven.apache.org/maven2/org/apache/apache/5/apache-5.pom (4.1 kB at 87 kB/s)
#13 39.63 [INFO] Downloading from central: https://repo.maven.apache.org/maven2/org/apache/maven/maven-model/2.2.1/maven-model-2.2.1.pom
#13 39.67 [INFO] Downloaded from central: https://repo.maven.apache.org/maven2/org/apache/maven/maven-model/2.2.1/maven-model-2.2.1.pom (3.2 kB at 79 kB/s)
#13 39.68 [INFO] Downloading from central: https://repo.maven.apache.org/maven2/org/apache/maven/maven-plugin-api/2.2.1/maven-plugin-api-2.2.1.pom
#13 39.72 [INFO] Downloaded from central: https://repo.maven.apache.org/maven2/org/apache/maven/maven-plugin-api/2.2.1/maven-plugin-api-2.2.1.pom (1.5 kB at 36 kB/s)
#13 39.72 [INFO] Downloading from central: https://repo.maven.apache.org/maven2/org/eclipse/jetty/jetty-server/9.4.46.v20220331/jetty-server-9.4.46.v20220331.pom
#13 39.76 [INFO] Downloaded from central: https://repo.maven.apache.org/maven2/org/eclipse/jetty/jetty-server/9.4.46.v20220331/jetty-server-9.4.46.v20220331.pom (3.4 kB at 83 kB/s)
#13 39.76 [INFO] Downloading from central: https://repo.maven.apache.org/maven2/org/eclipse/jetty/jetty-project/9.4.46.v20220331/jetty-project-9.4.46.v20220331.pom
#13 39.81 [INFO] Downloaded from central: https://repo.maven.apache.org/maven2/org/eclipse/jetty/jetty-project/9.4.46.v20220331/jetty-project-9.4.46.v20220331.pom (71 kB at 1.7 MB/s)
#13 39.81 [INFO] Downloading from central: https://repo.maven.apache.org/maven2/org/junit/junit-bom/5.8.2/junit-bom-5.8.2.pom
#13 39.86 [INFO] Downloaded from central: https://repo.maven.apache.org/maven2/org/junit/junit-bom/5.8.2/junit-bom-5.8.2.pom (5.6 kB at 110 kB/s)
#13 39.86 [INFO] Downloading from central: https://repo.maven.apache.org/maven2/org/testcontainers/testcontainers-bom/1.16.1/testcontainers-bom-1.16.1.pom
#13 39.91 [INFO] Downloaded from central: https://repo.maven.apache.org/maven2/org/testcontainers/testcontainers-bom/1.16.1/testcontainers-bom-1.16.1.pom (7.2 kB at 157 kB/s)
#13 39.91 [INFO] Downloading from central: https://repo.maven.apache.org/maven2/org/infinispan/infinispan-bom/11.0.15.Final/infinispan-bom-11.0.15.Final.pom
#13 39.95 [INFO] Downloaded from central: https://repo.maven.apache.org/maven2/org/infinispan/infinispan-bom/11.0.15.Final/infinispan-bom-11.0.15.Final.pom (19 kB at 523 kB/s)
#13 39.95 [INFO] Downloading from central: https://repo.maven.apache.org/maven2/org/infinispan/infinispan-build-configuration-parent/11.0.15.Final/infinispan-build-configuration-parent-11.0.15.Final.pom
#13 39.99 [INFO] Downloaded from central: https://repo.maven.apache.org/maven2/org/infinispan/infinispan-build-configuration-parent/11.0.15.Final/infinispan-build-configuration-parent-11.0.15.Final.pom (13 kB at 350 kB/s)
#13 39.99 [INFO] Downloading from central: https://repo.maven.apache.org/maven2/org/jboss/jboss-parent/36/jboss-parent-36.pom
#13 40.03 [INFO] Downloaded from central: https://repo.maven.apache.org/maven2/org/jboss/jboss-parent/36/jboss-parent-36.pom (66 kB at 1.6 MB/s)
#13 40.04 [INFO] Downloading from central: https://repo.maven.apache.org/maven2/javax/servlet/javax.servlet-api/3.1.0/javax.servlet-api-3.1.0.pom
#13 40.10 [INFO] Downloaded from central: https://repo.maven.apache.org/maven2/javax/servlet/javax.servlet-api/3.1.0/javax.servlet-api-3.1.0.pom (14 kB at 233 kB/s)
#13 40.10 [INFO] Downloading from central: https://repo.maven.apache.org/maven2/org/eclipse/jetty/jetty-http/9.4.46.v20220331/jetty-http-9.4.46.v20220331.pom
#13 40.14 [INFO] Downloaded from central: https://repo.maven.apache.org/maven2/org/eclipse/jetty/jetty-http/9.4.46.v20220331/jetty-http-9.4.46.v20220331.pom (4.0 kB at 96 kB/s)
#13 40.15 [INFO] Downloading from central: https://repo.maven.apache.org/maven2/org/eclipse/jetty/jetty-util/9.4.46.v20220331/jetty-util-9.4.46.v20220331.pom
#13 40.21 [INFO] Downloaded from central: https://repo.maven.apache.org/maven2/org/eclipse/jetty/jetty-util/9.4.46.v20220331/jetty-util-9.4.46.v20220331.pom (4.0 kB at 68 kB/s)
#13 40.21 [INFO] Downloading from central: https://repo.maven.apache.org/maven2/org/eclipse/jetty/jetty-io/9.4.46.v20220331/jetty-io-9.4.46.v20220331.pom
#13 40.25 [INFO] Downloaded from central: https://repo.maven.apache.org/maven2/org/eclipse/jetty/jetty-io/9.4.46.v20220331/jetty-io-9.4.46.v20220331.pom (1.2 kB at 29 kB/s)
#13 40.25 [INFO] Downloading from central: https://repo.maven.apache.org/maven2/org/eclipse/jetty/jetty-servlet/9.4.46.v20220331/jetty-servlet-9.4.46.v20220331.pom
#13 40.30 [INFO] Downloaded from central: https://repo.maven.apache.org/maven2/org/eclipse/jetty/jetty-servlet/9.4.46.v20220331/jetty-servlet-9.4.46.v20220331.pom (2.3 kB at 53 kB/s)
#13 40.30 [INFO] Downloading from central: https://repo.maven.apache.org/maven2/org/eclipse/jetty/jetty-security/9.4.46.v20220331/jetty-security-9.4.46.v20220331.pom
#13 40.35 [INFO] Downloaded from central: https://repo.maven.apache.org/maven2/org/eclipse/jetty/jetty-security/9.4.46.v20220331/jetty-security-9.4.46.v20220331.pom (2.1 kB at 43 kB/s)
#13 40.35 [INFO] Downloading from central: https://repo.maven.apache.org/maven2/org/eclipse/jetty/jetty-util-ajax/9.4.46.v20220331/jetty-util-ajax-9.4.46.v20220331.pom
#13 40.41 [INFO] Downloaded from central: https://repo.maven.apache.org/maven2/org/eclipse/jetty/jetty-util-ajax/9.4.46.v20220331/jetty-util-ajax-9.4.46.v20220331.pom (1.3 kB at 22 kB/s)
#13 40.41 [INFO] Downloading from central: https://repo.maven.apache.org/maven2/org/eclipse/jetty/jetty-webapp/9.4.46.v20220331/jetty-webapp-9.4.46.v20220331.pom
#13 40.45 [INFO] Downloaded from central: https://repo.maven.apache.org/maven2/org/eclipse/jetty/jetty-webapp/9.4.46.v20220331/jetty-webapp-9.4.46.v20220331.pom (3.2 kB at 77 kB/s)
#13 40.45 [INFO] Downloading from central: https://repo.maven.apache.org/maven2/org/eclipse/jetty/jetty-xml/9.4.46.v20220331/jetty-xml-9.4.46.v20220331.pom
#13 40.49 [INFO] Downloaded from central: https://repo.maven.apache.org/maven2/org/eclipse/jetty/jetty-xml/9.4.46.v20220331/jetty-xml-9.4.46.v20220331.pom (1.7 kB at 43 kB/s)
#13 40.50 [INFO] Downloading from central: https://repo.maven.apache.org/maven2/org/apache/maven/reporting/maven-reporting-api/3.1.1/maven-reporting-api-3.1.1.jar
#13 40.55 [INFO] Downloaded from central: https://repo.maven.apache.org/maven2/org/apache/maven/reporting/maven-reporting-api/3.1.1/maven-reporting-api-3.1.1.jar (11 kB at 230 kB/s)
#13 40.55 [INFO] Downloading from central: https://repo.maven.apache.org/maven2/org/apache/maven/reporting/maven-reporting-exec/1.6.0/maven-reporting-exec-1.6.0.jar
#13 40.55 [INFO] Downloading from central: https://repo.maven.apache.org/maven2/org/apache/maven/maven-artifact/3.2.5/maven-artifact-3.2.5.jar
#13 40.55 [INFO] Downloading from central: https://repo.maven.apache.org/maven2/org/apache/maven/maven-core/3.2.5/maven-core-3.2.5.jar
#13 40.55 [INFO] Downloading from central: https://repo.maven.apache.org/maven2/org/apache/maven/maven-repository-metadata/3.2.5/maven-repository-metadata-3.2.5.jar
#13 40.55 [INFO] Downloading from central: https://repo.maven.apache.org/maven2/org/apache/maven/maven-model-builder/3.2.5/maven-model-builder-3.2.5.jar
#13 40.61 [INFO] Downloaded from central: https://repo.maven.apache.org/maven2/org/apache/maven/maven-artifact/3.2.5/maven-artifact-3.2.5.jar (55 kB at 967 kB/s)
#13 40.61 [INFO] Downloading from central: https://repo.maven.apache.org/maven2/org/apache/maven/maven-aether-provider/3.2.5/maven-aether-provider-3.2.5.jar
#13 40.61 [INFO] Downloaded from central: https://repo.maven.apache.org/maven2/org/apache/maven/reporting/maven-reporting-exec/1.6.0/maven-reporting-exec-1.6.0.jar (31 kB at 533 kB/s)
#13 40.61 [INFO] Downloading from central: https://repo.maven.apache.org/maven2/org/eclipse/aether/aether-spi/1.0.0.v20140518/aether-spi-1.0.0.v20140518.jar
#13 40.62 [INFO] Downloaded from central: https://repo.maven.apache.org/maven2/org/apache/maven/maven-model-builder/3.2.5/maven-model-builder-3.2.5.jar (170 kB at 2.7 MB/s)
#13 40.62 [INFO] Downloading from central: https://repo.maven.apache.org/maven2/org/eclipse/aether/aether-impl/1.0.0.v20140518/aether-impl-1.0.0.v20140518.jar
#13 40.62 [INFO] Downloaded from central: https://repo.maven.apache.org/maven2/org/apache/maven/maven-repository-metadata/3.2.5/maven-repository-metadata-3.2.5.jar (26 kB at 361 kB/s)
#13 40.62 [INFO] Downloading from central: https://repo.maven.apache.org/maven2/org/eclipse/aether/aether-api/1.0.0.v20140518/aether-api-1.0.0.v20140518.jar
#13 40.65 [INFO] Downloaded from central: https://repo.maven.apache.org/maven2/org/apache/maven/maven-core/3.2.5/maven-core-3.2.5.jar (608 kB at 6.5 MB/s)
#13 40.65 [INFO] Downloading from central: https://repo.maven.apache.org/maven2/org/eclipse/sisu/org.eclipse.sisu.plexus/0.3.5/org.eclipse.sisu.plexus-0.3.5.jar
#13 40.66 [INFO] Downloaded from central: https://repo.maven.apache.org/maven2/org/apache/maven/maven-aether-provider/3.2.5/maven-aether-provider-3.2.5.jar (66 kB at 615 kB/s)
#13 40.66 [INFO] Downloading from central: https://repo.maven.apache.org/maven2/javax/annotation/javax.annotation-api/1.2/javax.annotation-api-1.2.jar
#13 40.66 [INFO] Downloaded from central: https://repo.maven.apache.org/maven2/org/eclipse/aether/aether-spi/1.0.0.v20140518/aether-spi-1.0.0.v20140518.jar (31 kB at 285 kB/s)
#13 40.66 [INFO] Downloading from central: https://repo.maven.apache.org/maven2/javax/enterprise/cdi-api/1.2/cdi-api-1.2.jar
#13 40.66 [INFO] Downloaded from central: https://repo.maven.apache.org/maven2/org/eclipse/aether/aether-impl/1.0.0.v20140518/aether-impl-1.0.0.v20140518.jar (172 kB at 1.6 MB/s)
#13 40.66 [INFO] Downloading from central: https://repo.maven.apache.org/maven2/org/eclipse/sisu/org.eclipse.sisu.inject/0.3.5/org.eclipse.sisu.inject-0.3.5.jar
#13 40.67 [INFO] Downloaded from central: https://repo.maven.apache.org/maven2/org/eclipse/aether/aether-api/1.0.0.v20140518/aether-api-1.0.0.v20140518.jar (136 kB at 1.1 MB/s)
#13 40.67 [INFO] Downloading from central: https://repo.maven.apache.org/maven2/org/sonatype/sisu/sisu-guice/3.2.3/sisu-guice-3.2.3-no_aop.jar
#13 40.70 [INFO] Downloaded from central: https://repo.maven.apache.org/maven2/org/eclipse/sisu/org.eclipse.sisu.plexus/0.3.5/org.eclipse.sisu.plexus-0.3.5.jar (205 kB at 1.4 MB/s)
#13 40.70 [INFO] Downloading from central: https://repo.maven.apache.org/maven2/aopalliance/aopalliance/1.0/aopalliance-1.0.jar
#13 40.70 [INFO] Downloaded from central: https://repo.maven.apache.org/maven2/javax/annotation/javax.annotation-api/1.2/javax.annotation-api-1.2.jar (26 kB at 179 kB/s)
#13 40.70 [INFO] Downloading from central: https://repo.maven.apache.org/maven2/com/google/guava/guava/16.0.1/guava-16.0.1.jar
#13 40.73 [INFO] Downloaded from central: https://repo.maven.apache.org/maven2/org/eclipse/sisu/org.eclipse.sisu.inject/0.3.5/org.eclipse.sisu.inject-0.3.5.jar (379 kB at 2.1 MB/s)
#13 40.73 [INFO] Downloading from central: https://repo.maven.apache.org/maven2/org/codehaus/plexus/plexus-classworlds/2.5.2/plexus-classworlds-2.5.2.jar
#13 40.73 [INFO] Downloaded from central: https://repo.maven.apache.org/maven2/aopalliance/aopalliance/1.0/aopalliance-1.0.jar (4.5 kB at 25 kB/s)
#13 40.73 [INFO] Downloading from central: https://repo.maven.apache.org/maven2/org/sonatype/plexus/plexus-sec-dispatcher/1.3/plexus-sec-dispatcher-1.3.jar
#13 40.73 [INFO] Downloaded from central: https://repo.maven.apache.org/maven2/javax/enterprise/cdi-api/1.2/cdi-api-1.2.jar (71 kB at 395 kB/s)
#13 40.73 [INFO] Downloading from central: https://repo.maven.apache.org/maven2/org/sonatype/plexus/plexus-cipher/1.4/plexus-cipher-1.4.jar
#13 40.74 [INFO] Downloaded from central: https://repo.maven.apache.org/maven2/org/sonatype/sisu/sisu-guice/3.2.3/sisu-guice-3.2.3-no_aop.jar (398 kB at 2.2 MB/s)
#13 40.74 [INFO] Downloading from central: https://repo.maven.apache.org/maven2/org/apache/maven/maven-model/3.2.5/maven-model-3.2.5.jar
#13 40.78 [INFO] Downloaded from central: https://repo.maven.apache.org/maven2/org/sonatype/plexus/plexus-cipher/1.4/plexus-cipher-1.4.jar (13 kB at 59 kB/s)
#13 40.78 [INFO] Downloading from central: https://repo.maven.apache.org/maven2/org/apache/maven/maven-plugin-api/3.2.5/maven-plugin-api-3.2.5.jar
#13 40.78 [INFO] Downloaded from central: https://repo.maven.apache.org/maven2/org/codehaus/plexus/plexus-classworlds/2.5.2/plexus-classworlds-2.5.2.jar (53 kB at 228 kB/s)
#13 40.78 [INFO] Downloading from central: https://repo.maven.apache.org/maven2/org/apache/maven/maven-settings/3.2.5/maven-settings-3.2.5.jar
#13 40.79 [INFO] Downloaded from central: https://repo.maven.apache.org/maven2/org/sonatype/plexus/plexus-sec-dispatcher/1.3/plexus-sec-dispatcher-1.3.jar (29 kB at 118 kB/s)
#13 40.79 [INFO] Downloading from central: https://repo.maven.apache.org/maven2/org/apache/maven/maven-settings-builder/3.2.5/maven-settings-builder-3.2.5.jar
#13 40.81 [INFO] Downloaded from central: https://repo.maven.apache.org/maven2/org/apache/maven/maven-model/3.2.5/maven-model-3.2.5.jar (161 kB at 623 kB/s)
#13 40.81 [INFO] Downloading from central: https://repo.maven.apache.org/maven2/org/eclipse/aether/aether-util/1.0.0.v20140518/aether-util-1.0.0.v20140518.jar
#13 40.84 [INFO] Downloaded from central: https://repo.maven.apache.org/maven2/org/apache/maven/maven-plugin-api/3.2.5/maven-plugin-api-3.2.5.jar (46 kB at 164 kB/s)
#13 40.84 [INFO] Downloading from central: https://repo.maven.apache.org/maven2/org/apache/maven/shared/maven-shared-utils/3.3.4/maven-shared-utils-3.3.4.jar
#13 40.84 [INFO] Downloaded from central: https://repo.maven.apache.org/maven2/org/apache/maven/maven-settings/3.2.5/maven-settings-3.2.5.jar (43 kB at 152 kB/s)
#13 40.84 [INFO] Downloading from central: https://repo.maven.apache.org/maven2/commons-io/commons-io/2.6/commons-io-2.6.jar
#13 40.84 [INFO] Downloaded from central: https://repo.maven.apache.org/maven2/org/apache/maven/maven-settings-builder/3.2.5/maven-settings-builder-3.2.5.jar (44 kB at 152 kB/s)
#13 40.84 [INFO] Downloading from central: https://repo.maven.apache.org/maven2/org/apache/maven/maven-archiver/3.5.2/maven-archiver-3.5.2.jar
#13 40.85 [INFO] Downloaded from central: https://repo.maven.apache.org/maven2/com/google/guava/guava/16.0.1/guava-16.0.1.jar (2.2 MB at 7.5 MB/s)
#13 40.85 [INFO] Downloading from central: https://repo.maven.apache.org/maven2/org/apache/commons/commons-compress/1.20/commons-compress-1.20.jar
#13 40.86 [INFO] Downloaded from central: https://repo.maven.apache.org/maven2/org/eclipse/aether/aether-util/1.0.0.v20140518/aether-util-1.0.0.v20140518.jar (146 kB at 481 kB/s)
#13 40.86 [INFO] Downloading from central: https://repo.maven.apache.org/maven2/org/codehaus/plexus/plexus-archiver/4.2.7/plexus-archiver-4.2.7.jar
#13 40.89 [INFO] Downloaded from central: https://repo.maven.apache.org/maven2/org/apache/maven/shared/maven-shared-utils/3.3.4/maven-shared-utils-3.3.4.jar (153 kB at 452 kB/s)
#13 40.89 [INFO] Downloading from central: https://repo.maven.apache.org/maven2/org/codehaus/plexus/plexus-io/3.2.0/plexus-io-3.2.0.jar
#13 40.90 [INFO] Downloaded from central: https://repo.maven.apache.org/maven2/org/apache/maven/maven-archiver/3.5.2/maven-archiver-3.5.2.jar (26 kB at 76 kB/s)
#13 40.90 [INFO] Downloaded from central: https://repo.maven.apache.org/maven2/commons-io/commons-io/2.6/commons-io-2.6.jar (215 kB at 628 kB/s)
#13 40.90 [INFO] Downloading from central: https://repo.maven.apache.org/maven2/org/codehaus/plexus/plexus-utils/3.4.2/plexus-utils-3.4.2.jar
#13 40.90 [INFO] Downloading from central: https://repo.maven.apache.org/maven2/org/apache/maven/doxia/doxia-sink-api/1.11.1/doxia-sink-api-1.11.1.jar
#13 40.90 [INFO] Downloaded from central: https://repo.maven.apache.org/maven2/org/codehaus/plexus/plexus-archiver/4.2.7/plexus-archiver-4.2.7.jar (195 kB at 558 kB/s)
#13 40.90 [INFO] Downloading from central: https://repo.maven.apache.org/maven2/org/apache/maven/doxia/doxia-logging-api/1.11.1/doxia-logging-api-1.11.1.jar
#13 40.93 [INFO] Downloaded from central: https://repo.maven.apache.org/maven2/org/apache/commons/commons-compress/1.20/commons-compress-1.20.jar (632 kB at 1.7 MB/s)
#13 40.93 [INFO] Downloading from central: https://repo.maven.apache.org/maven2/org/apache/maven/doxia/doxia-core/1.11.1/doxia-core-1.11.1.jar
#13 40.93 [INFO] Downloaded from central: https://repo.maven.apache.org/maven2/org/apache/maven/doxia/doxia-sink-api/1.11.1/doxia-sink-api-1.11.1.jar (12 kB at 30 kB/s)
#13 40.93 [INFO] Downloading from central: https://repo.maven.apache.org/maven2/org/codehaus/plexus/plexus-container-default/2.1.0/plexus-container-default-2.1.0.jar
#13 40.94 [INFO] Downloaded from central: https://repo.maven.apache.org/maven2/org/codehaus/plexus/plexus-io/3.2.0/plexus-io-3.2.0.jar (76 kB at 196 kB/s)
#13 40.94 [INFO] Downloading from central: https://repo.maven.apache.org/maven2/org/apache/xbean/xbean-reflect/3.7/xbean-reflect-3.7.jar
#13 40.95 [INFO] Downloaded from central: https://repo.maven.apache.org/maven2/org/codehaus/plexus/plexus-utils/3.4.2/plexus-utils-3.4.2.jar (267 kB at 667 kB/s)
#13 40.95 [INFO] Downloading from central: https://repo.maven.apache.org/maven2/com/google/collections/google-collections/1.0/google-collections-1.0.jar
#13 40.96 [INFO] Downloaded from central: https://repo.maven.apache.org/maven2/org/apache/maven/doxia/doxia-logging-api/1.11.1/doxia-logging-api-1.11.1.jar (12 kB at 29 kB/s)
#13 40.96 [INFO] Downloading from central: https://repo.maven.apache.org/maven2/org/codehaus/plexus/plexus-component-annotations/2.1.1/plexus-component-annotations-2.1.1.jar
#13 40.98 [INFO] Downloaded from central: https://repo.maven.apache.org/maven2/org/apache/maven/doxia/doxia-core/1.11.1/doxia-core-1.11.1.jar (218 kB at 515 kB/s)
#13 40.98 [INFO] Downloading from central: https://repo.maven.apache.org/maven2/org/apache/commons/commons-lang3/3.8.1/commons-lang3-3.8.1.jar
#13 40.99 [INFO] Downloaded from central: https://repo.maven.apache.org/maven2/org/codehaus/plexus/plexus-container-default/2.1.0/plexus-container-default-2.1.0.jar (230 kB at 525 kB/s)
#13 40.99 [INFO] Downloading from central: https://repo.maven.apache.org/maven2/org/apache/commons/commons-text/1.3/commons-text-1.3.jar
#13 40.99 [INFO] Downloaded from central: https://repo.maven.apache.org/maven2/org/apache/xbean/xbean-reflect/3.7/xbean-reflect-3.7.jar (148 kB at 336 kB/s)
#13 40.99 [INFO] Downloading from central: https://repo.maven.apache.org/maven2/org/apache/httpcomponents/httpclient/4.5.13/httpclient-4.5.13.jar
#13 40.99 [INFO] Downloaded from central: https://repo.maven.apache.org/maven2/org/codehaus/plexus/plexus-component-annotations/2.1.1/plexus-component-annotations-2.1.1.jar (4.1 kB at 9.3 kB/s)
#13 40.99 [INFO] Downloading from central: https://repo.maven.apache.org/maven2/org/apache/httpcomponents/httpcore/4.4.14/httpcore-4.4.14.jar
#13 41.04 [INFO] Downloaded from central: https://repo.maven.apache.org/maven2/com/google/collections/google-collections/1.0/google-collections-1.0.jar (640 kB at 1.3 MB/s)
#13 41.04 [INFO] Downloading from central: https://repo.maven.apache.org/maven2/org/apache/maven/doxia/doxia-module-xhtml/1.11.1/doxia-module-xhtml-1.11.1.jar
#13 41.06 [INFO] Downloaded from central: https://repo.maven.apache.org/maven2/org/apache/commons/commons-text/1.3/commons-text-1.3.jar (183 kB at 362 kB/s)
#13 41.06 [INFO] Downloading from central: https://repo.maven.apache.org/maven2/org/apache/maven/doxia/doxia-module-xhtml5/1.11.1/doxia-module-xhtml5-1.11.1.jar
#13 41.06 [INFO] Downloaded from central: https://repo.maven.apache.org/maven2/org/apache/commons/commons-lang3/3.8.1/commons-lang3-3.8.1.jar (502 kB at 982 kB/s)
#13 41.06 [INFO] Downloading from central: https://repo.maven.apache.org/maven2/org/apache/maven/doxia/doxia-module-apt/1.11.1/doxia-module-apt-1.11.1.jar
#13 41.09 [INFO] Downloaded from central: https://repo.maven.apache.org/maven2/org/apache/httpcomponents/httpclient/4.5.13/httpclient-4.5.13.jar (780 kB at 1.5 MB/s)
#13 41.09 [INFO] Downloading from central: https://repo.maven.apache.org/maven2/org/apache/maven/doxia/doxia-module-xdoc/1.11.1/doxia-module-xdoc-1.11.1.jar
#13 41.09 [INFO] Downloaded from central: https://repo.maven.apache.org/maven2/org/apache/maven/doxia/doxia-module-xhtml/1.11.1/doxia-module-xhtml-1.11.1.jar (17 kB at 33 kB/s)
#13 41.09 [INFO] Downloading from central: https://repo.maven.apache.org/maven2/org/apache/maven/doxia/doxia-module-fml/1.11.1/doxia-module-fml-1.11.1.jar
#13 41.09 [INFO] Downloaded from central: https://repo.maven.apache.org/maven2/org/apache/httpcomponents/httpcore/4.4.14/httpcore-4.4.14.jar (328 kB at 609 kB/s)
#13 41.09 [INFO] Downloading from central: https://repo.maven.apache.org/maven2/org/apache/maven/doxia/doxia-module-markdown/1.11.1/doxia-module-markdown-1.11.1.jar
#13 41.10 [INFO] Downloaded from central: https://repo.maven.apache.org/maven2/org/apache/maven/doxia/doxia-module-xhtml5/1.11.1/doxia-module-xhtml5-1.11.1.jar (18 kB at 33 kB/s)
#13 41.10 [INFO] Downloading from central: https://repo.maven.apache.org/maven2/com/vladsch/flexmark/flexmark-all/0.42.14/flexmark-all-0.42.14.jar
#13 41.11 [INFO] Downloaded from central: https://repo.maven.apache.org/maven2/org/apache/maven/doxia/doxia-module-apt/1.11.1/doxia-module-apt-1.11.1.jar (55 kB at 98 kB/s)
#13 41.11 [INFO] Downloading from central: https://repo.maven.apache.org/maven2/com/vladsch/flexmark/flexmark/0.42.14/flexmark-0.42.14.jar
#13 41.13 [INFO] Downloaded from central: https://repo.maven.apache.org/maven2/org/apache/maven/doxia/doxia-module-xdoc/1.11.1/doxia-module-xdoc-1.11.1.jar (37 kB at 65 kB/s)
#13 41.13 [INFO] Downloading from central: https://repo.maven.apache.org/maven2/com/vladsch/flexmark/flexmark-ext-abbreviation/0.42.14/flexmark-ext-abbreviation-0.42.14.jar
#13 41.13 [INFO] Downloaded from central: https://repo.maven.apache.org/maven2/com/vladsch/flexmark/flexmark-all/0.42.14/flexmark-all-0.42.14.jar (2.2 kB at 3.7 kB/s)
#13 41.13 [INFO] Downloading from central: https://repo.maven.apache.org/maven2/com/vladsch/flexmark/flexmark-ext-admonition/0.42.14/flexmark-ext-admonition-0.42.14.jar
#13 41.14 [INFO] Downloaded from central: https://repo.maven.apache.org/maven2/org/apache/maven/doxia/doxia-module-markdown/1.11.1/doxia-module-markdown-1.11.1.jar (18 kB at 31 kB/s)
#13 41.14 [INFO] Downloading from central: https://repo.maven.apache.org/maven2/com/vladsch/flexmark/flexmark-ext-anchorlink/0.42.14/flexmark-ext-anchorlink-0.42.14.jar
#13 41.14 [INFO] Downloaded from central: https://repo.maven.apache.org/maven2/org/apache/maven/doxia/doxia-module-fml/1.11.1/doxia-module-fml-1.11.1.jar (38 kB at 66 kB/s)
#13 41.14 [INFO] Downloading from central: https://repo.maven.apache.org/maven2/com/vladsch/flexmark/flexmark-ext-aside/0.42.14/flexmark-ext-aside-0.42.14.jar
#13 41.16 [INFO] Downloaded from central: https://repo.maven.apache.org/maven2/com/vladsch/flexmark/flexmark/0.42.14/flexmark-0.42.14.jar (389 kB at 636 kB/s)
#13 41.16 [INFO] Downloading from central: https://repo.maven.apache.org/maven2/com/vladsch/flexmark/flexmark-ext-attributes/0.42.14/flexmark-ext-attributes-0.42.14.jar
#13 41.18 [INFO] Downloaded from central: https://repo.maven.apache.org/maven2/com/vladsch/flexmark/flexmark-ext-aside/0.42.14/flexmark-ext-aside-0.42.14.jar (16 kB at 26 kB/s)
#13 41.18 [INFO] Downloading from central: https://repo.maven.apache.org/maven2/com/vladsch/flexmark/flexmark-ext-autolink/0.42.14/flexmark-ext-autolink-0.42.14.jar
#13 41.18 [INFO] Downloaded from central: https://repo.maven.apache.org/maven2/com/vladsch/flexmark/flexmark-ext-admonition/0.42.14/flexmark-ext-admonition-0.42.14.jar (34 kB at 55 kB/s)
#13 41.18 [INFO] Downloading from central: https://repo.maven.apache.org/maven2/org/nibor/autolink/autolink/0.6.0/autolink-0.6.0.jar
#13 41.18 [INFO] Downloaded from central: https://repo.maven.apache.org/maven2/com/vladsch/flexmark/flexmark-ext-abbreviation/0.42.14/flexmark-ext-abbreviation-0.42.14.jar (35 kB at 56 kB/s)
#13 41.18 [INFO] Downloading from central: https://repo.maven.apache.org/maven2/com/vladsch/flexmark/flexmark-ext-definition/0.42.14/flexmark-ext-definition-0.42.14.jar
#13 41.18 [INFO] Downloaded from central: https://repo.maven.apache.org/maven2/com/vladsch/flexmark/flexmark-ext-anchorlink/0.42.14/flexmark-ext-anchorlink-0.42.14.jar (17 kB at 27 kB/s)
#13 41.18 [INFO] Downloading from central: https://repo.maven.apache.org/maven2/com/vladsch/flexmark/flexmark-ext-emoji/0.42.14/flexmark-ext-emoji-0.42.14.jar
#13 41.20 [INFO] Downloaded from central: https://repo.maven.apache.org/maven2/com/vladsch/flexmark/flexmark-ext-attributes/0.42.14/flexmark-ext-attributes-0.42.14.jar (36 kB at 55 kB/s)
#13 41.20 [INFO] Downloading from central: https://repo.maven.apache.org/maven2/com/vladsch/flexmark/flexmark-ext-enumerated-reference/0.42.14/flexmark-ext-enumerated-reference-0.42.14.jar
#13 41.22 [INFO] Downloaded from central: https://repo.maven.apache.org/maven2/com/vladsch/flexmark/flexmark-ext-autolink/0.42.14/flexmark-ext-autolink-0.42.14.jar (9.4 kB at 14 kB/s)
#13 41.22 [INFO] Downloading from central: https://repo.maven.apache.org/maven2/com/vladsch/flexmark/flexmark-ext-escaped-character/0.42.14/flexmark-ext-escaped-character-0.42.14.jar
#13 41.23 [INFO] Downloaded from central: https://repo.maven.apache.org/maven2/org/nibor/autolink/autolink/0.6.0/autolink-0.6.0.jar (16 kB at 24 kB/s)
#13 41.23 [INFO] Downloading from central: https://repo.maven.apache.org/maven2/com/vladsch/flexmark/flexmark-ext-footnotes/0.42.14/flexmark-ext-footnotes-0.42.14.jar
#13 41.23 [INFO] Downloaded from central: https://repo.maven.apache.org/maven2/com/vladsch/flexmark/flexmark-ext-definition/0.42.14/flexmark-ext-definition-0.42.14.jar (40 kB at 59 kB/s)
#13 41.23 [INFO] Downloading from central: https://repo.maven.apache.org/maven2/com/vladsch/flexmark/flexmark-ext-gfm-issues/0.42.14/flexmark-ext-gfm-issues-0.42.14.jar
#13 41.23 [INFO] Downloaded from central: https://repo.maven.apache.org/maven2/com/vladsch/flexmark/flexmark-ext-emoji/0.42.14/flexmark-ext-emoji-0.42.14.jar (73 kB at 108 kB/s)
#13 41.23 [INFO] Downloading from central: https://repo.maven.apache.org/maven2/com/vladsch/flexmark/flexmark-ext-gfm-strikethrough/0.42.14/flexmark-ext-gfm-strikethrough-0.42.14.jar
#13 41.24 [INFO] Downloaded from central: https://repo.maven.apache.org/maven2/com/vladsch/flexmark/flexmark-ext-enumerated-reference/0.42.14/flexmark-ext-enumerated-reference-0.42.14.jar (66 kB at 96 kB/s)
#13 41.24 [INFO] Downloading from central: https://repo.maven.apache.org/maven2/com/vladsch/flexmark/flexmark-ext-gfm-tables/0.42.14/flexmark-ext-gfm-tables-0.42.14.jar
#13 41.25 [INFO] Downloaded from central: https://repo.maven.apache.org/maven2/com/vladsch/flexmark/flexmark-ext-escaped-character/0.42.14/flexmark-ext-escaped-character-0.42.14.jar (13 kB at 18 kB/s)
#13 41.25 [INFO] Downloading from central: https://repo.maven.apache.org/maven2/com/vladsch/flexmark/flexmark-ext-gfm-tasklist/0.42.14/flexmark-ext-gfm-tasklist-0.42.14.jar
#13 41.27 [INFO] Downloaded from central: https://repo.maven.apache.org/maven2/com/vladsch/flexmark/flexmark-ext-gfm-issues/0.42.14/flexmark-ext-gfm-issues-0.42.14.jar (16 kB at 22 kB/s)
#13 41.27 [INFO] Downloading from central: https://repo.maven.apache.org/maven2/com/vladsch/flexmark/flexmark-ext-gfm-users/0.42.14/flexmark-ext-gfm-users-0.42.14.jar
#13 41.27 [INFO] Downloaded from central: https://repo.maven.apache.org/maven2/com/vladsch/flexmark/flexmark-ext-footnotes/0.42.14/flexmark-ext-footnotes-0.42.14.jar (41 kB at 57 kB/s)
#13 41.27 [INFO] Downloading from central: https://repo.maven.apache.org/maven2/com/vladsch/flexmark/flexmark-ext-gitlab/0.42.14/flexmark-ext-gitlab-0.42.14.jar
#13 41.29 [INFO] Downloaded from central: https://repo.maven.apache.org/maven2/com/vladsch/flexmark/flexmark-ext-gfm-tables/0.42.14/flexmark-ext-gfm-tables-0.42.14.jar (33 kB at 45 kB/s)
#13 41.29 [INFO] Downloading from central: https://repo.maven.apache.org/maven2/com/vladsch/flexmark/flexmark-ext-jekyll-front-matter/0.42.14/flexmark-ext-jekyll-front-matter-0.42.14.jar
#13 41.30 [INFO] Downloaded from central: https://repo.maven.apache.org/maven2/com/vladsch/flexmark/flexmark-ext-gfm-strikethrough/0.42.14/flexmark-ext-gfm-strikethrough-0.42.14.jar (29 kB at 38 kB/s)
#13 41.30 [INFO] Downloading from central: https://repo.maven.apache.org/maven2/com/vladsch/flexmark/flexmark-ext-jekyll-tag/0.42.14/flexmark-ext-jekyll-tag-0.42.14.jar
#13 41.30 [INFO] Downloaded from central: https://repo.maven.apache.org/maven2/com/vladsch/flexmark/flexmark-ext-gfm-tasklist/0.42.14/flexmark-ext-gfm-tasklist-0.42.14.jar (28 kB at 37 kB/s)
#13 41.30 [INFO] Downloading from central: https://repo.maven.apache.org/maven2/com/vladsch/flexmark/flexmark-ext-media-tags/0.42.14/flexmark-ext-media-tags-0.42.14.jar
#13 41.30 [INFO] Downloaded from central: https://repo.maven.apache.org/maven2/com/vladsch/flexmark/flexmark-ext-gfm-users/0.42.14/flexmark-ext-gfm-users-0.42.14.jar (16 kB at 21 kB/s)
#13 41.30 [INFO] Downloading from central: https://repo.maven.apache.org/maven2/com/vladsch/flexmark/flexmark-ext-macros/0.42.14/flexmark-ext-macros-0.42.14.jar
#13 41.31 [INFO] Downloaded from central: https://repo.maven.apache.org/maven2/com/vladsch/flexmark/flexmark-ext-gitlab/0.42.14/flexmark-ext-gitlab-0.42.14.jar (42 kB at 56 kB/s)
#13 41.31 [INFO] Downloading from central: https://repo.maven.apache.org/maven2/com/vladsch/flexmark/flexmark-ext-ins/0.42.14/flexmark-ext-ins-0.42.14.jar
#13 41.32 [INFO] Downloaded from central: https://repo.maven.apache.org/maven2/com/vladsch/flexmark/flexmark-ext-jekyll-front-matter/0.42.14/flexmark-ext-jekyll-front-matter-0.42.14.jar (18 kB at 24 kB/s)
#13 41.32 [INFO] Downloading from central: https://repo.maven.apache.org/maven2/com/vladsch/flexmark/flexmark-ext-xwiki-macros/0.42.14/flexmark-ext-xwiki-macros-0.42.14.jar
#13 41.34 [INFO] Downloaded from central: https://repo.maven.apache.org/maven2/com/vladsch/flexmark/flexmark-ext-media-tags/0.42.14/flexmark-ext-media-tags-0.42.14.jar (25 kB at 32 kB/s)
#13 41.34 [INFO] Downloading from central: https://repo.maven.apache.org/maven2/com/vladsch/flexmark/flexmark-ext-superscript/0.42.14/flexmark-ext-superscript-0.42.14.jar
#13 41.34 [INFO] Downloaded from central: https://repo.maven.apache.org/maven2/com/vladsch/flexmark/flexmark-ext-jekyll-tag/0.42.14/flexmark-ext-jekyll-tag-0.42.14.jar (21 kB at 27 kB/s)
#13 41.34 [INFO] Downloading from central: https://repo.maven.apache.org/maven2/com/vladsch/flexmark/flexmark-ext-tables/0.42.14/flexmark-ext-tables-0.42.14.jar
#13 41.36 [INFO] Downloaded from central: https://repo.maven.apache.org/maven2/com/vladsch/flexmark/flexmark-ext-macros/0.42.14/flexmark-ext-macros-0.42.14.jar (35 kB at 44 kB/s)
#13 41.36 [INFO] Downloading from central: https://repo.maven.apache.org/maven2/com/vladsch/flexmark/flexmark-ext-toc/0.42.14/flexmark-ext-toc-0.42.14.jar
#13 41.36 [INFO] Downloaded from central: https://repo.maven.apache.org/maven2/com/vladsch/flexmark/flexmark-ext-ins/0.42.14/flexmark-ext-ins-0.42.14.jar (13 kB at 16 kB/s)
#13 41.36 [INFO] Downloading from central: https://repo.maven.apache.org/maven2/com/vladsch/flexmark/flexmark-ext-typographic/0.42.14/flexmark-ext-typographic-0.42.14.jar
#13 41.36 [INFO] Downloaded from central: https://repo.maven.apache.org/maven2/com/vladsch/flexmark/flexmark-ext-xwiki-macros/0.42.14/flexmark-ext-xwiki-macros-0.42.14.jar (31 kB at 38 kB/s)
#13 41.36 [INFO] Downloading from central: https://repo.maven.apache.org/maven2/com/vladsch/flexmark/flexmark-ext-wikilink/0.42.14/flexmark-ext-wikilink-0.42.14.jar
#13 41.38 [INFO] Downloaded from central: https://repo.maven.apache.org/maven2/com/vladsch/flexmark/flexmark-ext-superscript/0.42.14/flexmark-ext-superscript-0.42.14.jar (13 kB at 16 kB/s)
#13 41.38 [INFO] Downloading from central: https://repo.maven.apache.org/maven2/com/vladsch/flexmark/flexmark-ext-yaml-front-matter/0.42.14/flexmark-ext-yaml-front-matter-0.42.14.jar
#13 41.39 [INFO] Downloaded from central: https://repo.maven.apache.org/maven2/com/vladsch/flexmark/flexmark-ext-tables/0.42.14/flexmark-ext-tables-0.42.14.jar (76 kB at 91 kB/s)
#13 41.39 [INFO] Downloading from central: https://repo.maven.apache.org/maven2/com/vladsch/flexmark/flexmark-ext-youtube-embedded/0.42.14/flexmark-ext-youtube-embedded-0.42.14.jar
#13 41.40 [INFO] Downloaded from central: https://repo.maven.apache.org/maven2/com/vladsch/flexmark/flexmark-ext-typographic/0.42.14/flexmark-ext-typographic-0.42.14.jar (22 kB at 26 kB/s)
#13 41.40 [INFO] Downloading from central: https://repo.maven.apache.org/maven2/com/vladsch/flexmark/flexmark-formatter/0.42.14/flexmark-formatter-0.42.14.jar
#13 41.40 [INFO] Downloaded from central: https://repo.maven.apache.org/maven2/com/vladsch/flexmark/flexmark-ext-wikilink/0.42.14/flexmark-ext-wikilink-0.42.14.jar (26 kB at 30 kB/s)
#13 41.40 [INFO] Downloading from central: https://repo.maven.apache.org/maven2/com/vladsch/flexmark/flexmark-html-parser/0.42.14/flexmark-html-parser-0.42.14.jar
#13 41.40 [INFO] Downloaded from central: https://repo.maven.apache.org/maven2/com/vladsch/flexmark/flexmark-ext-toc/0.42.14/flexmark-ext-toc-0.42.14.jar (91 kB at 106 kB/s)
#13 41.40 [INFO] Downloading from central: https://repo.maven.apache.org/maven2/org/jsoup/jsoup/1.10.2/jsoup-1.10.2.jar
#13 41.42 [INFO] Downloaded from central: https://repo.maven.apache.org/maven2/com/vladsch/flexmark/flexmark-ext-yaml-front-matter/0.42.14/flexmark-ext-yaml-front-matter-0.42.14.jar (18 kB at 21 kB/s)
#13 41.42 [INFO] Downloading from central: https://repo.maven.apache.org/maven2/com/vladsch/flexmark/flexmark-jira-converter/0.42.14/flexmark-jira-converter-0.42.14.jar
#13 41.43 [INFO] Downloaded from central: https://repo.maven.apache.org/maven2/com/vladsch/flexmark/flexmark-ext-youtube-embedded/0.42.14/flexmark-ext-youtube-embedded-0.42.14.jar (13 kB at 14 kB/s)
#13 41.43 [INFO] Downloading from central: https://repo.maven.apache.org/maven2/com/vladsch/flexmark/flexmark-profile-pegdown/0.42.14/flexmark-profile-pegdown-0.42.14.jar
#13 41.44 [INFO] Downloaded from central: https://repo.maven.apache.org/maven2/com/vladsch/flexmark/flexmark-html-parser/0.42.14/flexmark-html-parser-0.42.14.jar (45 kB at 50 kB/s)
#13 41.44 [INFO] Downloading from central: https://repo.maven.apache.org/maven2/com/vladsch/flexmark/flexmark-util/0.42.14/flexmark-util-0.42.14.jar
#13 41.44 [INFO] Downloaded from central: https://repo.maven.apache.org/maven2/com/vladsch/flexmark/flexmark-formatter/0.42.14/flexmark-formatter-0.42.14.jar (97 kB at 110 kB/s)
#13 41.44 [INFO] Downloading from central: https://repo.maven.apache.org/maven2/com/vladsch/flexmark/flexmark-youtrack-converter/0.42.14/flexmark-youtrack-converter-0.42.14.jar
#13 41.46 [INFO] Downloaded from central: https://repo.maven.apache.org/maven2/org/jsoup/jsoup/1.10.2/jsoup-1.10.2.jar (351 kB at 388 kB/s)
#13 41.46 [INFO] Downloading from central: https://repo.maven.apache.org/maven2/org/apache/maven/doxia/doxia-module-confluence/1.11.1/doxia-module-confluence-1.11.1.jar
#13 41.46 [INFO] Downloaded from central: https://repo.maven.apache.org/maven2/com/vladsch/flexmark/flexmark-jira-converter/0.42.14/flexmark-jira-converter-0.42.14.jar (40 kB at 44 kB/s)
#13 41.46 [INFO] Downloading from central: https://repo.maven.apache.org/maven2/org/apache/maven/doxia/doxia-module-docbook-simple/1.11.1/doxia-module-docbook-simple-1.11.1.jar
#13 41.47 [INFO] Downloaded from central: https://repo.maven.apache.org/maven2/com/vladsch/flexmark/flexmark-profile-pegdown/0.42.14/flexmark-profile-pegdown-0.42.14.jar (6.3 kB at 6.9 kB/s)
#13 41.47 [INFO] Downloading from central: https://repo.maven.apache.org/maven2/org/apache/maven/doxia/doxia-module-twiki/1.11.1/doxia-module-twiki-1.11.1.jar
#13 41.49 [INFO] Downloaded from central: https://repo.maven.apache.org/maven2/com/vladsch/flexmark/flexmark-youtrack-converter/0.42.14/flexmark-youtrack-converter-0.42.14.jar (41 kB at 44 kB/s)
#13 41.49 [INFO] Downloading from central: https://repo.maven.apache.org/maven2/org/apache/maven/doxia/doxia-decoration-model/1.11.1/doxia-decoration-model-1.11.1.jar
#13 41.49 [INFO] Downloaded from central: https://repo.maven.apache.org/maven2/com/vladsch/flexmark/flexmark-util/0.42.14/flexmark-util-0.42.14.jar (385 kB at 411 kB/s)
#13 41.49 [INFO] Downloading from central: https://repo.maven.apache.org/maven2/org/apache/maven/doxia/doxia-site-renderer/1.11.1/doxia-site-renderer-1.11.1.jar
#13 41.51 [INFO] Downloaded from central: https://repo.maven.apache.org/maven2/org/apache/maven/doxia/doxia-module-confluence/1.11.1/doxia-module-confluence-1.11.1.jar (58 kB at 61 kB/s)
#13 41.51 [INFO] Downloading from central: https://repo.maven.apache.org/maven2/org/apache/maven/doxia/doxia-skin-model/1.11.1/doxia-skin-model-1.11.1.jar
#13 41.51 [INFO] Downloaded from central: https://repo.maven.apache.org/maven2/org/apache/maven/doxia/doxia-module-docbook-simple/1.11.1/doxia-module-docbook-simple-1.11.1.jar (128 kB at 134 kB/s)
#13 41.51 [INFO] Downloading from central: https://repo.maven.apache.org/maven2/org/codehaus/plexus/plexus-velocity/1.2/plexus-velocity-1.2.jar
#13 41.52 [INFO] Downloaded from central: https://repo.maven.apache.org/maven2/org/apache/maven/doxia/doxia-module-twiki/1.11.1/doxia-module-twiki-1.11.1.jar (73 kB at 75 kB/s)
#13 41.52 [INFO] Downloading from central: https://repo.maven.apache.org/maven2/org/apache/velocity/velocity/1.7/velocity-1.7.jar
#13 41.53 [INFO] Downloaded from central: https://repo.maven.apache.org/maven2/org/apache/maven/doxia/doxia-decoration-model/1.11.1/doxia-decoration-model-1.11.1.jar (60 kB at 62 kB/s)
#13 41.53 [INFO] Downloading from central: https://repo.maven.apache.org/maven2/commons-lang/commons-lang/2.4/commons-lang-2.4.jar
#13 41.54 [INFO] Downloaded from central: https://repo.maven.apache.org/maven2/org/apache/maven/doxia/doxia-site-renderer/1.11.1/doxia-site-renderer-1.11.1.jar (65 kB at 66 kB/s)
#13 41.54 [INFO] Downloading from central: https://repo.maven.apache.org/maven2/org/apache/velocity/velocity-tools/2.0/velocity-tools-2.0.jar
#13 41.55 [INFO] Downloaded from central: https://repo.maven.apache.org/maven2/org/codehaus/plexus/plexus-velocity/1.2/plexus-velocity-1.2.jar (8.1 kB at 8.2 kB/s)
#13 41.55 [INFO] Downloading from central: https://repo.maven.apache.org/maven2/commons-beanutils/commons-beanutils/1.7.0/commons-beanutils-1.7.0.jar
#13 41.55 [INFO] Downloaded from central: https://repo.maven.apache.org/maven2/org/apache/maven/doxia/doxia-skin-model/1.11.1/doxia-skin-model-1.11.1.jar (16 kB at 16 kB/s)
#13 41.55 [INFO] Downloading from central: https://repo.maven.apache.org/maven2/commons-digester/commons-digester/1.8/commons-digester-1.8.jar
#13 41.58 [INFO] Downloaded from central: https://repo.maven.apache.org/maven2/commons-lang/commons-lang/2.4/commons-lang-2.4.jar (262 kB at 254 kB/s)
#13 41.58 [INFO] Downloading from central: https://repo.maven.apache.org/maven2/commons-chain/commons-chain/1.1/commons-chain-1.1.jar
#13 41.61 [INFO] Downloaded from central: https://repo.maven.apache.org/maven2/commons-beanutils/commons-beanutils/1.7.0/commons-beanutils-1.7.0.jar (189 kB at 179 kB/s)
#13 41.61 [INFO] Downloading from central: https://repo.maven.apache.org/maven2/dom4j/dom4j/1.1/dom4j-1.1.jar
#13 41.61 [INFO] Downloaded from central: https://repo.maven.apache.org/maven2/commons-digester/commons-digester/1.8/commons-digester-1.8.jar (144 kB at 136 kB/s)
#13 41.61 [INFO] Downloading from central: https://repo.maven.apache.org/maven2/oro/oro/2.0.8/oro-2.0.8.jar
#13 41.61 [INFO] Downloaded from central: https://repo.maven.apache.org/maven2/org/apache/velocity/velocity-tools/2.0/velocity-tools-2.0.jar (347 kB at 328 kB/s)
#13 41.61 [INFO] Downloading from central: https://repo.maven.apache.org/maven2/org/apache/maven/doxia/doxia-integration-tools/1.11.1/doxia-integration-tools-1.11.1.jar
#13 41.61 [INFO] Downloaded from central: https://repo.maven.apache.org/maven2/org/apache/velocity/velocity/1.7/velocity-1.7.jar (450 kB at 424 kB/s)
#13 41.61 [INFO] Downloading from central: https://repo.maven.apache.org/maven2/org/eclipse/jetty/jetty-server/9.4.46.v20220331/jetty-server-9.4.46.v20220331.jar
#13 41.65 [INFO] Downloaded from central: https://repo.maven.apache.org/maven2/commons-chain/commons-chain/1.1/commons-chain-1.1.jar (90 kB at 82 kB/s)
#13 41.65 [INFO] Downloading from central: https://repo.maven.apache.org/maven2/javax/servlet/javax.servlet-api/3.1.0/javax.servlet-api-3.1.0.jar
#13 41.65 [INFO] Downloaded from central: https://repo.maven.apache.org/maven2/org/apache/maven/doxia/doxia-integration-tools/1.11.1/doxia-integration-tools-1.11.1.jar (47 kB at 43 kB/s)
#13 41.65 [INFO] Downloading from central: https://repo.maven.apache.org/maven2/org/eclipse/jetty/jetty-http/9.4.46.v20220331/jetty-http-9.4.46.v20220331.jar
#13 41.67 [INFO] Downloaded from central: https://repo.maven.apache.org/maven2/dom4j/dom4j/1.1/dom4j-1.1.jar (457 kB at 411 kB/s)
#13 41.67 [INFO] Downloaded from central: https://repo.maven.apache.org/maven2/oro/oro/2.0.8/oro-2.0.8.jar (65 kB at 59 kB/s)
#13 41.67 [INFO] Downloading from central: https://repo.maven.apache.org/maven2/org/eclipse/jetty/jetty-io/9.4.46.v20220331/jetty-io-9.4.46.v20220331.jar
#13 41.67 [INFO] Downloading from central: https://repo.maven.apache.org/maven2/org/eclipse/jetty/jetty-servlet/9.4.46.v20220331/jetty-servlet-9.4.46.v20220331.jar
#13 41.69 [INFO] Downloaded from central: https://repo.maven.apache.org/maven2/javax/servlet/javax.servlet-api/3.1.0/javax.servlet-api-3.1.0.jar (96 kB at 84 kB/s)
#13 41.69 [INFO] Downloading from central: https://repo.maven.apache.org/maven2/org/eclipse/jetty/jetty-security/9.4.46.v20220331/jetty-security-9.4.46.v20220331.jar
#13 41.69 [INFO] Downloaded from central: https://repo.maven.apache.org/maven2/org/eclipse/jetty/jetty-server/9.4.46.v20220331/jetty-server-9.4.46.v20220331.jar (733 kB at 644 kB/s)
#13 41.69 [INFO] Downloading from central: https://repo.maven.apache.org/maven2/org/eclipse/jetty/jetty-util-ajax/9.4.46.v20220331/jetty-util-ajax-9.4.46.v20220331.jar
#13 41.70 [INFO] Downloaded from central: https://repo.maven.apache.org/maven2/org/eclipse/jetty/jetty-http/9.4.46.v20220331/jetty-http-9.4.46.v20220331.jar (225 kB at 196 kB/s)
#13 41.70 [INFO] Downloading from central: https://repo.maven.apache.org/maven2/org/eclipse/jetty/jetty-webapp/9.4.46.v20220331/jetty-webapp-9.4.46.v20220331.jar
#13 41.72 [INFO] Downloaded from central: https://repo.maven.apache.org/maven2/org/eclipse/jetty/jetty-servlet/9.4.46.v20220331/jetty-servlet-9.4.46.v20220331.jar (147 kB at 126 kB/s)
#13 41.72 [INFO] Downloading from central: https://repo.maven.apache.org/maven2/org/eclipse/jetty/jetty-xml/9.4.46.v20220331/jetty-xml-9.4.46.v20220331.jar
#13 41.73 [INFO] Downloaded from central: https://repo.maven.apache.org/maven2/org/eclipse/jetty/jetty-io/9.4.46.v20220331/jetty-io-9.4.46.v20220331.jar (184 kB at 156 kB/s)
#13 41.73 [INFO] Downloading from central: https://repo.maven.apache.org/maven2/org/eclipse/jetty/jetty-util/9.4.46.v20220331/jetty-util-9.4.46.v20220331.jar
#13 41.73 [INFO] Downloaded from central: https://repo.maven.apache.org/maven2/org/eclipse/jetty/jetty-security/9.4.46.v20220331/jetty-security-9.4.46.v20220331.jar (119 kB at 101 kB/s)
#13 41.74 [INFO] Downloaded from central: https://repo.maven.apache.org/maven2/org/eclipse/jetty/jetty-webapp/9.4.46.v20220331/jetty-webapp-9.4.46.v20220331.jar (141 kB at 118 kB/s)
#13 41.75 [INFO] Downloaded from central: https://repo.maven.apache.org/maven2/org/eclipse/jetty/jetty-util-ajax/9.4.46.v20220331/jetty-util-ajax-9.4.46.v20220331.jar (67 kB at 56 kB/s)
#13 41.77 [INFO] Downloaded from central: https://repo.maven.apache.org/maven2/org/eclipse/jetty/jetty-xml/9.4.46.v20220331/jetty-xml-9.4.46.v20220331.jar (69 kB at 57 kB/s)
#13 41.81 [INFO] Downloaded from central: https://repo.maven.apache.org/maven2/org/eclipse/jetty/jetty-util/9.4.46.v20220331/jetty-util-9.4.46.v20220331.jar (586 kB at 466 kB/s)
#13 41.84 [INFO] Downloading from central: https://repo.maven.apache.org/maven2/org/postgresql/postgresql/42.7.7/postgresql-42.7.7.pom
#13 41.88 [INFO] Downloaded from central: https://repo.maven.apache.org/maven2/org/postgresql/postgresql/42.7.7/postgresql-42.7.7.pom (3.3 kB at 88 kB/s)
#13 41.88 [INFO] Downloading from central: https://repo.maven.apache.org/maven2/org/checkerframework/checker-qual/3.49.3/checker-qual-3.49.3.pom
#13 41.92 [INFO] Downloaded from central: https://repo.maven.apache.org/maven2/org/checkerframework/checker-qual/3.49.3/checker-qual-3.49.3.pom (2.1 kB at 55 kB/s)
#13 41.92 [INFO] Downloading from central: https://repo.maven.apache.org/maven2/junit/junit/4.13.2/junit-4.13.2.pom
#13 41.96 [INFO] Downloaded from central: https://repo.maven.apache.org/maven2/junit/junit/4.13.2/junit-4.13.2.pom (27 kB at 730 kB/s)
#13 41.96 [INFO] Downloading from central: https://repo.maven.apache.org/maven2/org/junit/jupiter/junit-jupiter-api/5.12.2/junit-jupiter-api-5.12.2.pom
#13 42.00 [INFO] Downloaded from central: https://repo.maven.apache.org/maven2/org/junit/jupiter/junit-jupiter-api/5.12.2/junit-jupiter-api-5.12.2.pom (3.2 kB at 84 kB/s)
#13 42.00 [INFO] Downloading from central: https://repo.maven.apache.org/maven2/org/opentest4j/opentest4j/1.3.0/opentest4j-1.3.0.pom
#13 42.05 [INFO] Downloaded from central: https://repo.maven.apache.org/maven2/org/opentest4j/opentest4j/1.3.0/opentest4j-1.3.0.pom (2.0 kB at 45 kB/s)
#13 42.05 [INFO] Downloading from central: https://repo.maven.apache.org/maven2/org/junit/platform/junit-platform-commons/1.12.2/junit-platform-commons-1.12.2.pom
#13 42.09 [INFO] Downloaded from central: https://repo.maven.apache.org/maven2/org/junit/platform/junit-platform-commons/1.12.2/junit-platform-commons-1.12.2.pom (2.8 kB at 64 kB/s)
#13 42.10 [INFO] Downloading from central: https://repo.maven.apache.org/maven2/org/apiguardian/apiguardian-api/1.1.2/apiguardian-api-1.1.2.pom
#13 42.14 [INFO] Downloaded from central: https://repo.maven.apache.org/maven2/org/apiguardian/apiguardian-api/1.1.2/apiguardian-api-1.1.2.pom (1.5 kB at 35 kB/s)
#13 42.14 [INFO] Downloading from central: https://repo.maven.apache.org/maven2/org/junit/jupiter/junit-jupiter-engine/5.12.2/junit-jupiter-engine-5.12.2.pom
#13 42.18 [INFO] Downloaded from central: https://repo.maven.apache.org/maven2/org/junit/jupiter/junit-jupiter-engine/5.12.2/junit-jupiter-engine-5.12.2.pom (3.2 kB at 89 kB/s)
#13 42.18 [INFO] Downloading from central: https://repo.maven.apache.org/maven2/org/junit/platform/junit-platform-engine/1.12.2/junit-platform-engine-1.12.2.pom
#13 42.22 [INFO] Downloaded from central: https://repo.maven.apache.org/maven2/org/junit/platform/junit-platform-engine/1.12.2/junit-platform-engine-1.12.2.pom (3.2 kB at 92 kB/s)
#13 42.22 [INFO] Downloading from central: https://repo.maven.apache.org/maven2/com/github/waffle/waffle-jna/1.9.1/waffle-jna-1.9.1.pom
#13 42.25 [INFO] Downloaded from central: https://repo.maven.apache.org/maven2/com/github/waffle/waffle-jna/1.9.1/waffle-jna-1.9.1.pom (3.1 kB at 87 kB/s)
#13 42.25 [INFO] Downloading from central: https://repo.maven.apache.org/maven2/com/github/waffle/waffle-parent/1.9.1/waffle-parent-1.9.1.pom
#13 42.29 [INFO] Downloaded from central: https://repo.maven.apache.org/maven2/com/github/waffle/waffle-parent/1.9.1/waffle-parent-1.9.1.pom (67 kB at 1.8 MB/s)
#13 42.29 [INFO] Downloading from central: https://repo.maven.apache.org/maven2/net/java/dev/jna/jna/4.5.1/jna-4.5.1.pom
#13 42.34 [INFO] Downloaded from central: https://repo.maven.apache.org/maven2/net/java/dev/jna/jna/4.5.1/jna-4.5.1.pom (1.6 kB at 39 kB/s)
#13 42.34 [INFO] Downloading from central: https://repo.maven.apache.org/maven2/net/java/dev/jna/jna-platform/4.5.1/jna-platform-4.5.1.pom
#13 42.38 [INFO] Downloaded from central: https://repo.maven.apache.org/maven2/net/java/dev/jna/jna-platform/4.5.1/jna-platform-4.5.1.pom (1.8 kB at 49 kB/s)
#13 42.38 [INFO] Downloading from central: https://repo.maven.apache.org/maven2/org/slf4j/jcl-over-slf4j/1.7.25/jcl-over-slf4j-1.7.25.pom
#13 42.41 [INFO] Downloaded from central: https://repo.maven.apache.org/maven2/org/slf4j/jcl-over-slf4j/1.7.25/jcl-over-slf4j-1.7.25.pom (959 B at 27 kB/s)
#13 42.41 [INFO] Downloading from central: https://repo.maven.apache.org/maven2/org/slf4j/slf4j-parent/1.7.25/slf4j-parent-1.7.25.pom
#13 42.46 [INFO] Downloaded from central: https://repo.maven.apache.org/maven2/org/slf4j/slf4j-parent/1.7.25/slf4j-parent-1.7.25.pom (14 kB at 314 kB/s)
#13 42.47 [INFO] Downloading from central: https://repo.maven.apache.org/maven2/org/slf4j/slf4j-api/1.7.25/slf4j-api-1.7.25.pom
#13 42.52 [INFO] Downloaded from central: https://repo.maven.apache.org/maven2/org/slf4j/slf4j-api/1.7.25/slf4j-api-1.7.25.pom (3.8 kB at 75 kB/s)
#13 42.52 [INFO] Downloading from central: https://repo.maven.apache.org/maven2/com/github/ben-manes/caffeine/caffeine/2.6.2/caffeine-2.6.2.pom
#13 42.57 [INFO] Downloaded from central: https://repo.maven.apache.org/maven2/com/github/ben-manes/caffeine/caffeine/2.6.2/caffeine-2.6.2.pom (5.6 kB at 134 kB/s)
#13 42.57 [INFO] Downloading from central: https://repo.maven.apache.org/maven2/org/postgresql/postgresql/42.7.7/postgresql-42.7.7.jar
#13 42.70 [INFO] Downloaded from central: https://repo.maven.apache.org/maven2/org/postgresql/postgresql/42.7.7/postgresql-42.7.7.jar (1.1 MB at 8.8 MB/s)
#13 42.70 [INFO] Downloading from central: https://repo.maven.apache.org/maven2/org/checkerframework/checker-qual/3.49.3/checker-qual-3.49.3.jar
#13 42.70 [INFO] Downloading from central: https://repo.maven.apache.org/maven2/junit/junit/4.13.2/junit-4.13.2.jar
#13 42.70 [INFO] Downloading from central: https://repo.maven.apache.org/maven2/org/junit/jupiter/junit-jupiter-api/5.12.2/junit-jupiter-api-5.12.2.jar
#13 42.70 [INFO] Downloading from central: https://repo.maven.apache.org/maven2/org/opentest4j/opentest4j/1.3.0/opentest4j-1.3.0.jar
#13 42.70 [INFO] Downloading from central: https://repo.maven.apache.org/maven2/org/junit/platform/junit-platform-commons/1.12.2/junit-platform-commons-1.12.2.jar
#13 42.73 [INFO] Downloaded from central: https://repo.maven.apache.org/maven2/org/opentest4j/opentest4j/1.3.0/opentest4j-1.3.0.jar (14 kB at 397 kB/s)
#13 42.73 [INFO] Downloading from central: https://repo.maven.apache.org/maven2/org/apiguardian/apiguardian-api/1.1.2/apiguardian-api-1.1.2.jar
#13 42.75 [INFO] Downloaded from central: https://repo.maven.apache.org/maven2/org/junit/platform/junit-platform-commons/1.12.2/junit-platform-commons-1.12.2.jar (152 kB at 2.8 MB/s)
#13 42.75 [INFO] Downloading from central: https://repo.maven.apache.org/maven2/org/junit/jupiter/junit-jupiter-engine/5.12.2/junit-jupiter-engine-5.12.2.jar
#13 42.76 [INFO] Downloaded from central: https://repo.maven.apache.org/maven2/junit/junit/4.13.2/junit-4.13.2.jar (385 kB at 6.3 MB/s)
#13 42.76 [INFO] Downloading from central: https://repo.maven.apache.org/maven2/org/junit/platform/junit-platform-engine/1.12.2/junit-platform-engine-1.12.2.jar
#13 42.76 [INFO] Downloaded from central: https://repo.maven.apache.org/maven2/org/checkerframework/checker-qual/3.49.3/checker-qual-3.49.3.jar (238 kB at 3.5 MB/s)
#13 42.76 [INFO] Downloading from central: https://repo.maven.apache.org/maven2/com/github/waffle/waffle-jna/1.9.1/waffle-jna-1.9.1.jar
#13 42.77 [INFO] Downloaded from central: https://repo.maven.apache.org/maven2/org/junit/jupiter/junit-jupiter-api/5.12.2/junit-jupiter-api-5.12.2.jar (233 kB at 3.3 MB/s)
#13 42.77 [INFO] Downloading from central: https://repo.maven.apache.org/maven2/net/java/dev/jna/jna/4.5.1/jna-4.5.1.jar
#13 42.78 [INFO] Downloaded from central: https://repo.maven.apache.org/maven2/org/apiguardian/apiguardian-api/1.1.2/apiguardian-api-1.1.2.jar (6.8 kB at 81 kB/s)
#13 42.78 [INFO] Downloading from central: https://repo.maven.apache.org/maven2/net/java/dev/jna/jna-platform/4.5.1/jna-platform-4.5.1.jar
#13 42.81 [INFO] Downloaded from central: https://repo.maven.apache.org/maven2/com/github/waffle/waffle-jna/1.9.1/waffle-jna-1.9.1.jar (68 kB at 626 kB/s)
#13 42.81 [INFO] Downloading from central: https://repo.maven.apache.org/maven2/org/slf4j/jcl-over-slf4j/1.7.25/jcl-over-slf4j-1.7.25.jar
#13 42.82 [INFO] Downloaded from central: https://repo.maven.apache.org/maven2/org/junit/platform/junit-platform-engine/1.12.2/junit-platform-engine-1.12.2.jar (256 kB at 2.2 MB/s)
#13 42.82 [INFO] Downloading from central: https://repo.maven.apache.org/maven2/org/slf4j/slf4j-api/1.7.25/slf4j-api-1.7.25.jar
#13 42.84 [INFO] Downloaded from central: https://repo.maven.apache.org/maven2/org/junit/jupiter/junit-jupiter-engine/5.12.2/junit-jupiter-engine-5.12.2.jar (292 kB at 2.0 MB/s)
#13 42.84 [INFO] Downloading from central: https://repo.maven.apache.org/maven2/com/github/ben-manes/caffeine/caffeine/2.6.2/caffeine-2.6.2.jar
#13 42.88 [INFO] Downloaded from central: https://repo.maven.apache.org/maven2/org/slf4j/jcl-over-slf4j/1.7.25/jcl-over-slf4j-1.7.25.jar (17 kB at 91 kB/s)
#13 42.88 [INFO] Downloaded from central: https://repo.maven.apache.org/maven2/org/slf4j/slf4j-api/1.7.25/slf4j-api-1.7.25.jar (41 kB at 225 kB/s)
#13 42.91 [INFO] Downloaded from central: https://repo.maven.apache.org/maven2/net/java/dev/jna/jna/4.5.1/jna-4.5.1.jar (1.4 MB at 6.9 MB/s)
#13 42.94 [INFO] Downloaded from central: https://repo.maven.apache.org/maven2/com/github/ben-manes/caffeine/caffeine/2.6.2/caffeine-2.6.2.jar (660 kB at 2.7 MB/s)
#13 42.97 [INFO] Downloaded from central: https://repo.maven.apache.org/maven2/net/java/dev/jna/jna-platform/4.5.1/jna-platform-4.5.1.jar (2.3 MB at 8.5 MB/s)
#13 42.98 [INFO] Downloading from central: https://repo.maven.apache.org/maven2/org/testng/testng/6.14.3/testng-6.14.3.pom
#13 43.03 [INFO] Downloaded from central: https://repo.maven.apache.org/maven2/org/testng/testng/6.14.3/testng-6.14.3.pom (2.9 kB at 59 kB/s)
#13 43.03 [INFO] Downloading from central: https://repo.maven.apache.org/maven2/com/beust/jcommander/1.72/jcommander-1.72.pom
#13 43.06 [INFO] Downloaded from central: https://repo.maven.apache.org/maven2/com/beust/jcommander/1.72/jcommander-1.72.pom (1.2 kB at 34 kB/s)
#13 43.07 [INFO] Downloading from central: https://repo.maven.apache.org/maven2/org/apache-extras/beanshell/bsh/2.0b6/bsh-2.0b6.pom
#13 43.10 [INFO] Downloaded from central: https://repo.maven.apache.org/maven2/org/apache-extras/beanshell/bsh/2.0b6/bsh-2.0b6.pom (5.0 kB at 135 kB/s)
#13 43.11 [INFO] Downloading from central: https://repo.maven.apache.org/maven2/org/testng/testng/6.14.3/testng-6.14.3.jar
#13 43.17 [INFO] Downloaded from central: https://repo.maven.apache.org/maven2/org/testng/testng/6.14.3/testng-6.14.3.jar (840 kB at 13 MB/s)
#13 43.17 [INFO] Downloading from central: https://repo.maven.apache.org/maven2/com/beust/jcommander/1.72/jcommander-1.72.jar
#13 43.17 [INFO] Downloading from central: https://repo.maven.apache.org/maven2/org/apache-extras/beanshell/bsh/2.0b6/bsh-2.0b6.jar
#13 43.21 [INFO] Downloaded from central: https://repo.maven.apache.org/maven2/com/beust/jcommander/1.72/jcommander-1.72.jar (69 kB at 1.7 MB/s)
#13 50.09 [INFO] Downloaded from central: https://repo.maven.apache.org/maven2/org/apache-extras/beanshell/bsh/2.0b6/bsh-2.0b6.jar (389 kB at 56 kB/s)
#13 50.09 [INFO] Downloading from central: https://repo.maven.apache.org/maven2/org/springdoc/springdoc-openapi-starter-webmvc-ui/2.6.0/springdoc-openapi-starter-webmvc-ui-2.6.0.pom
#13 50.14 [INFO] Downloaded from central: https://repo.maven.apache.org/maven2/org/springdoc/springdoc-openapi-starter-webmvc-ui/2.6.0/springdoc-openapi-starter-webmvc-ui-2.6.0.pom (1.8 kB at 44 kB/s)
#13 50.14 [INFO] Downloading from central: https://repo.maven.apache.org/maven2/org/springdoc/springdoc-openapi/2.6.0/springdoc-openapi-2.6.0.pom
#13 50.18 [INFO] Downloaded from central: https://repo.maven.apache.org/maven2/org/springdoc/springdoc-openapi/2.6.0/springdoc-openapi-2.6.0.pom (10 kB at 257 kB/s)
#13 50.18 [INFO] Downloading from central: https://repo.maven.apache.org/maven2/org/springframework/boot/spring-boot-starter-parent/3.3.0/spring-boot-starter-parent-3.3.0.pom
#13 42.86 [INFO] Downloaded from central: https://repo.maven.apache.org/maven2/org/springframework/boot/spring-boot-starter-parent/3.3.0/spring-boot-starter-parent-3.3.0.pom (13 kB)
#13 42.86 [INFO] Downloading from central: https://repo.maven.apache.org/maven2/org/springframework/boot/spring-boot-dependencies/3.3.0/spring-boot-dependencies-3.3.0.pom
#13 42.90 [INFO] Downloaded from central: https://repo.maven.apache.org/maven2/org/springframework/boot/spring-boot-dependencies/3.3.0/spring-boot-dependencies-3.3.0.pom (103 kB at 2.5 MB/s)
#13 42.91 [INFO] Downloading from central: https://repo.maven.apache.org/maven2/org/apache/activemq/artemis-bom/2.33.0/artemis-bom-2.33.0.pom
#13 42.95 [INFO] Downloaded from central: https://repo.maven.apache.org/maven2/org/apache/activemq/artemis-bom/2.33.0/artemis-bom-2.33.0.pom (9.6 kB at 201 kB/s)
#13 42.96 [INFO] Downloading from central: https://repo.maven.apache.org/maven2/org/apache/activemq/artemis-project/2.33.0/artemis-project-2.33.0.pom
#13 42.99 [INFO] Downloaded from central: https://repo.maven.apache.org/maven2/org/apache/activemq/artemis-project/2.33.0/artemis-project-2.33.0.pom (64 kB at 1.7 MB/s)
#13 43.00 [INFO] Downloading from central: https://repo.maven.apache.org/maven2/org/assertj/assertj-bom/3.25.3/assertj-bom-3.25.3.pom
#13 43.03 [INFO] Downloaded from central: https://repo.maven.apache.org/maven2/org/assertj/assertj-bom/3.25.3/assertj-bom-3.25.3.pom (3.7 kB at 102 kB/s)
#13 43.03 [INFO] Downloading from central: https://repo.maven.apache.org/maven2/io/zipkin/reporter2/zipkin-reporter-bom/3.4.0/zipkin-reporter-bom-3.4.0.pom
#13 43.07 [INFO] Downloaded from central: https://repo.maven.apache.org/maven2/io/zipkin/reporter2/zipkin-reporter-bom/3.4.0/zipkin-reporter-bom-3.4.0.pom (6.4 kB at 168 kB/s)
#13 43.07 [INFO] Downloading from central: https://repo.maven.apache.org/maven2/io/zipkin/brave/brave-bom/6.0.3/brave-bom-6.0.3.pom
#13 43.12 [INFO] Downloaded from central: https://repo.maven.apache.org/maven2/io/zipkin/brave/brave-bom/6.0.3/brave-bom-6.0.3.pom (11 kB at 249 kB/s)
#13 43.12 [INFO] Downloading from central: https://repo.maven.apache.org/maven2/org/apache/cassandra/java-driver-bom/4.18.1/java-driver-bom-4.18.1.pom
#13 43.17 [INFO] Downloaded from central: https://repo.maven.apache.org/maven2/org/apache/cassandra/java-driver-bom/4.18.1/java-driver-bom-4.18.1.pom (5.5 kB at 111 kB/s)
#13 43.17 [INFO] Downloading from central: https://repo.maven.apache.org/maven2/org/apache/groovy/groovy-bom/4.0.21/groovy-bom-4.0.21.pom
#13 43.21 [INFO] Downloaded from central: https://repo.maven.apache.org/maven2/org/apache/groovy/groovy-bom/4.0.21/groovy-bom-4.0.21.pom (27 kB at 758 kB/s)
#13 43.21 [INFO] Downloading from central: https://repo.maven.apache.org/maven2/org/infinispan/infinispan-bom/15.0.4.Final/infinispan-bom-15.0.4.Final.pom
#13 43.24 [INFO] Downloaded from central: https://repo.maven.apache.org/maven2/org/infinispan/infinispan-bom/15.0.4.Final/infinispan-bom-15.0.4.Final.pom (18 kB at 551 kB/s)
#13 43.24 [INFO] Downloading from central: https://repo.maven.apache.org/maven2/org/infinispan/infinispan-build-configuration-parent/15.0.4.Final/infinispan-build-configuration-parent-15.0.4.Final.pom
#13 43.28 [INFO] Downloaded from central: https://repo.maven.apache.org/maven2/org/infinispan/infinispan-build-configuration-parent/15.0.4.Final/infinispan-build-configuration-parent-15.0.4.Final.pom (19 kB at 523 kB/s)
#13 43.28 [INFO] Downloading from central: https://repo.maven.apache.org/maven2/org/jboss/jboss-parent/43/jboss-parent-43.pom
#13 43.32 [INFO] Downloaded from central: https://repo.maven.apache.org/maven2/org/jboss/jboss-parent/43/jboss-parent-43.pom (75 kB at 2.2 MB/s)
#13 43.32 [INFO] Downloading from central: https://repo.maven.apache.org/maven2/org/glassfish/jersey/jersey-bom/3.1.6/jersey-bom-3.1.6.pom
#13 43.38 [INFO] Downloaded from central: https://repo.maven.apache.org/maven2/org/glassfish/jersey/jersey-bom/3.1.6/jersey-bom-3.1.6.pom (21 kB at 329 kB/s)
#13 43.38 [INFO] Downloading from central: https://repo.maven.apache.org/maven2/org/eclipse/ee4j/project/1.0.8/project-1.0.8.pom
#13 43.42 [INFO] Downloaded from central: https://repo.maven.apache.org/maven2/org/eclipse/ee4j/project/1.0.8/project-1.0.8.pom (15 kB at 405 kB/s)
#13 43.42 [INFO] Downloading from central: https://repo.maven.apache.org/maven2/org/eclipse/jetty/ee10/jetty-ee10-bom/12.0.9/jetty-ee10-bom-12.0.9.pom
#13 43.46 [INFO] Downloaded from central: https://repo.maven.apache.org/maven2/org/eclipse/jetty/ee10/jetty-ee10-bom/12.0.9/jetty-ee10-bom-12.0.9.pom (9.2 kB at 264 kB/s)
#13 43.46 [INFO] Downloading from central: https://repo.maven.apache.org/maven2/org/eclipse/jetty/jetty-bom/12.0.9/jetty-bom-12.0.9.pom
#13 43.49 [INFO] Downloaded from central: https://repo.maven.apache.org/maven2/org/eclipse/jetty/jetty-bom/12.0.9/jetty-bom-12.0.9.pom (14 kB at 427 kB/s)
#13 43.49 [INFO] Downloading from central: https://repo.maven.apache.org/maven2/org/jetbrains/kotlin/kotlin-bom/1.9.24/kotlin-bom-1.9.24.pom
#13 43.54 [INFO] Downloaded from central: https://repo.maven.apache.org/maven2/org/jetbrains/kotlin/kotlin-bom/1.9.24/kotlin-bom-1.9.24.pom (9.1 kB at 207 kB/s)
#13 43.54 [INFO] Downloading from central: https://repo.maven.apache.org/maven2/org/apache/logging/log4j/log4j-bom/2.23.1/log4j-bom-2.23.1.pom
#13 43.58 [INFO] Downloaded from central: https://repo.maven.apache.org/maven2/org/apache/logging/log4j/log4j-bom/2.23.1/log4j-bom-2.23.1.pom (12 kB at 319 kB/s)
#13 43.58 [INFO] Downloading from central: https://repo.maven.apache.org/maven2/org/apache/logging/logging-parent/10.6.0/logging-parent-10.6.0.pom
#13 43.63 [INFO] Downloaded from central: https://repo.maven.apache.org/maven2/org/apache/logging/logging-parent/10.6.0/logging-parent-10.6.0.pom (54 kB at 1.2 MB/s)
#13 43.63 [INFO] Downloading from central: https://repo.maven.apache.org/maven2/io/micrometer/micrometer-bom/1.13.0/micrometer-bom-1.13.0.pom
#13 43.67 [INFO] Downloaded from central: https://repo.maven.apache.org/maven2/io/micrometer/micrometer-bom/1.13.0/micrometer-bom-1.13.0.pom (8.6 kB at 209 kB/s)
#13 43.67 [INFO] Downloading from central: https://repo.maven.apache.org/maven2/io/micrometer/micrometer-tracing-bom/1.3.0/micrometer-tracing-bom-1.3.0.pom
#13 43.71 [INFO] Downloaded from central: https://repo.maven.apache.org/maven2/io/micrometer/micrometer-tracing-bom/1.3.0/micrometer-tracing-bom-1.3.0.pom (4.5 kB at 102 kB/s)
#13 43.72 [INFO] Downloading from central: https://repo.maven.apache.org/maven2/org/mockito/mockito-bom/5.11.0/mockito-bom-5.11.0.pom
#13 43.75 [INFO] Downloaded from central: https://repo.maven.apache.org/maven2/org/mockito/mockito-bom/5.11.0/mockito-bom-5.11.0.pom (3.0 kB at 78 kB/s)
#13 43.76 [INFO] Downloading from central: https://repo.maven.apache.org/maven2/io/netty/netty-bom/4.1.110.Final/netty-bom-4.1.110.Final.pom
#13 43.82 [INFO] Downloaded from central: https://repo.maven.apache.org/maven2/io/netty/netty-bom/4.1.110.Final/netty-bom-4.1.110.Final.pom (14 kB at 215 kB/s)
#13 43.82 [INFO] Downloading from central: https://repo.maven.apache.org/maven2/com/squareup/okhttp3/okhttp-bom/4.12.0/okhttp-bom-4.12.0.pom
#13 43.86 [INFO] Downloaded from central: https://repo.maven.apache.org/maven2/com/squareup/okhttp3/okhttp-bom/4.12.0/okhttp-bom-4.12.0.pom (3.1 kB at 85 kB/s)
#13 43.86 [INFO] Downloading from central: https://repo.maven.apache.org/maven2/io/opentelemetry/opentelemetry-bom/1.37.0/opentelemetry-bom-1.37.0.pom
#13 43.90 [INFO] Downloaded from central: https://repo.maven.apache.org/maven2/io/opentelemetry/opentelemetry-bom/1.37.0/opentelemetry-bom-1.37.0.pom (5.7 kB at 139 kB/s)
#13 43.90 [INFO] Downloading from central: https://repo.maven.apache.org/maven2/io/prometheus/prometheus-metrics-bom/1.2.1/prometheus-metrics-bom-1.2.1.pom
#13 43.95 [INFO] Downloaded from central: https://repo.maven.apache.org/maven2/io/prometheus/prometheus-metrics-bom/1.2.1/prometheus-metrics-bom-1.2.1.pom (6.1 kB at 129 kB/s)
#13 43.95 [INFO] Downloading from central: https://repo.maven.apache.org/maven2/io/prometheus/client_java/1.2.1/client_java-1.2.1.pom
#13 43.99 [INFO] Downloaded from central: https://repo.maven.apache.org/maven2/io/prometheus/client_java/1.2.1/client_java-1.2.1.pom (13 kB at 358 kB/s)
#13 43.99 [INFO] Downloading from central: https://repo.maven.apache.org/maven2/org/apache/pulsar/pulsar-bom/3.2.3/pulsar-bom-3.2.3.pom
#13 44.03 [INFO] Downloaded from central: https://repo.maven.apache.org/maven2/org/apache/pulsar/pulsar-bom/3.2.3/pulsar-bom-3.2.3.pom (26 kB at 721 kB/s)
#13 44.03 [INFO] Downloading from central: https://repo.maven.apache.org/maven2/io/projectreactor/reactor-bom/2023.0.6/reactor-bom-2023.0.6.pom
#13 44.08 [INFO] Downloaded from central: https://repo.maven.apache.org/maven2/io/projectreactor/reactor-bom/2023.0.6/reactor-bom-2023.0.6.pom (4.8 kB at 99 kB/s)
#13 44.08 [INFO] Downloading from central: https://repo.maven.apache.org/maven2/io/rest-assured/rest-assured-bom/5.4.0/rest-assured-bom-5.4.0.pom
#13 44.11 [INFO] Downloaded from central: https://repo.maven.apache.org/maven2/io/rest-assured/rest-assured-bom/5.4.0/rest-assured-bom-5.4.0.pom (4.5 kB at 132 kB/s)
#13 44.12 [INFO] Downloading from central: https://repo.maven.apache.org/maven2/io/rsocket/rsocket-bom/1.1.3/rsocket-bom-1.1.3.pom
#13 44.15 [INFO] Downloaded from central: https://repo.maven.apache.org/maven2/io/rsocket/rsocket-bom/1.1.3/rsocket-bom-1.1.3.pom (2.6 kB at 73 kB/s)
#13 44.15 [INFO] Downloading from central: https://repo.maven.apache.org/maven2/org/seleniumhq/selenium/selenium-bom/4.19.1/selenium-bom-4.19.1.pom
#13 44.19 [INFO] Downloaded from central: https://repo.maven.apache.org/maven2/org/seleniumhq/selenium/selenium-bom/4.19.1/selenium-bom-4.19.1.pom (6.0 kB at 159 kB/s)
#13 44.19 [INFO] Downloading from central: https://repo.maven.apache.org/maven2/org/springframework/amqp/spring-amqp-bom/3.1.5/spring-amqp-bom-3.1.5.pom
#13 44.23 [INFO] Downloaded from central: https://repo.maven.apache.org/maven2/org/springframework/amqp/spring-amqp-bom/3.1.5/spring-amqp-bom-3.1.5.pom (3.9 kB at 107 kB/s)
#13 44.23 [INFO] Downloading from central: https://repo.maven.apache.org/maven2/org/springframework/batch/spring-batch-bom/5.1.2/spring-batch-bom-5.1.2.pom
#13 44.27 [INFO] Downloaded from central: https://repo.maven.apache.org/maven2/org/springframework/batch/spring-batch-bom/5.1.2/spring-batch-bom-5.1.2.pom (3.2 kB at 85 kB/s)
#13 44.27 [INFO] Downloading from central: https://repo.maven.apache.org/maven2/org/springframework/data/spring-data-bom/2024.0.0/spring-data-bom-2024.0.0.pom
#13 44.31 [INFO] Downloaded from central: https://repo.maven.apache.org/maven2/org/springframework/data/spring-data-bom/2024.0.0/spring-data-bom-2024.0.0.pom (5.5 kB at 141 kB/s)
#13 44.31 [INFO] Downloading from central: https://repo.maven.apache.org/maven2/org/springframework/spring-framework-bom/6.1.8/spring-framework-bom-6.1.8.pom
#13 44.39 [INFO] Downloaded from central: https://repo.maven.apache.org/maven2/org/springframework/spring-framework-bom/6.1.8/spring-framework-bom-6.1.8.pom (5.8 kB at 74 kB/s)
#13 44.39 [INFO] Downloading from central: https://repo.maven.apache.org/maven2/org/springframework/integration/spring-integration-bom/6.3.0/spring-integration-bom-6.3.0.pom
#13 44.44 [INFO] Downloaded from central: https://repo.maven.apache.org/maven2/org/springframework/integration/spring-integration-bom/6.3.0/spring-integration-bom-6.3.0.pom (10 kB at 228 kB/s)
#13 44.44 [INFO] Downloading from central: https://repo.maven.apache.org/maven2/org/springframework/pulsar/spring-pulsar-bom/1.1.0/spring-pulsar-bom-1.1.0.pom
#13 44.47 [INFO] Downloaded from central: https://repo.maven.apache.org/maven2/org/springframework/pulsar/spring-pulsar-bom/1.1.0/spring-pulsar-bom-1.1.0.pom (2.9 kB at 77 kB/s)
#13 44.48 [INFO] Downloading from central: https://repo.maven.apache.org/maven2/org/springframework/restdocs/spring-restdocs-bom/3.0.1/spring-restdocs-bom-3.0.1.pom
#13 44.53 [INFO] Downloaded from central: https://repo.maven.apache.org/maven2/org/springframework/restdocs/spring-restdocs-bom/3.0.1/spring-restdocs-bom-3.0.1.pom (2.6 kB at 50 kB/s)
#13 44.53 [INFO] Downloading from central: https://repo.maven.apache.org/maven2/org/springframework/security/spring-security-bom/6.3.0/spring-security-bom-6.3.0.pom
#13 44.57 [INFO] Downloaded from central: https://repo.maven.apache.org/maven2/org/springframework/security/spring-security-bom/6.3.0/spring-security-bom-6.3.0.pom (5.3 kB at 124 kB/s)
#13 44.57 [INFO] Downloading from central: https://repo.maven.apache.org/maven2/org/springframework/session/spring-session-bom/3.3.0/spring-session-bom-3.3.0.pom
#13 44.61 [INFO] Downloaded from central: https://repo.maven.apache.org/maven2/org/springframework/session/spring-session-bom/3.3.0/spring-session-bom-3.3.0.pom (2.9 kB at 76 kB/s)
#13 44.61 [INFO] Downloading from central: https://repo.maven.apache.org/maven2/org/springframework/ws/spring-ws-bom/4.0.11/spring-ws-bom-4.0.11.pom
#13 44.65 [INFO] Downloaded from central: https://repo.maven.apache.org/maven2/org/springframework/ws/spring-ws-bom/4.0.11/spring-ws-bom-4.0.11.pom (3.5 kB at 87 kB/s)
#13 44.65 [INFO] Downloading from central: https://repo.maven.apache.org/maven2/org/testcontainers/testcontainers-bom/1.19.8/testcontainers-bom-1.19.8.pom
#13 44.69 [INFO] Downloaded from central: https://repo.maven.apache.org/maven2/org/testcontainers/testcontainers-bom/1.19.8/testcontainers-bom-1.19.8.pom (10 kB at 254 kB/s)
#13 44.70 [INFO] Downloading from central: https://repo.maven.apache.org/maven2/org/springdoc/springdoc-openapi-starter-webmvc-api/2.6.0/springdoc-openapi-starter-webmvc-api-2.6.0.pom
#13 44.74 [INFO] Downloaded from central: https://repo.maven.apache.org/maven2/org/springdoc/springdoc-openapi-starter-webmvc-api/2.6.0/springdoc-openapi-starter-webmvc-api-2.6.0.pom (1.8 kB at 47 kB/s)
#13 44.74 [INFO] Downloading from central: https://repo.maven.apache.org/maven2/org/springdoc/springdoc-openapi-starter-common/2.6.0/springdoc-openapi-starter-common-2.6.0.pom
#13 44.78 [INFO] Downloaded from central: https://repo.maven.apache.org/maven2/org/springdoc/springdoc-openapi-starter-common/2.6.0/springdoc-openapi-starter-common-2.6.0.pom (4.7 kB at 119 kB/s)
#13 44.79 [INFO] Downloading from central: https://repo.maven.apache.org/maven2/org/springframework/boot/spring-boot-autoconfigure/3.3.0/spring-boot-autoconfigure-3.3.0.pom
#13 44.83 [INFO] Downloaded from central: https://repo.maven.apache.org/maven2/org/springframework/boot/spring-boot-autoconfigure/3.3.0/spring-boot-autoconfigure-3.3.0.pom (2.1 kB at 42 kB/s)
#13 44.84 [INFO] Downloading from central: https://repo.maven.apache.org/maven2/org/springframework/boot/spring-boot/3.3.0/spring-boot-3.3.0.pom
#13 44.87 [INFO] Downloaded from central: https://repo.maven.apache.org/maven2/org/springframework/boot/spring-boot/3.3.0/spring-boot-3.3.0.pom (2.2 kB at 63 kB/s)
#13 44.87 [INFO] Downloading from central: https://repo.maven.apache.org/maven2/org/springframework/spring-core/6.1.8/spring-core-6.1.8.pom
#13 44.91 [INFO] Downloaded from central: https://repo.maven.apache.org/maven2/org/springframework/spring-core/6.1.8/spring-core-6.1.8.pom (2.0 kB at 49 kB/s)
#13 44.92 [INFO] Downloading from central: https://repo.maven.apache.org/maven2/org/springframework/spring-jcl/6.1.8/spring-jcl-6.1.8.pom
#13 44.95 [INFO] Downloaded from central: https://repo.maven.apache.org/maven2/org/springframework/spring-jcl/6.1.8/spring-jcl-6.1.8.pom (1.8 kB at 50 kB/s)
#13 44.95 [INFO] Downloading from central: https://repo.maven.apache.org/maven2/org/springframework/spring-context/6.1.8/spring-context-6.1.8.pom
#13 45.00 [INFO] Downloaded from central: https://repo.maven.apache.org/maven2/org/springframework/spring-context/6.1.8/spring-context-6.1.8.pom (2.8 kB at 60 kB/s)
#13 45.00 [INFO] Downloading from central: https://repo.maven.apache.org/maven2/org/springframework/spring-aop/6.1.8/spring-aop-6.1.8.pom
#13 45.04 [INFO] Downloaded from central: https://repo.maven.apache.org/maven2/org/springframework/spring-aop/6.1.8/spring-aop-6.1.8.pom (2.2 kB at 55 kB/s)
#13 45.04 [INFO] Downloading from central: https://repo.maven.apache.org/maven2/org/springframework/spring-beans/6.1.8/spring-beans-6.1.8.pom
#13 45.08 [INFO] Downloaded from central: https://repo.maven.apache.org/maven2/org/springframework/spring-beans/6.1.8/spring-beans-6.1.8.pom (2.0 kB at 59 kB/s)
#13 45.08 [INFO] Downloading from central: https://repo.maven.apache.org/maven2/org/springframework/spring-expression/6.1.8/spring-expression-6.1.8.pom
#13 45.12 [INFO] Downloaded from central: https://repo.maven.apache.org/maven2/org/springframework/spring-expression/6.1.8/spring-expression-6.1.8.pom (2.1 kB at 53 kB/s)
#13 45.12 [INFO] Downloading from central: https://repo.maven.apache.org/maven2/io/micrometer/micrometer-observation/1.13.0/micrometer-observation-1.13.0.pom
#13 45.16 [INFO] Downloaded from central: https://repo.maven.apache.org/maven2/io/micrometer/micrometer-observation/1.13.0/micrometer-observation-1.13.0.pom (3.8 kB at 104 kB/s)
#13 45.16 [INFO] Downloading from central: https://repo.maven.apache.org/maven2/io/micrometer/micrometer-commons/1.13.0/micrometer-commons-1.13.0.pom
#13 45.20 [INFO] Downloaded from central: https://repo.maven.apache.org/maven2/io/micrometer/micrometer-commons/1.13.0/micrometer-commons-1.13.0.pom (3.4 kB at 74 kB/s)
#13 45.21 [INFO] Downloading from central: https://repo.maven.apache.org/maven2/io/swagger/core/v3/swagger-core-jakarta/2.2.22/swagger-core-jakarta-2.2.22.pom
#13 45.30 [INFO] Downloaded from central: https://repo.maven.apache.org/maven2/io/swagger/core/v3/swagger-core-jakarta/2.2.22/swagger-core-jakarta-2.2.22.pom (5.6 kB at 61 kB/s)
#13 45.30 [INFO] Downloading from central: https://repo.maven.apache.org/maven2/io/swagger/core/v3/swagger-project-jakarta/2.2.22/swagger-project-jakarta-2.2.22.pom
#13 45.33 [INFO] Downloaded from central: https://repo.maven.apache.org/maven2/io/swagger/core/v3/swagger-project-jakarta/2.2.22/swagger-project-jakarta-2.2.22.pom (23 kB at 691 kB/s)
#13 45.34 [INFO] Downloading from central: https://repo.maven.apache.org/maven2/org/slf4j/slf4j-api/2.0.13/slf4j-api-2.0.13.pom
#13 45.38 [INFO] Downloaded from central: https://repo.maven.apache.org/maven2/org/slf4j/slf4j-api/2.0.13/slf4j-api-2.0.13.pom (2.8 kB at 59 kB/s)
#13 45.38 [INFO] Downloading from central: https://repo.maven.apache.org/maven2/org/slf4j/slf4j-parent/2.0.13/slf4j-parent-2.0.13.pom
#13 45.45 [INFO] Downloaded from central: https://repo.maven.apache.org/maven2/org/slf4j/slf4j-parent/2.0.13/slf4j-parent-2.0.13.pom (13 kB at 219 kB/s)
#13 45.45 [INFO] Downloading from central: https://repo.maven.apache.org/maven2/org/slf4j/slf4j-bom/2.0.13/slf4j-bom-2.0.13.pom
#13 45.48 [INFO] Downloaded from central: https://repo.maven.apache.org/maven2/org/slf4j/slf4j-bom/2.0.13/slf4j-bom-2.0.13.pom (7.3 kB at 198 kB/s)
#13 45.49 [INFO] Downloading from central: https://repo.maven.apache.org/maven2/io/swagger/core/v3/swagger-annotations-jakarta/2.2.22/swagger-annotations-jakarta-2.2.22.pom
#13 45.54 [INFO] Downloaded from central: https://repo.maven.apache.org/maven2/io/swagger/core/v3/swagger-annotations-jakarta/2.2.22/swagger-annotations-jakarta-2.2.22.pom (3.3 kB at 57 kB/s)
#13 45.54 [INFO] Downloading from central: https://repo.maven.apache.org/maven2/io/swagger/core/v3/swagger-models-jakarta/2.2.22/swagger-models-jakarta-2.2.22.pom
#13 45.64 [INFO] Downloaded from central: https://repo.maven.apache.org/maven2/io/swagger/core/v3/swagger-models-jakarta/2.2.22/swagger-models-jakarta-2.2.22.pom (3.4 kB at 36 kB/s)
#13 45.64 [INFO] Downloading from central: https://repo.maven.apache.org/maven2/jakarta/xml/bind/jakarta.xml.bind-api/4.0.2/jakarta.xml.bind-api-4.0.2.pom
#13 45.68 [INFO] Downloaded from central: https://repo.maven.apache.org/maven2/jakarta/xml/bind/jakarta.xml.bind-api/4.0.2/jakarta.xml.bind-api-4.0.2.pom (13 kB at 353 kB/s)
#13 45.68 [INFO] Downloading from central: https://repo.maven.apache.org/maven2/jakarta/xml/bind/jakarta.xml.bind-api-parent/4.0.2/jakarta.xml.bind-api-parent-4.0.2.pom
#13 45.73 [INFO] Downloaded from central: https://repo.maven.apache.org/maven2/jakarta/xml/bind/jakarta.xml.bind-api-parent/4.0.2/jakarta.xml.bind-api-parent-4.0.2.pom (9.1 kB at 187 kB/s)
#13 45.73 [INFO] Downloading from central: https://repo.maven.apache.org/maven2/jakarta/activation/jakarta.activation-api/2.1.3/jakarta.activation-api-2.1.3.pom
#13 45.77 [INFO] Downloaded from central: https://repo.maven.apache.org/maven2/jakarta/activation/jakarta.activation-api/2.1.3/jakarta.activation-api-2.1.3.pom (19 kB at 487 kB/s)
#13 45.77 [INFO] Downloading from central: https://repo.maven.apache.org/maven2/jakarta/validation/jakarta.validation-api/3.0.2/jakarta.validation-api-3.0.2.pom
#13 45.81 [INFO] Downloaded from central: https://repo.maven.apache.org/maven2/jakarta/validation/jakarta.validation-api/3.0.2/jakarta.validation-api-3.0.2.pom (11 kB at 305 kB/s)
#13 45.81 [INFO] Downloading from central: https://repo.maven.apache.org/maven2/com/fasterxml/jackson/dataformat/jackson-dataformat-yaml/2.17.1/jackson-dataformat-yaml-2.17.1.pom
#13 45.85 [INFO] Downloaded from central: https://repo.maven.apache.org/maven2/com/fasterxml/jackson/dataformat/jackson-dataformat-yaml/2.17.1/jackson-dataformat-yaml-2.17.1.pom (2.6 kB at 71 kB/s)
#13 45.85 [INFO] Downloading from central: https://repo.maven.apache.org/maven2/com/fasterxml/jackson/dataformat/jackson-dataformats-text/2.17.1/jackson-dataformats-text-2.17.1.pom
#13 45.89 [INFO] Downloaded from central: https://repo.maven.apache.org/maven2/com/fasterxml/jackson/dataformat/jackson-dataformats-text/2.17.1/jackson-dataformats-text-2.17.1.pom (3.5 kB at 97 kB/s)
#13 45.89 [INFO] Downloading from central: https://repo.maven.apache.org/maven2/com/fasterxml/jackson/datatype/jackson-datatype-jsr310/2.17.1/jackson-datatype-jsr310-2.17.1.pom
#13 45.92 [INFO] Downloaded from central: https://repo.maven.apache.org/maven2/com/fasterxml/jackson/datatype/jackson-datatype-jsr310/2.17.1/jackson-datatype-jsr310-2.17.1.pom (4.9 kB at 144 kB/s)
#13 45.93 [INFO] Downloading from central: https://repo.maven.apache.org/maven2/com/fasterxml/jackson/module/jackson-modules-java8/2.17.1/jackson-modules-java8-2.17.1.pom
#13 45.96 [INFO] Downloaded from central: https://repo.maven.apache.org/maven2/com/fasterxml/jackson/module/jackson-modules-java8/2.17.1/jackson-modules-java8-2.17.1.pom (3.1 kB at 84 kB/s)
#13 45.97 [INFO] Downloading from central: https://repo.maven.apache.org/maven2/org/springframework/spring-webmvc/6.1.8/spring-webmvc-6.1.8.pom
#13 46.00 [INFO] Downloaded from central: https://repo.maven.apache.org/maven2/org/springframework/spring-webmvc/6.1.8/spring-webmvc-6.1.8.pom (2.9 kB at 80 kB/s)
#13 46.01 [INFO] Downloading from central: https://repo.maven.apache.org/maven2/org/springframework/spring-web/6.1.8/spring-web-6.1.8.pom
#13 46.05 [INFO] Downloaded from central: https://repo.maven.apache.org/maven2/org/springframework/spring-web/6.1.8/spring-web-6.1.8.pom (2.4 kB at 60 kB/s)
#13 46.05 [INFO] Downloading from central: https://repo.maven.apache.org/maven2/org/webjars/swagger-ui/5.17.14/swagger-ui-5.17.14.pom
#13 46.08 [INFO] Downloaded from central: https://repo.maven.apache.org/maven2/org/webjars/swagger-ui/5.17.14/swagger-ui-5.17.14.pom (1.5 kB at 46 kB/s)
#13 46.08 [INFO] Downloading from central: https://repo.maven.apache.org/maven2/org/springframework/boot/spring-boot-starter-actuator/3.3.0/spring-boot-starter-actuator-3.3.0.pom
#13 46.12 [INFO] Downloaded from central: https://repo.maven.apache.org/maven2/org/springframework/boot/spring-boot-starter-actuator/3.3.0/spring-boot-starter-actuator-3.3.0.pom (2.8 kB at 73 kB/s)
#13 46.12 [INFO] Downloading from central: https://repo.maven.apache.org/maven2/org/springframework/boot/spring-boot-starter/3.3.0/spring-boot-starter-3.3.0.pom
#13 46.16 [INFO] Downloaded from central: https://repo.maven.apache.org/maven2/org/springframework/boot/spring-boot-starter/3.3.0/spring-boot-starter-3.3.0.pom (3.0 kB at 87 kB/s)
#13 46.16 [INFO] Downloading from central: https://repo.maven.apache.org/maven2/org/springframework/boot/spring-boot-starter-logging/3.3.0/spring-boot-starter-logging-3.3.0.pom
#13 46.21 [INFO] Downloaded from central: https://repo.maven.apache.org/maven2/org/springframework/boot/spring-boot-starter-logging/3.3.0/spring-boot-starter-logging-3.3.0.pom (2.5 kB at 56 kB/s)
#13 46.21 [INFO] Downloading from central: https://repo.maven.apache.org/maven2/ch/qos/logback/logback-classic/1.5.6/logback-classic-1.5.6.pom
#13 46.26 [INFO] Downloaded from central: https://repo.maven.apache.org/maven2/ch/qos/logback/logback-classic/1.5.6/logback-classic-1.5.6.pom (13 kB at 278 kB/s)
#13 46.26 [INFO] Downloading from central: https://repo.maven.apache.org/maven2/ch/qos/logback/logback-parent/1.5.6/logback-parent-1.5.6.pom
#13 46.31 [INFO] Downloaded from central: https://repo.maven.apache.org/maven2/ch/qos/logback/logback-parent/1.5.6/logback-parent-1.5.6.pom (19 kB at 457 kB/s)
#13 46.31 [INFO] Downloading from central: https://repo.maven.apache.org/maven2/ch/qos/logback/logback-core/1.5.6/logback-core-1.5.6.pom
#13 46.34 [INFO] Downloaded from central: https://repo.maven.apache.org/maven2/ch/qos/logback/logback-core/1.5.6/logback-core-1.5.6.pom (7.5 kB at 214 kB/s)
#13 46.35 [INFO] Downloading from central: https://repo.maven.apache.org/maven2/org/apache/logging/log4j/log4j-to-slf4j/2.23.1/log4j-to-slf4j-2.23.1.pom
#13 46.38 [INFO] Downloaded from central: https://repo.maven.apache.org/maven2/org/apache/logging/log4j/log4j-to-slf4j/2.23.1/log4j-to-slf4j-2.23.1.pom (4.4 kB at 123 kB/s)
#13 46.38 [INFO] Downloading from central: https://repo.maven.apache.org/maven2/org/apache/logging/log4j/log4j/2.23.1/log4j-2.23.1.pom
#13 46.42 [INFO] Downloaded from central: https://repo.maven.apache.org/maven2/org/apache/logging/log4j/log4j/2.23.1/log4j-2.23.1.pom (37 kB at 920 kB/s)
#13 46.43 [INFO] Downloading from central: https://repo.maven.apache.org/maven2/org/codehaus/groovy/groovy-bom/3.0.21/groovy-bom-3.0.21.pom
#13 46.46 [INFO] Downloaded from central: https://repo.maven.apache.org/maven2/org/codehaus/groovy/groovy-bom/3.0.21/groovy-bom-3.0.21.pom (26 kB at 696 kB/s)
#13 46.47 [INFO] Downloading from central: https://repo.maven.apache.org/maven2/com/fasterxml/jackson/jackson-bom/2.16.1/jackson-bom-2.16.1.pom
#13 46.54 [INFO] Downloaded from central: https://repo.maven.apache.org/maven2/com/fasterxml/jackson/jackson-bom/2.16.1/jackson-bom-2.16.1.pom (18 kB at 246 kB/s)
#13 46.54 [INFO] Downloading from central: https://repo.maven.apache.org/maven2/jakarta/platform/jakarta.jakartaee-bom/9.1.0/jakarta.jakartaee-bom-9.1.0.pom
#13 46.58 [INFO] Downloaded from central: https://repo.maven.apache.org/maven2/jakarta/platform/jakarta.jakartaee-bom/9.1.0/jakarta.jakartaee-bom-9.1.0.pom (9.6 kB at 265 kB/s)
#13 46.58 [INFO] Downloading from central: https://repo.maven.apache.org/maven2/jakarta/platform/jakartaee-api-parent/9.1.0/jakartaee-api-parent-9.1.0.pom
#13 46.62 [INFO] Downloaded from central: https://repo.maven.apache.org/maven2/jakarta/platform/jakartaee-api-parent/9.1.0/jakartaee-api-parent-9.1.0.pom (15 kB at 401 kB/s)
#13 46.62 [INFO] Downloading from central: https://repo.maven.apache.org/maven2/org/eclipse/ee4j/project/1.0.7/project-1.0.7.pom
#13 46.65 [INFO] Downloaded from central: https://repo.maven.apache.org/maven2/org/eclipse/ee4j/project/1.0.7/project-1.0.7.pom (14 kB at 405 kB/s)
#13 46.65 [INFO] Downloading from central: https://repo.maven.apache.org/maven2/org/eclipse/jetty/jetty-bom/9.4.54.v20240208/jetty-bom-9.4.54.v20240208.pom
#13 46.70 [INFO] Downloaded from central: https://repo.maven.apache.org/maven2/org/eclipse/jetty/jetty-bom/9.4.54.v20240208/jetty-bom-9.4.54.v20240208.pom (18 kB at 401 kB/s)
#13 46.70 [INFO] Downloading from central: https://repo.maven.apache.org/maven2/io/fabric8/kubernetes-client-bom/5.12.4/kubernetes-client-bom-5.12.4.pom
#13 46.74 [INFO] Downloaded from central: https://repo.maven.apache.org/maven2/io/fabric8/kubernetes-client-bom/5.12.4/kubernetes-client-bom-5.12.4.pom (26 kB at 712 kB/s)
#13 46.74 [INFO] Downloading from central: https://repo.maven.apache.org/maven2/org/mockito/mockito-bom/4.11.0/mockito-bom-4.11.0.pom
#13 46.77 [INFO] Downloaded from central: https://repo.maven.apache.org/maven2/org/mockito/mockito-bom/4.11.0/mockito-bom-4.11.0.pom (3.2 kB at 95 kB/s)
#13 46.77 [INFO] Downloading from central: https://repo.maven.apache.org/maven2/io/netty/netty-bom/4.1.107.Final/netty-bom-4.1.107.Final.pom
#13 46.81 [INFO] Downloaded from central: https://repo.maven.apache.org/maven2/io/netty/netty-bom/4.1.107.Final/netty-bom-4.1.107.Final.pom (14 kB at 416 kB/s)
#13 46.81 [INFO] Downloading from central: https://repo.maven.apache.org/maven2/org/springframework/spring-framework-bom/5.3.32/spring-framework-bom-5.3.32.pom
#13 46.85 [INFO] Downloaded from central: https://repo.maven.apache.org/maven2/org/springframework/spring-framework-bom/5.3.32/spring-framework-bom-5.3.32.pom (5.7 kB at 145 kB/s)
#13 46.85 [INFO] Downloading from central: https://repo.maven.apache.org/maven2/org/apache/logging/log4j/log4j-api/2.23.1/log4j-api-2.23.1.pom
#13 46.89 [INFO] Downloaded from central: https://repo.maven.apache.org/maven2/org/apache/logging/log4j/log4j-api/2.23.1/log4j-api-2.23.1.pom (3.8 kB at 96 kB/s)
#13 46.89 [INFO] Downloading from central: https://repo.maven.apache.org/maven2/org/slf4j/jul-to-slf4j/2.0.13/jul-to-slf4j-2.0.13.pom
#13 46.93 [INFO] Downloaded from central: https://repo.maven.apache.org/maven2/org/slf4j/jul-to-slf4j/2.0.13/jul-to-slf4j-2.0.13.pom (1.1 kB at 30 kB/s)
#13 46.93 [INFO] Downloading from central: https://repo.maven.apache.org/maven2/jakarta/annotation/jakarta.annotation-api/2.1.1/jakarta.annotation-api-2.1.1.pom
#13 46.98 [INFO] Downloaded from central: https://repo.maven.apache.org/maven2/jakarta/annotation/jakarta.annotation-api/2.1.1/jakarta.annotation-api-2.1.1.pom (16 kB at 359 kB/s)
#13 46.98 [INFO] Downloading from central: https://repo.maven.apache.org/maven2/org/springframework/boot/spring-boot-actuator-autoconfigure/3.3.0/spring-boot-actuator-autoconfigure-3.3.0.pom
#13 47.01 [INFO] Downloaded from central: https://repo.maven.apache.org/maven2/org/springframework/boot/spring-boot-actuator-autoconfigure/3.3.0/spring-boot-actuator-autoconfigure-3.3.0.pom (2.9 kB at 85 kB/s)
#13 47.01 [INFO] Downloading from central: https://repo.maven.apache.org/maven2/org/springframework/boot/spring-boot-actuator/3.3.0/spring-boot-actuator-3.3.0.pom
#13 47.06 [INFO] Downloaded from central: https://repo.maven.apache.org/maven2/org/springframework/boot/spring-boot-actuator/3.3.0/spring-boot-actuator-3.3.0.pom (2.0 kB at 44 kB/s)
#13 47.06 [INFO] Downloading from central: https://repo.maven.apache.org/maven2/io/micrometer/micrometer-jakarta9/1.13.0/micrometer-jakarta9-1.13.0.pom
#13 47.10 [INFO] Downloaded from central: https://repo.maven.apache.org/maven2/io/micrometer/micrometer-jakarta9/1.13.0/micrometer-jakarta9-1.13.0.pom (3.8 kB at 102 kB/s)
#13 47.10 [INFO] Downloading from central: https://repo.maven.apache.org/maven2/io/micrometer/micrometer-core/1.13.0/micrometer-core-1.13.0.pom
#13 47.14 [INFO] Downloaded from central: https://repo.maven.apache.org/maven2/io/micrometer/micrometer-core/1.13.0/micrometer-core-1.13.0.pom (11 kB at 266 kB/s)
#13 47.14 [INFO] Downloading from central: https://repo.maven.apache.org/maven2/org/hdrhistogram/HdrHistogram/2.2.1/HdrHistogram-2.2.1.pom
#13 47.18 [INFO] Downloaded from central: https://repo.maven.apache.org/maven2/org/hdrhistogram/HdrHistogram/2.2.1/HdrHistogram-2.2.1.pom (14 kB at 394 kB/s)
#13 47.18 [INFO] Downloading from central: https://repo.maven.apache.org/maven2/org/latencyutils/LatencyUtils/2.0.3/LatencyUtils-2.0.3.pom
#13 47.22 [INFO] Downloaded from central: https://repo.maven.apache.org/maven2/org/latencyutils/LatencyUtils/2.0.3/LatencyUtils-2.0.3.pom (7.2 kB at 201 kB/s)
#13 47.22 [INFO] Downloading from central: https://repo.maven.apache.org/maven2/org/springdoc/springdoc-openapi-starter-webmvc-ui/2.6.0/springdoc-openapi-starter-webmvc-ui-2.6.0.jar
#13 47.26 [INFO] Downloaded from central: https://repo.maven.apache.org/maven2/org/springdoc/springdoc-openapi-starter-webmvc-ui/2.6.0/springdoc-openapi-starter-webmvc-ui-2.6.0.jar (23 kB at 610 kB/s)
#13 47.26 [INFO] Downloading from central: https://repo.maven.apache.org/maven2/org/springdoc/springdoc-openapi-starter-webmvc-api/2.6.0/springdoc-openapi-starter-webmvc-api-2.6.0.jar
#13 47.26 [INFO] Downloading from central: https://repo.maven.apache.org/maven2/org/springdoc/springdoc-openapi-starter-common/2.6.0/springdoc-openapi-starter-common-2.6.0.jar
#13 47.26 [INFO] Downloading from central: https://repo.maven.apache.org/maven2/org/springframework/boot/spring-boot-autoconfigure/3.3.0/spring-boot-autoconfigure-3.3.0.jar
#13 47.26 [INFO] Downloading from central: https://repo.maven.apache.org/maven2/io/swagger/core/v3/swagger-core-jakarta/2.2.22/swagger-core-jakarta-2.2.22.jar
#13 47.26 [INFO] Downloading from central: https://repo.maven.apache.org/maven2/org/slf4j/slf4j-api/2.0.13/slf4j-api-2.0.13.jar
#13 47.32 [INFO] Downloaded from central: https://repo.maven.apache.org/maven2/org/springdoc/springdoc-openapi-starter-webmvc-api/2.6.0/springdoc-openapi-starter-webmvc-api-2.6.0.jar (43 kB at 746 kB/s)
#13 47.32 [INFO] Downloading from central: https://repo.maven.apache.org/maven2/io/swagger/core/v3/swagger-annotations-jakarta/2.2.22/swagger-annotations-jakarta-2.2.22.jar
#13 47.36 [INFO] Downloaded from central: https://repo.maven.apache.org/maven2/org/slf4j/slf4j-api/2.0.13/slf4j-api-2.0.13.jar (69 kB at 715 kB/s)
#13 47.36 [INFO] Downloading from central: https://repo.maven.apache.org/maven2/io/swagger/core/v3/swagger-models-jakarta/2.2.22/swagger-models-jakarta-2.2.22.jar
#13 47.38 [INFO] Downloaded from central: https://repo.maven.apache.org/maven2/io/swagger/core/v3/swagger-core-jakarta/2.2.22/swagger-core-jakarta-2.2.22.jar (230 kB at 2.0 MB/s)
#13 47.38 [INFO] Downloading from central: https://repo.maven.apache.org/maven2/jakarta/xml/bind/jakarta.xml.bind-api/4.0.2/jakarta.xml.bind-api-4.0.2.jar
#13 47.38 [INFO] Downloaded from central: https://repo.maven.apache.org/maven2/org/springframework/boot/spring-boot-autoconfigure/3.3.0/spring-boot-autoconfigure-3.3.0.jar (2.0 MB at 17 MB/s)
#13 47.38 [INFO] Downloading from central: https://repo.maven.apache.org/maven2/jakarta/activation/jakarta.activation-api/2.1.3/jakarta.activation-api-2.1.3.jar
#13 47.39 [INFO] Downloaded from central: https://repo.maven.apache.org/maven2/org/springdoc/springdoc-openapi-starter-common/2.6.0/springdoc-openapi-starter-common-2.6.0.jar (496 kB at 4.0 MB/s)
#13 47.39 [INFO] Downloading from central: https://repo.maven.apache.org/maven2/jakarta/validation/jakarta.validation-api/3.0.2/jakarta.validation-api-3.0.2.jar
#13 47.39 [INFO] Downloaded from central: https://repo.maven.apache.org/maven2/io/swagger/core/v3/swagger-annotations-jakarta/2.2.22/swagger-annotations-jakarta-2.2.22.jar (48 kB at 380 kB/s)
#13 47.39 [INFO] Downloading from central: https://repo.maven.apache.org/maven2/com/fasterxml/jackson/dataformat/jackson-dataformat-yaml/2.17.1/jackson-dataformat-yaml-2.17.1.jar
#13 47.42 [INFO] Downloaded from central: https://repo.maven.apache.org/maven2/jakarta/xml/bind/jakarta.xml.bind-api/4.0.2/jakarta.xml.bind-api-4.0.2.jar (131 kB at 851 kB/s)
#13 47.42 [INFO] Downloading from central: https://repo.maven.apache.org/maven2/org/springframework/spring-webmvc/6.1.8/spring-webmvc-6.1.8.jar
#13 47.42 [INFO] Downloaded from central: https://repo.maven.apache.org/maven2/io/swagger/core/v3/swagger-models-jakarta/2.2.22/swagger-models-jakarta-2.2.22.jar (136 kB at 847 kB/s)
#13 47.42 [INFO] Downloading from central: https://repo.maven.apache.org/maven2/org/springframework/spring-aop/6.1.8/spring-aop-6.1.8.jar
#13 47.43 [INFO] Downloaded from central: https://repo.maven.apache.org/maven2/jakarta/validation/jakarta.validation-api/3.0.2/jakarta.validation-api-3.0.2.jar (93 kB at 555 kB/s)
#13 47.43 [INFO] Downloading from central: https://repo.maven.apache.org/maven2/org/springframework/spring-beans/6.1.8/spring-beans-6.1.8.jar
#13 47.44 [INFO] Downloaded from central: https://repo.maven.apache.org/maven2/jakarta/activation/jakarta.activation-api/2.1.3/jakarta.activation-api-2.1.3.jar (67 kB at 387 kB/s)
#13 47.44 [INFO] Downloading from central: https://repo.maven.apache.org/maven2/org/springframework/spring-context/6.1.8/spring-context-6.1.8.jar
#13 47.45 [INFO] Downloaded from central: https://repo.maven.apache.org/maven2/com/fasterxml/jackson/dataformat/jackson-dataformat-yaml/2.17.1/jackson-dataformat-yaml-2.17.1.jar (55 kB at 306 kB/s)
#13 47.45 [INFO] Downloading from central: https://repo.maven.apache.org/maven2/org/springframework/spring-core/6.1.8/spring-core-6.1.8.jar
#13 47.50 [INFO] Downloaded from central: https://repo.maven.apache.org/maven2/org/springframework/spring-webmvc/6.1.8/spring-webmvc-6.1.8.jar (1.0 MB at 4.5 MB/s)
#13 47.50 [INFO] Downloading from central: https://repo.maven.apache.org/maven2/org/springframework/spring-jcl/6.1.8/spring-jcl-6.1.8.jar
#13 47.50 [INFO] Downloaded from central: https://repo.maven.apache.org/maven2/org/springframework/spring-aop/6.1.8/spring-aop-6.1.8.jar (416 kB at 1.8 MB/s)
#13 47.50 [INFO] Downloading from central: https://repo.maven.apache.org/maven2/org/springframework/spring-expression/6.1.8/spring-expression-6.1.8.jar
#13 47.55 [INFO] Downloaded from central: https://repo.maven.apache.org/maven2/org/springframework/spring-context/6.1.8/spring-context-6.1.8.jar (1.3 MB at 4.5 MB/s)
#13 47.55 [INFO] Downloading from central: https://repo.maven.apache.org/maven2/org/springframework/spring-web/6.1.8/spring-web-6.1.8.jar
#13 47.58 [INFO] Downloaded from central: https://repo.maven.apache.org/maven2/org/springframework/spring-jcl/6.1.8/spring-jcl-6.1.8.jar (25 kB at 77 kB/s)
#13 47.58 [INFO] Downloading from central: https://repo.maven.apache.org/maven2/org/webjars/swagger-ui/5.17.14/swagger-ui-5.17.14.jar
#13 47.59 [INFO] Downloaded from central: https://repo.maven.apache.org/maven2/org/springframework/spring-core/6.1.8/spring-core-6.1.8.jar (1.9 MB at 5.8 MB/s)
#13 47.59 [INFO] Downloading from central: https://repo.maven.apache.org/maven2/org/springframework/boot/spring-boot-starter-actuator/3.3.0/spring-boot-starter-actuator-3.3.0.jar
#13 47.59 [INFO] Downloaded from central: https://repo.maven.apache.org/maven2/org/springframework/spring-expression/6.1.8/spring-expression-6.1.8.jar (303 kB at 927 kB/s)
#13 47.59 [INFO] Downloading from central: https://repo.maven.apache.org/maven2/org/springframework/boot/spring-boot-starter/3.3.0/spring-boot-starter-3.3.0.jar
#13 47.61 [INFO] Downloaded from central: https://repo.maven.apache.org/maven2/org/springframework/spring-beans/6.1.8/spring-beans-6.1.8.jar (861 kB at 2.5 MB/s)
#13 47.61 [INFO] Downloading from central: https://repo.maven.apache.org/maven2/org/springframework/boot/spring-boot/3.3.0/spring-boot-3.3.0.jar
#13 47.64 [INFO] Downloaded from central: https://repo.maven.apache.org/maven2/org/springframework/boot/spring-boot-starter-actuator/3.3.0/spring-boot-starter-actuator-3.3.0.jar (4.8 kB at 13 kB/s)
#13 47.64 [INFO] Downloaded from central: https://repo.maven.apache.org/maven2/org/springframework/boot/spring-boot-starter/3.3.0/spring-boot-starter-3.3.0.jar (4.8 kB at 13 kB/s)
#13 47.64 [INFO] Downloading from central: https://repo.maven.apache.org/maven2/org/springframework/boot/spring-boot-starter-logging/3.3.0/spring-boot-starter-logging-3.3.0.jar
#13 47.64 [INFO] Downloading from central: https://repo.maven.apache.org/maven2/ch/qos/logback/logback-classic/1.5.6/logback-classic-1.5.6.jar
#13 47.66 [INFO] Downloaded from central: https://repo.maven.apache.org/maven2/org/springframework/spring-web/6.1.8/spring-web-6.1.8.jar (1.9 MB at 4.8 MB/s)
#13 47.66 [INFO] Downloading from central: https://repo.maven.apache.org/maven2/ch/qos/logback/logback-core/1.5.6/logback-core-1.5.6.jar
#13 47.74 [INFO] Downloaded from central: https://repo.maven.apache.org/maven2/org/springframework/boot/spring-boot-starter-logging/3.3.0/spring-boot-starter-logging-3.3.0.jar (4.8 kB at 10 kB/s)
#13 47.74 [INFO] Downloading from central: https://repo.maven.apache.org/maven2/org/apache/logging/log4j/log4j-to-slf4j/2.23.1/log4j-to-slf4j-2.23.1.jar
#13 47.77 [INFO] Downloaded from central: https://repo.maven.apache.org/maven2/ch/qos/logback/logback-classic/1.5.6/logback-classic-1.5.6.jar (294 kB at 580 kB/s)
#13 47.77 [INFO] Downloading from central: https://repo.maven.apache.org/maven2/org/apache/logging/log4j/log4j-api/2.23.1/log4j-api-2.23.1.jar
#13 47.78 [INFO] Downloaded from central: https://repo.maven.apache.org/maven2/ch/qos/logback/logback-core/1.5.6/logback-core-1.5.6.jar (610 kB at 1.2 MB/s)
#13 47.78 [INFO] Downloading from central: https://repo.maven.apache.org/maven2/org/slf4j/jul-to-slf4j/2.0.13/jul-to-slf4j-2.0.13.jar
#13 47.79 [INFO] Downloaded from central: https://repo.maven.apache.org/maven2/org/apache/logging/log4j/log4j-to-slf4j/2.23.1/log4j-to-slf4j-2.23.1.jar (23 kB at 43 kB/s)
#13 47.79 [INFO] Downloading from central: https://repo.maven.apache.org/maven2/jakarta/annotation/jakarta.annotation-api/2.1.1/jakarta.annotation-api-2.1.1.jar
#13 47.80 [INFO] Downloaded from central: https://repo.maven.apache.org/maven2/org/springframework/boot/spring-boot/3.3.0/spring-boot-3.3.0.jar (1.6 MB at 3.0 MB/s)
#13 47.80 [INFO] Downloading from central: https://repo.maven.apache.org/maven2/org/springframework/boot/spring-boot-actuator-autoconfigure/3.3.0/spring-boot-actuator-autoconfigure-3.3.0.jar
#13 47.83 [INFO] Downloaded from central: https://repo.maven.apache.org/maven2/org/webjars/swagger-ui/5.17.14/swagger-ui-5.17.14.jar (3.1 MB at 5.6 MB/s)
#13 47.83 [INFO] Downloading from central: https://repo.maven.apache.org/maven2/org/springframework/boot/spring-boot-actuator/3.3.0/spring-boot-actuator-3.3.0.jar
#13 47.83 [INFO] Downloaded from central: https://repo.maven.apache.org/maven2/org/apache/logging/log4j/log4j-api/2.23.1/log4j-api-2.23.1.jar (343 kB at 602 kB/s)
#13 47.83 [INFO] Downloading from central: https://repo.maven.apache.org/maven2/com/fasterxml/jackson/datatype/jackson-datatype-jsr310/2.17.1/jackson-datatype-jsr310-2.17.1.jar
#13 47.84 [INFO] Downloaded from central: https://repo.maven.apache.org/maven2/org/slf4j/jul-to-slf4j/2.0.13/jul-to-slf4j-2.0.13.jar (6.3 kB at 11 kB/s)
#13 47.84 [INFO] Downloading from central: https://repo.maven.apache.org/maven2/io/micrometer/micrometer-observation/1.13.0/micrometer-observation-1.13.0.jar
#13 47.84 [INFO] Downloaded from central: https://repo.maven.apache.org/maven2/jakarta/annotation/jakarta.annotation-api/2.1.1/jakarta.annotation-api-2.1.1.jar (26 kB at 45 kB/s)
#13 47.84 [INFO] Downloading from central: https://repo.maven.apache.org/maven2/io/micrometer/micrometer-commons/1.13.0/micrometer-commons-1.13.0.jar
#13 47.88 [INFO] Downloaded from central: https://repo.maven.apache.org/maven2/com/fasterxml/jackson/datatype/jackson-datatype-jsr310/2.17.1/jackson-datatype-jsr310-2.17.1.jar (132 kB at 214 kB/s)
#13 47.88 [INFO] Downloaded from central: https://repo.maven.apache.org/maven2/org/springframework/boot/spring-boot-actuator-autoconfigure/3.3.0/spring-boot-actuator-autoconfigure-3.3.0.jar (777 kB at 1.3 MB/s)
#13 47.88 [INFO] Downloading from central: https://repo.maven.apache.org/maven2/io/micrometer/micrometer-jakarta9/1.13.0/micrometer-jakarta9-1.13.0.jar
#13 47.88 [INFO] Downloading from central: https://repo.maven.apache.org/maven2/io/micrometer/micrometer-core/1.13.0/micrometer-core-1.13.0.jar
#13 47.89 [INFO] Downloaded from central: https://repo.maven.apache.org/maven2/io/micrometer/micrometer-commons/1.13.0/micrometer-commons-1.13.0.jar (48 kB at 76 kB/s)
#13 47.89 [INFO] Downloading from central: https://repo.maven.apache.org/maven2/org/hdrhistogram/HdrHistogram/2.2.1/HdrHistogram-2.2.1.jar
#13 47.90 [INFO] Downloaded from central: https://repo.maven.apache.org/maven2/io/micrometer/micrometer-observation/1.13.0/micrometer-observation-1.13.0.jar (72 kB at 113 kB/s)
#13 47.90 [INFO] Downloading from central: https://repo.maven.apache.org/maven2/org/latencyutils/LatencyUtils/2.0.3/LatencyUtils-2.0.3.jar
#13 47.90 [INFO] Downloaded from central: https://repo.maven.apache.org/maven2/org/springframework/boot/spring-boot-actuator/3.3.0/spring-boot-actuator-3.3.0.jar (675 kB at 1.1 MB/s)
#13 47.92 [INFO] Downloaded from central: https://repo.maven.apache.org/maven2/io/micrometer/micrometer-jakarta9/1.13.0/micrometer-jakarta9-1.13.0.jar (32 kB at 49 kB/s)
#13 47.95 [INFO] Downloaded from central: https://repo.maven.apache.org/maven2/org/hdrhistogram/HdrHistogram/2.2.1/HdrHistogram-2.2.1.jar (176 kB at 257 kB/s)
#13 47.95 [INFO] Downloaded from central: https://repo.maven.apache.org/maven2/org/latencyutils/LatencyUtils/2.0.3/LatencyUtils-2.0.3.jar (30 kB at 43 kB/s)
#13 47.96 [INFO] Downloaded from central: https://repo.maven.apache.org/maven2/io/micrometer/micrometer-core/1.13.0/micrometer-core-1.13.0.jar (862 kB at 1.2 MB/s)
#13 47.97 [INFO] Downloading from central: https://repo.maven.apache.org/maven2/org/springframework/boot/spring-boot-starter-web/3.5.5/spring-boot-starter-web-3.5.5.pom
#13 48.01 [INFO] Downloaded from central: https://repo.maven.apache.org/maven2/org/springframework/boot/spring-boot-starter-web/3.5.5/spring-boot-starter-web-3.5.5.pom (2.9 kB at 79 kB/s)
#13 48.01 [INFO] Downloading from central: https://repo.maven.apache.org/maven2/org/springframework/boot/spring-boot-starter/3.5.5/spring-boot-starter-3.5.5.pom
#13 48.05 [INFO] Downloaded from central: https://repo.maven.apache.org/maven2/org/springframework/boot/spring-boot-starter/3.5.5/spring-boot-starter-3.5.5.pom (3.0 kB at 84 kB/s)
#13 48.05 [INFO] Downloading from central: https://repo.maven.apache.org/maven2/org/springframework/boot/spring-boot/3.5.5/spring-boot-3.5.5.pom
#13 48.08 [INFO] Downloaded from central: https://repo.maven.apache.org/maven2/org/springframework/boot/spring-boot/3.5.5/spring-boot-3.5.5.pom (2.2 kB at 59 kB/s)
#13 48.09 [INFO] Downloading from central: https://repo.maven.apache.org/maven2/org/springframework/boot/spring-boot-autoconfigure/3.5.5/spring-boot-autoconfigure-3.5.5.pom
#13 48.14 [INFO] Downloaded from central: https://repo.maven.apache.org/maven2/org/springframework/boot/spring-boot-autoconfigure/3.5.5/spring-boot-autoconfigure-3.5.5.pom (2.1 kB at 43 kB/s)
#13 48.14 [INFO] Downloading from central: https://repo.maven.apache.org/maven2/org/springframework/boot/spring-boot-starter-logging/3.5.5/spring-boot-starter-logging-3.5.5.pom
#13 48.19 [INFO] Downloaded from central: https://repo.maven.apache.org/maven2/org/springframework/boot/spring-boot-starter-logging/3.5.5/spring-boot-starter-logging-3.5.5.pom (2.5 kB at 47 kB/s)
#13 48.20 [INFO] Downloading from central: https://repo.maven.apache.org/maven2/ch/qos/logback/logback-classic/1.5.18/logback-classic-1.5.18.pom
#13 48.23 [INFO] Downloaded from central: https://repo.maven.apache.org/maven2/ch/qos/logback/logback-classic/1.5.18/logback-classic-1.5.18.pom (13 kB at 355 kB/s)
#13 48.24 [INFO] Downloading from central: https://repo.maven.apache.org/maven2/ch/qos/logback/logback-parent/1.5.18/logback-parent-1.5.18.pom
#13 55.12 [INFO] Downloaded from central: https://repo.maven.apache.org/maven2/ch/qos/logback/logback-parent/1.5.18/logback-parent-1.5.18.pom (19 kB at 2.7 kB/s)
#13 55.13 [INFO] Downloading from central: https://repo.maven.apache.org/maven2/ch/qos/logback/logback-core/1.5.18/logback-core-1.5.18.pom
#13 55.16 [INFO] Downloaded from central: https://repo.maven.apache.org/maven2/ch/qos/logback/logback-core/1.5.18/logback-core-1.5.18.pom (9.1 kB at 233 kB/s)
#13 55.17 [INFO] Downloading from central: https://repo.maven.apache.org/maven2/org/slf4j/slf4j-api/2.0.17/slf4j-api-2.0.17.pom
#13 55.20 [INFO] Downloaded from central: https://repo.maven.apache.org/maven2/org/slf4j/slf4j-api/2.0.17/slf4j-api-2.0.17.pom (2.8 kB at 81 kB/s)
#13 55.20 [INFO] Downloading from central: https://repo.maven.apache.org/maven2/org/slf4j/slf4j-parent/2.0.17/slf4j-parent-2.0.17.pom
#13 47.88 [INFO] Downloaded from central: https://repo.maven.apache.org/maven2/org/slf4j/slf4j-parent/2.0.17/slf4j-parent-2.0.17.pom (13 kB)
#13 47.89 [INFO] Downloading from central: https://repo.maven.apache.org/maven2/org/slf4j/slf4j-bom/2.0.17/slf4j-bom-2.0.17.pom
#13 47.94 [INFO] Downloaded from central: https://repo.maven.apache.org/maven2/org/slf4j/slf4j-bom/2.0.17/slf4j-bom-2.0.17.pom (7.3 kB at 146 kB/s)
#13 47.94 [INFO] Downloading from central: https://repo.maven.apache.org/maven2/org/apache/logging/log4j/log4j-to-slf4j/2.24.3/log4j-to-slf4j-2.24.3.pom
#13 47.98 [INFO] Downloaded from central: https://repo.maven.apache.org/maven2/org/apache/logging/log4j/log4j-to-slf4j/2.24.3/log4j-to-slf4j-2.24.3.pom (5.0 kB at 126 kB/s)
#13 47.98 [INFO] Downloading from central: https://repo.maven.apache.org/maven2/org/apache/logging/log4j/log4j/2.24.3/log4j-2.24.3.pom
#13 48.02 [INFO] Downloaded from central: https://repo.maven.apache.org/maven2/org/apache/logging/log4j/log4j/2.24.3/log4j-2.24.3.pom (35 kB at 947 kB/s)
#13 48.02 [INFO] Downloading from central: https://repo.maven.apache.org/maven2/org/apache/groovy/groovy-bom/4.0.22/groovy-bom-4.0.22.pom
#13 48.06 [INFO] Downloaded from central: https://repo.maven.apache.org/maven2/org/apache/groovy/groovy-bom/4.0.22/groovy-bom-4.0.22.pom (27 kB at 682 kB/s)
#13 48.06 [INFO] Downloading from central: https://repo.maven.apache.org/maven2/com/fasterxml/jackson/jackson-bom/2.17.2/jackson-bom-2.17.2.pom
#13 48.10 [INFO] Downloaded from central: https://repo.maven.apache.org/maven2/com/fasterxml/jackson/jackson-bom/2.17.2/jackson-bom-2.17.2.pom (19 kB at 534 kB/s)
#13 48.10 [INFO] Downloading from central: https://repo.maven.apache.org/maven2/org/springframework/spring-framework-bom/5.3.39/spring-framework-bom-5.3.39.pom
#13 48.14 [INFO] Downloaded from central: https://repo.maven.apache.org/maven2/org/springframework/spring-framework-bom/5.3.39/spring-framework-bom-5.3.39.pom (5.7 kB at 171 kB/s)
#13 48.14 [INFO] Downloading from central: https://repo.maven.apache.org/maven2/org/apache/logging/log4j/log4j-api/2.24.3/log4j-api-2.24.3.pom
#13 48.18 [INFO] Downloaded from central: https://repo.maven.apache.org/maven2/org/apache/logging/log4j/log4j-api/2.24.3/log4j-api-2.24.3.pom (4.4 kB at 119 kB/s)
#13 48.18 [INFO] Downloading from central: https://repo.maven.apache.org/maven2/org/slf4j/slf4j-api/2.0.16/slf4j-api-2.0.16.pom
#13 48.21 [INFO] Downloaded from central: https://repo.maven.apache.org/maven2/org/slf4j/slf4j-api/2.0.16/slf4j-api-2.0.16.pom (2.8 kB at 78 kB/s)
#13 48.22 [INFO] Downloading from central: https://repo.maven.apache.org/maven2/org/slf4j/slf4j-parent/2.0.16/slf4j-parent-2.0.16.pom
#13 48.25 [INFO] Downloaded from central: https://repo.maven.apache.org/maven2/org/slf4j/slf4j-parent/2.0.16/slf4j-parent-2.0.16.pom (13 kB at 405 kB/s)
#13 48.25 [INFO] Downloading from central: https://repo.maven.apache.org/maven2/org/slf4j/slf4j-bom/2.0.16/slf4j-bom-2.0.16.pom
#13 48.29 [INFO] Downloaded from central: https://repo.maven.apache.org/maven2/org/slf4j/slf4j-bom/2.0.16/slf4j-bom-2.0.16.pom (7.3 kB at 209 kB/s)
#13 48.29 [INFO] Downloading from central: https://repo.maven.apache.org/maven2/org/slf4j/jul-to-slf4j/2.0.17/jul-to-slf4j-2.0.17.pom
#13 48.33 [INFO] Downloaded from central: https://repo.maven.apache.org/maven2/org/slf4j/jul-to-slf4j/2.0.17/jul-to-slf4j-2.0.17.pom (1.1 kB at 27 kB/s)
#13 48.33 [INFO] Downloading from central: https://repo.maven.apache.org/maven2/org/yaml/snakeyaml/2.4/snakeyaml-2.4.pom
#13 48.37 [INFO] Downloaded from central: https://repo.maven.apache.org/maven2/org/yaml/snakeyaml/2.4/snakeyaml-2.4.pom (22 kB at 599 kB/s)
#13 48.37 [INFO] Downloading from central: https://repo.maven.apache.org/maven2/org/springframework/boot/spring-boot-starter-json/3.5.5/spring-boot-starter-json-3.5.5.pom
#13 48.41 [INFO] Downloaded from central: https://repo.maven.apache.org/maven2/org/springframework/boot/spring-boot-starter-json/3.5.5/spring-boot-starter-json-3.5.5.pom (3.1 kB at 88 kB/s)
#13 48.41 [INFO] Downloading from central: https://repo.maven.apache.org/maven2/org/springframework/spring-web/6.2.10/spring-web-6.2.10.pom
#13 48.45 [INFO] Downloaded from central: https://repo.maven.apache.org/maven2/org/springframework/spring-web/6.2.10/spring-web-6.2.10.pom (2.4 kB at 63 kB/s)
#13 48.45 [INFO] Downloading from central: https://repo.maven.apache.org/maven2/com/fasterxml/jackson/datatype/jackson-datatype-jdk8/2.19.2/jackson-datatype-jdk8-2.19.2.pom
#13 48.50 [INFO] Downloaded from central: https://repo.maven.apache.org/maven2/com/fasterxml/jackson/datatype/jackson-datatype-jdk8/2.19.2/jackson-datatype-jdk8-2.19.2.pom (2.8 kB at 57 kB/s)
#13 48.50 [INFO] Downloading from central: https://repo.maven.apache.org/maven2/com/fasterxml/jackson/datatype/jackson-datatype-jsr310/2.19.2/jackson-datatype-jsr310-2.19.2.pom
#13 48.53 [INFO] Downloaded from central: https://repo.maven.apache.org/maven2/com/fasterxml/jackson/datatype/jackson-datatype-jsr310/2.19.2/jackson-datatype-jsr310-2.19.2.pom (5.4 kB at 163 kB/s)
#13 48.53 [INFO] Downloading from central: https://repo.maven.apache.org/maven2/org/springframework/boot/spring-boot-starter-tomcat/3.5.5/spring-boot-starter-tomcat-3.5.5.pom
#13 48.58 [INFO] Downloaded from central: https://repo.maven.apache.org/maven2/org/springframework/boot/spring-boot-starter-tomcat/3.5.5/spring-boot-starter-tomcat-3.5.5.pom (3.1 kB at 71 kB/s)
#13 48.58 [INFO] Downloading from central: https://repo.maven.apache.org/maven2/org/apache/tomcat/embed/tomcat-embed-core/10.1.44/tomcat-embed-core-10.1.44.pom
#13 48.61 [INFO] Downloaded from central: https://repo.maven.apache.org/maven2/org/apache/tomcat/embed/tomcat-embed-core/10.1.44/tomcat-embed-core-10.1.44.pom (1.7 kB at 51 kB/s)
#13 48.62 [INFO] Downloading from central: https://repo.maven.apache.org/maven2/org/apache/tomcat/embed/tomcat-embed-el/10.1.44/tomcat-embed-el-10.1.44.pom
#13 48.66 [INFO] Downloaded from central: https://repo.maven.apache.org/maven2/org/apache/tomcat/embed/tomcat-embed-el/10.1.44/tomcat-embed-el-10.1.44.pom (1.5 kB at 34 kB/s)
#13 48.66 [INFO] Downloading from central: https://repo.maven.apache.org/maven2/org/apache/tomcat/embed/tomcat-embed-websocket/10.1.44/tomcat-embed-websocket-10.1.44.pom
#13 48.70 [INFO] Downloaded from central: https://repo.maven.apache.org/maven2/org/apache/tomcat/embed/tomcat-embed-websocket/10.1.44/tomcat-embed-websocket-10.1.44.pom (1.7 kB at 43 kB/s)
#13 48.70 [INFO] Downloading from central: https://repo.maven.apache.org/maven2/org/springframework/spring-webmvc/6.2.10/spring-webmvc-6.2.10.pom
#13 48.74 [INFO] Downloaded from central: https://repo.maven.apache.org/maven2/org/springframework/spring-webmvc/6.2.10/spring-webmvc-6.2.10.pom (3.0 kB at 74 kB/s)
#13 48.75 [INFO] Downloading from central: https://repo.maven.apache.org/maven2/org/springframework/boot/spring-boot-starter-web/3.5.5/spring-boot-starter-web-3.5.5.jar
#13 48.79 [INFO] Downloaded from central: https://repo.maven.apache.org/maven2/org/springframework/boot/spring-boot-starter-web/3.5.5/spring-boot-starter-web-3.5.5.jar (4.8 kB at 120 kB/s)
#13 48.79 [INFO] Downloading from central: https://repo.maven.apache.org/maven2/org/springframework/boot/spring-boot-starter/3.5.5/spring-boot-starter-3.5.5.jar
#13 48.79 [INFO] Downloading from central: https://repo.maven.apache.org/maven2/org/springframework/boot/spring-boot/3.5.5/spring-boot-3.5.5.jar
#13 48.79 [INFO] Downloading from central: https://repo.maven.apache.org/maven2/org/springframework/boot/spring-boot-autoconfigure/3.5.5/spring-boot-autoconfigure-3.5.5.jar
#13 48.79 [INFO] Downloading from central: https://repo.maven.apache.org/maven2/org/springframework/boot/spring-boot-starter-logging/3.5.5/spring-boot-starter-logging-3.5.5.jar
#13 48.79 [INFO] Downloading from central: https://repo.maven.apache.org/maven2/ch/qos/logback/logback-classic/1.5.18/logback-classic-1.5.18.jar
#13 48.83 [INFO] Downloaded from central: https://repo.maven.apache.org/maven2/org/springframework/boot/spring-boot-starter/3.5.5/spring-boot-starter-3.5.5.jar (4.8 kB at 125 kB/s)
#13 48.83 [INFO] Downloading from central: https://repo.maven.apache.org/maven2/ch/qos/logback/logback-core/1.5.18/logback-core-1.5.18.jar
#13 48.83 [INFO] Downloaded from central: https://repo.maven.apache.org/maven2/org/springframework/boot/spring-boot-starter-logging/3.5.5/spring-boot-starter-logging-3.5.5.jar (4.8 kB at 122 kB/s)
#13 48.83 [INFO] Downloading from central: https://repo.maven.apache.org/maven2/org/slf4j/slf4j-api/2.0.17/slf4j-api-2.0.17.jar
#13 48.91 [INFO] Downloaded from central: https://repo.maven.apache.org/maven2/ch/qos/logback/logback-classic/1.5.18/logback-classic-1.5.18.jar (307 kB at 2.7 MB/s)
#13 48.91 [INFO] Downloading from central: https://repo.maven.apache.org/maven2/org/apache/logging/log4j/log4j-to-slf4j/2.24.3/log4j-to-slf4j-2.24.3.jar
#13 48.96 [INFO] Downloaded from central: https://repo.maven.apache.org/maven2/org/apache/logging/log4j/log4j-to-slf4j/2.24.3/log4j-to-slf4j-2.24.3.jar (24 kB at 138 kB/s)
#13 48.96 [INFO] Downloaded from central: https://repo.maven.apache.org/maven2/org/slf4j/slf4j-api/2.0.17/slf4j-api-2.0.17.jar (70 kB at 404 kB/s)
#13 48.96 [INFO] Downloading from central: https://repo.maven.apache.org/maven2/org/apache/logging/log4j/log4j-api/2.24.3/log4j-api-2.24.3.jar
#13 48.96 [INFO] Downloading from central: https://repo.maven.apache.org/maven2/org/slf4j/jul-to-slf4j/2.0.17/jul-to-slf4j-2.0.17.jar
#13 48.97 [INFO] Downloaded from central: https://repo.maven.apache.org/maven2/org/springframework/boot/spring-boot-autoconfigure/3.5.5/spring-boot-autoconfigure-3.5.5.jar (2.1 MB at 12 MB/s)
#13 48.97 [INFO] Downloading from central: https://repo.maven.apache.org/maven2/org/yaml/snakeyaml/2.4/snakeyaml-2.4.jar
#13 48.98 [INFO] Downloaded from central: https://repo.maven.apache.org/maven2/org/springframework/boot/spring-boot/3.5.5/spring-boot-3.5.5.jar (1.9 MB at 10 MB/s)
#13 48.98 [INFO] Downloading from central: https://repo.maven.apache.org/maven2/org/springframework/boot/spring-boot-starter-json/3.5.5/spring-boot-starter-json-3.5.5.jar
#13 48.98 [INFO] Downloaded from central: https://repo.maven.apache.org/maven2/ch/qos/logback/logback-core/1.5.18/logback-core-1.5.18.jar (627 kB at 3.3 MB/s)
#13 48.98 [INFO] Downloading from central: https://repo.maven.apache.org/maven2/com/fasterxml/jackson/datatype/jackson-datatype-jdk8/2.19.2/jackson-datatype-jdk8-2.19.2.jar
#13 49.00 [INFO] Downloaded from central: https://repo.maven.apache.org/maven2/org/slf4j/jul-to-slf4j/2.0.17/jul-to-slf4j-2.0.17.jar (6.3 kB at 31 kB/s)
#13 49.00 [INFO] Downloading from central: https://repo.maven.apache.org/maven2/com/fasterxml/jackson/datatype/jackson-datatype-jsr310/2.19.2/jackson-datatype-jsr310-2.19.2.jar
#13 49.01 [INFO] Downloaded from central: https://repo.maven.apache.org/maven2/org/springframework/boot/spring-boot-starter-json/3.5.5/spring-boot-starter-json-3.5.5.jar (4.7 kB at 21 kB/s)
#13 49.01 [INFO] Downloading from central: https://repo.maven.apache.org/maven2/org/springframework/boot/spring-boot-starter-tomcat/3.5.5/spring-boot-starter-tomcat-3.5.5.jar
#13 49.03 [INFO] Downloaded from central: https://repo.maven.apache.org/maven2/org/yaml/snakeyaml/2.4/snakeyaml-2.4.jar (340 kB at 1.4 MB/s)
#13 49.03 [INFO] Downloading from central: https://repo.maven.apache.org/maven2/org/apache/tomcat/embed/tomcat-embed-core/10.1.44/tomcat-embed-core-10.1.44.jar
#13 49.03 [INFO] Downloaded from central: https://repo.maven.apache.org/maven2/com/fasterxml/jackson/datatype/jackson-datatype-jdk8/2.19.2/jackson-datatype-jdk8-2.19.2.jar (36 kB at 152 kB/s)
#13 49.03 [INFO] Downloading from central: https://repo.maven.apache.org/maven2/org/apache/tomcat/embed/tomcat-embed-el/10.1.44/tomcat-embed-el-10.1.44.jar
#13 49.04 [INFO] Downloaded from central: https://repo.maven.apache.org/maven2/org/apache/logging/log4j/log4j-api/2.24.3/log4j-api-2.24.3.jar (349 kB at 1.4 MB/s)
#13 49.04 [INFO] Downloading from central: https://repo.maven.apache.org/maven2/org/apache/tomcat/embed/tomcat-embed-websocket/10.1.44/tomcat-embed-websocket-10.1.44.jar
#13 49.05 [INFO] Downloaded from central: https://repo.maven.apache.org/maven2/org/springframework/boot/spring-boot-starter-tomcat/3.5.5/spring-boot-starter-tomcat-3.5.5.jar (4.8 kB at 18 kB/s)
#13 49.05 [INFO] Downloading from central: https://repo.maven.apache.org/maven2/org/springframework/spring-web/6.2.10/spring-web-6.2.10.jar
#13 49.06 [INFO] Downloaded from central: https://repo.maven.apache.org/maven2/com/fasterxml/jackson/datatype/jackson-datatype-jsr310/2.19.2/jackson-datatype-jsr310-2.19.2.jar (137 kB at 502 kB/s)
#13 49.06 [INFO] Downloading from central: https://repo.maven.apache.org/maven2/org/springframework/spring-webmvc/6.2.10/spring-webmvc-6.2.10.jar
#13 49.14 [INFO] Downloaded from central: https://repo.maven.apache.org/maven2/org/apache/tomcat/embed/tomcat-embed-el/10.1.44/tomcat-embed-el-10.1.44.jar (264 kB at 753 kB/s)
#13 49.26 [INFO] Downloaded from central: https://repo.maven.apache.org/maven2/org/apache/tomcat/embed/tomcat-embed-core/10.1.44/tomcat-embed-core-10.1.44.jar (3.6 MB at 7.7 MB/s)
#13 49.27 [INFO] Downloaded from central: https://repo.maven.apache.org/maven2/org/apache/tomcat/embed/tomcat-embed-websocket/10.1.44/tomcat-embed-websocket-10.1.44.jar (284 kB at 592 kB/s)
#13 49.29 [INFO] Downloaded from central: https://repo.maven.apache.org/maven2/org/springframework/spring-webmvc/6.2.10/spring-webmvc-6.2.10.jar (1.1 MB at 2.2 MB/s)
#13 49.30 [INFO] Downloaded from central: https://repo.maven.apache.org/maven2/org/springframework/spring-web/6.2.10/spring-web-6.2.10.jar (2.1 MB at 4.1 MB/s)
#13 49.31 [INFO] Downloading from central: https://repo.maven.apache.org/maven2/org/springframework/boot/spring-boot-starter-validation/3.5.5/spring-boot-starter-validation-3.5.5.pom
#13 49.35 [INFO] Downloaded from central: https://repo.maven.apache.org/maven2/org/springframework/boot/spring-boot-starter-validation/3.5.5/spring-boot-starter-validation-3.5.5.pom (2.5 kB at 64 kB/s)
#13 49.35 [INFO] Downloading from central: https://repo.maven.apache.org/maven2/org/hibernate/validator/hibernate-validator/8.0.3.Final/hibernate-validator-8.0.3.Final.pom
#13 49.39 [INFO] Downloaded from central: https://repo.maven.apache.org/maven2/org/hibernate/validator/hibernate-validator/8.0.3.Final/hibernate-validator-8.0.3.Final.pom (5.3 kB at 148 kB/s)
#13 49.39 [INFO] Downloading from central: https://repo.maven.apache.org/maven2/org/jboss/logging/jboss-logging/3.4.3.Final/jboss-logging-3.4.3.Final.pom
#13 49.44 [INFO] Downloaded from central: https://repo.maven.apache.org/maven2/org/jboss/logging/jboss-logging/3.4.3.Final/jboss-logging-3.4.3.Final.pom (15 kB at 340 kB/s)
#13 49.44 [INFO] Downloading from central: https://repo.maven.apache.org/maven2/org/jboss/jboss-parent/39/jboss-parent-39.pom
#13 49.49 [INFO] Downloaded from central: https://repo.maven.apache.org/maven2/org/jboss/jboss-parent/39/jboss-parent-39.pom (68 kB at 1.4 MB/s)
#13 49.49 [INFO] Downloading from central: https://repo.maven.apache.org/maven2/com/fasterxml/classmate/1.5.1/classmate-1.5.1.pom
#13 49.54 [INFO] Downloaded from central: https://repo.maven.apache.org/maven2/com/fasterxml/classmate/1.5.1/classmate-1.5.1.pom (7.3 kB at 161 kB/s)
#13 49.54 [INFO] Downloading from central: https://repo.maven.apache.org/maven2/com/fasterxml/oss-parent/35/oss-parent-35.pom
#13 49.58 [INFO] Downloaded from central: https://repo.maven.apache.org/maven2/com/fasterxml/oss-parent/35/oss-parent-35.pom (23 kB at 616 kB/s)
#13 49.58 [INFO] Downloading from central: https://repo.maven.apache.org/maven2/org/springframework/boot/spring-boot-starter-validation/3.5.5/spring-boot-starter-validation-3.5.5.jar
#13 49.63 [INFO] Downloaded from central: https://repo.maven.apache.org/maven2/org/springframework/boot/spring-boot-starter-validation/3.5.5/spring-boot-starter-validation-3.5.5.jar (4.8 kB at 108 kB/s)
#13 49.63 [INFO] Downloading from central: https://repo.maven.apache.org/maven2/org/hibernate/validator/hibernate-validator/8.0.3.Final/hibernate-validator-8.0.3.Final.jar
#13 49.63 [INFO] Downloading from central: https://repo.maven.apache.org/maven2/org/jboss/logging/jboss-logging/3.4.3.Final/jboss-logging-3.4.3.Final.jar
#13 49.63 [INFO] Downloading from central: https://repo.maven.apache.org/maven2/com/fasterxml/classmate/1.5.1/classmate-1.5.1.jar
#13 49.68 [INFO] Downloaded from central: https://repo.maven.apache.org/maven2/org/jboss/logging/jboss-logging/3.4.3.Final/jboss-logging-3.4.3.Final.jar (61 kB at 1.2 MB/s)
#13 49.70 [INFO] Downloaded from central: https://repo.maven.apache.org/maven2/com/fasterxml/classmate/1.5.1/classmate-1.5.1.jar (68 kB at 869 kB/s)
#13 49.72 [INFO] Downloaded from central: https://repo.maven.apache.org/maven2/org/hibernate/validator/hibernate-validator/8.0.3.Final/hibernate-validator-8.0.3.Final.jar (1.3 MB at 14 MB/s)
#13 49.73 [INFO] Downloading from central: https://repo.maven.apache.org/maven2/com/github/tomakehurst/wiremock-jre8-standalone/2.35.0/wiremock-jre8-standalone-2.35.0.pom
#13 49.76 [INFO] Downloaded from central: https://repo.maven.apache.org/maven2/com/github/tomakehurst/wiremock-jre8-standalone/2.35.0/wiremock-jre8-standalone-2.35.0.pom (1.2 kB at 33 kB/s)
#13 49.76 [INFO] Downloading from central: https://repo.maven.apache.org/maven2/com/github/tomakehurst/wiremock-jre8-standalone/2.35.0/wiremock-jre8-standalone-2.35.0.jar
#13 50.09 [INFO] Downloaded from central: https://repo.maven.apache.org/maven2/com/github/tomakehurst/wiremock-jre8-standalone/2.35.0/wiremock-jre8-standalone-2.35.0.jar (16 MB at 49 MB/s)
#13 50.09 [INFO] Downloading from central: https://repo.maven.apache.org/maven2/org/springframework/boot/spring-boot-starter-test/3.5.5/spring-boot-starter-test-3.5.5.pom
#13 50.13 [INFO] Downloaded from central: https://repo.maven.apache.org/maven2/org/springframework/boot/spring-boot-starter-test/3.5.5/spring-boot-starter-test-3.5.5.pom (4.9 kB at 125 kB/s)
#13 50.13 [INFO] Downloading from central: https://repo.maven.apache.org/maven2/org/springframework/boot/spring-boot-test/3.5.5/spring-boot-test-3.5.5.pom
#13 50.18 [INFO] Downloaded from central: https://repo.maven.apache.org/maven2/org/springframework/boot/spring-boot-test/3.5.5/spring-boot-test-3.5.5.pom (2.2 kB at 49 kB/s)
#13 50.18 [INFO] Downloading from central: https://repo.maven.apache.org/maven2/org/springframework/spring-test/6.2.10/spring-test-6.2.10.pom
#13 50.23 [INFO] Downloaded from central: https://repo.maven.apache.org/maven2/org/springframework/spring-test/6.2.10/spring-test-6.2.10.pom (2.1 kB at 42 kB/s)
#13 50.23 [INFO] Downloading from central: https://repo.maven.apache.org/maven2/org/springframework/boot/spring-boot-test-autoconfigure/3.5.5/spring-boot-test-autoconfigure-3.5.5.pom
#13 50.27 [INFO] Downloaded from central: https://repo.maven.apache.org/maven2/org/springframework/boot/spring-boot-test-autoconfigure/3.5.5/spring-boot-test-autoconfigure-3.5.5.pom (2.5 kB at 63 kB/s)
#13 50.27 [INFO] Downloading from central: https://repo.maven.apache.org/maven2/com/jayway/jsonpath/json-path/2.9.0/json-path-2.9.0.pom
#13 50.31 [INFO] Downloaded from central: https://repo.maven.apache.org/maven2/com/jayway/jsonpath/json-path/2.9.0/json-path-2.9.0.pom (1.9 kB at 43 kB/s)
#13 50.32 [INFO] Downloading from central: https://repo.maven.apache.org/maven2/net/minidev/json-smart/2.5.0/json-smart-2.5.0.pom
#13 50.35 [INFO] Downloaded from central: https://repo.maven.apache.org/maven2/net/minidev/json-smart/2.5.0/json-smart-2.5.0.pom (9.2 kB at 262 kB/s)
#13 50.35 [INFO] Downloading from central: https://repo.maven.apache.org/maven2/net/minidev/accessors-smart/2.5.0/accessors-smart-2.5.0.pom
#13 50.40 [INFO] Downloaded from central: https://repo.maven.apache.org/maven2/net/minidev/accessors-smart/2.5.0/accessors-smart-2.5.0.pom (11 kB at 222 kB/s)
#13 50.40 [INFO] Downloading from central: https://repo.maven.apache.org/maven2/org/ow2/asm/asm/9.3/asm-9.3.pom
#13 50.44 [INFO] Downloaded from central: https://repo.maven.apache.org/maven2/org/ow2/asm/asm/9.3/asm-9.3.pom (2.4 kB at 66 kB/s)
#13 50.44 [INFO] Downloading from central: https://repo.maven.apache.org/maven2/org/ow2/ow2/1.5/ow2-1.5.pom
#13 50.48 [INFO] Downloaded from central: https://repo.maven.apache.org/maven2/org/ow2/ow2/1.5/ow2-1.5.pom (11 kB at 321 kB/s)
#13 50.48 [INFO] Downloading from central: https://repo.maven.apache.org/maven2/org/slf4j/slf4j-api/2.0.11/slf4j-api-2.0.11.pom
#13 50.51 [INFO] Downloaded from central: https://repo.maven.apache.org/maven2/org/slf4j/slf4j-api/2.0.11/slf4j-api-2.0.11.pom (2.8 kB at 81 kB/s)
#13 50.52 [INFO] Downloading from central: https://repo.maven.apache.org/maven2/org/slf4j/slf4j-parent/2.0.11/slf4j-parent-2.0.11.pom
#13 50.57 [INFO] Downloaded from central: https://repo.maven.apache.org/maven2/org/slf4j/slf4j-parent/2.0.11/slf4j-parent-2.0.11.pom (15 kB at 291 kB/s)
#13 50.57 [INFO] Downloading from central: https://repo.maven.apache.org/maven2/org/slf4j/slf4j-bom/2.0.11/slf4j-bom-2.0.11.pom
#13 50.61 [INFO] Downloaded from central: https://repo.maven.apache.org/maven2/org/slf4j/slf4j-bom/2.0.11/slf4j-bom-2.0.11.pom (7.3 kB at 183 kB/s)
#13 50.61 [INFO] Downloading from central: https://repo.maven.apache.org/maven2/net/minidev/json-smart/2.5.2/json-smart-2.5.2.pom
#13 50.65 [INFO] Downloaded from central: https://repo.maven.apache.org/maven2/net/minidev/json-smart/2.5.2/json-smart-2.5.2.pom (10 kB at 309 kB/s)
#13 50.65 [INFO] Downloading from central: https://repo.maven.apache.org/maven2/net/minidev/accessors-smart/2.5.2/accessors-smart-2.5.2.pom
#13 50.68 [INFO] Downloaded from central: https://repo.maven.apache.org/maven2/net/minidev/accessors-smart/2.5.2/accessors-smart-2.5.2.pom (12 kB at 339 kB/s)
#13 50.69 [INFO] Downloading from central: https://repo.maven.apache.org/maven2/org/assertj/assertj-core/3.27.4/assertj-core-3.27.4.pom
#13 50.73 [INFO] Downloaded from central: https://repo.maven.apache.org/maven2/org/assertj/assertj-core/3.27.4/assertj-core-3.27.4.pom (3.8 kB at 98 kB/s)
#13 50.73 [INFO] Downloading from central: https://repo.maven.apache.org/maven2/net/bytebuddy/byte-buddy/1.15.11/byte-buddy-1.15.11.pom
#13 50.77 [INFO] Downloaded from central: https://repo.maven.apache.org/maven2/net/bytebuddy/byte-buddy/1.15.11/byte-buddy-1.15.11.pom (17 kB at 456 kB/s)
#13 50.77 [INFO] Downloading from central: https://repo.maven.apache.org/maven2/net/bytebuddy/byte-buddy-parent/1.15.11/byte-buddy-parent-1.15.11.pom
#13 50.80 [INFO] Downloaded from central: https://repo.maven.apache.org/maven2/net/bytebuddy/byte-buddy-parent/1.15.11/byte-buddy-parent-1.15.11.pom (63 kB at 1.7 MB/s)
#13 50.81 [INFO] Downloading from central: https://repo.maven.apache.org/maven2/org/awaitility/awaitility/4.2.2/awaitility-4.2.2.pom
#13 50.84 [INFO] Downloaded from central: https://repo.maven.apache.org/maven2/org/awaitility/awaitility/4.2.2/awaitility-4.2.2.pom (3.5 kB at 96 kB/s)
#13 50.85 [INFO] Downloading from central: https://repo.maven.apache.org/maven2/org/awaitility/awaitility-parent/4.2.2/awaitility-parent-4.2.2.pom
#13 50.88 [INFO] Downloaded from central: https://repo.maven.apache.org/maven2/org/awaitility/awaitility-parent/4.2.2/awaitility-parent-4.2.2.pom (11 kB at 293 kB/s)
#13 50.89 [INFO] Downloading from central: https://repo.maven.apache.org/maven2/org/hamcrest/hamcrest/2.1/hamcrest-2.1.pom
#13 50.94 [INFO] Downloaded from central: https://repo.maven.apache.org/maven2/org/hamcrest/hamcrest/2.1/hamcrest-2.1.pom (1.1 kB at 23 kB/s)
#13 50.94 [INFO] Downloading from central: https://repo.maven.apache.org/maven2/org/hamcrest/hamcrest/3.0/hamcrest-3.0.pom
#13 50.97 [INFO] Downloaded from central: https://repo.maven.apache.org/maven2/org/hamcrest/hamcrest/3.0/hamcrest-3.0.pom (1.6 kB at 44 kB/s)
#13 50.98 [INFO] Downloading from central: https://repo.maven.apache.org/maven2/org/junit/jupiter/junit-jupiter/5.12.2/junit-jupiter-5.12.2.pom
#13 51.01 [INFO] Downloaded from central: https://repo.maven.apache.org/maven2/org/junit/jupiter/junit-jupiter/5.12.2/junit-jupiter-5.12.2.pom (3.2 kB at 94 kB/s)
#13 51.01 [INFO] Downloading from central: https://repo.maven.apache.org/maven2/org/junit/jupiter/junit-jupiter-params/5.12.2/junit-jupiter-params-5.12.2.pom
#13 51.05 [INFO] Downloaded from central: https://repo.maven.apache.org/maven2/org/junit/jupiter/junit-jupiter-params/5.12.2/junit-jupiter-params-5.12.2.pom (3.0 kB at 73 kB/s)
#13 51.06 [INFO] Downloading from central: https://repo.maven.apache.org/maven2/org/mockito/mockito-core/5.17.0/mockito-core-5.17.0.pom
#13 51.09 [INFO] Downloaded from central: https://repo.maven.apache.org/maven2/org/mockito/mockito-core/5.17.0/mockito-core-5.17.0.pom (2.5 kB at 75 kB/s)
#13 51.09 [INFO] Downloading from central: https://repo.maven.apache.org/maven2/net/bytebuddy/byte-buddy-agent/1.15.11/byte-buddy-agent-1.15.11.pom
#13 51.13 [INFO] Downloaded from central: https://repo.maven.apache.org/maven2/net/bytebuddy/byte-buddy-agent/1.15.11/byte-buddy-agent-1.15.11.pom (12 kB at 285 kB/s)
#13 51.13 [INFO] Downloading from central: https://repo.maven.apache.org/maven2/org/objenesis/objenesis/3.3/objenesis-3.3.pom
#13 51.17 [INFO] Downloaded from central: https://repo.maven.apache.org/maven2/org/objenesis/objenesis/3.3/objenesis-3.3.pom (3.0 kB at 88 kB/s)
#13 51.17 [INFO] Downloading from central: https://repo.maven.apache.org/maven2/org/objenesis/objenesis-parent/3.3/objenesis-parent-3.3.pom
#13 51.21 [INFO] Downloaded from central: https://repo.maven.apache.org/maven2/org/objenesis/objenesis-parent/3.3/objenesis-parent-3.3.pom (19 kB at 518 kB/s)
#13 51.21 [INFO] Downloading from central: https://repo.maven.apache.org/maven2/org/mockito/mockito-junit-jupiter/5.17.0/mockito-junit-jupiter-5.17.0.pom
#13 51.26 [INFO] Downloaded from central: https://repo.maven.apache.org/maven2/org/mockito/mockito-junit-jupiter/5.17.0/mockito-junit-jupiter-5.17.0.pom (2.3 kB at 44 kB/s)
#13 51.26 [INFO] Downloading from central: https://repo.maven.apache.org/maven2/org/junit/jupiter/junit-jupiter-api/5.11.4/junit-jupiter-api-5.11.4.pom
#13 51.30 [INFO] Downloaded from central: https://repo.maven.apache.org/maven2/org/junit/jupiter/junit-jupiter-api/5.11.4/junit-jupiter-api-5.11.4.pom (3.2 kB at 94 kB/s)
#13 51.30 [INFO] Downloading from central: https://repo.maven.apache.org/maven2/org/junit/platform/junit-platform-commons/1.11.4/junit-platform-commons-1.11.4.pom
#13 51.34 [INFO] Downloaded from central: https://repo.maven.apache.org/maven2/org/junit/platform/junit-platform-commons/1.11.4/junit-platform-commons-1.11.4.pom (2.8 kB at 79 kB/s)
#13 51.34 [INFO] Downloading from central: https://repo.maven.apache.org/maven2/org/skyscreamer/jsonassert/1.5.3/jsonassert-1.5.3.pom
#13 51.37 [INFO] Downloaded from central: https://repo.maven.apache.org/maven2/org/skyscreamer/jsonassert/1.5.3/jsonassert-1.5.3.pom (7.0 kB at 212 kB/s)
#13 51.37 [INFO] Downloading from central: https://repo.maven.apache.org/maven2/com/vaadin/external/google/android-json/0.0.20131108.vaadin1/android-json-0.0.20131108.vaadin1.pom
#13 51.40 [INFO] Downloaded from central: https://repo.maven.apache.org/maven2/com/vaadin/external/google/android-json/0.0.20131108.vaadin1/android-json-0.0.20131108.vaadin1.pom (2.8 kB at 90 kB/s)
#13 51.40 [INFO] Downloading from central: https://repo.maven.apache.org/maven2/org/xmlunit/xmlunit-core/2.10.3/xmlunit-core-2.10.3.pom
#13 51.45 [INFO] Downloaded from central: https://repo.maven.apache.org/maven2/org/xmlunit/xmlunit-core/2.10.3/xmlunit-core-2.10.3.pom (2.8 kB at 62 kB/s)
#13 51.45 [INFO] Downloading from central: https://repo.maven.apache.org/maven2/org/xmlunit/xmlunit-parent/2.10.3/xmlunit-parent-2.10.3.pom
#13 51.48 [INFO] Downloaded from central: https://repo.maven.apache.org/maven2/org/xmlunit/xmlunit-parent/2.10.3/xmlunit-parent-2.10.3.pom (23 kB at 663 kB/s)
#13 51.49 [INFO] Downloading from central: https://repo.maven.apache.org/maven2/org/springframework/boot/spring-boot-starter-test/3.5.5/spring-boot-starter-test-3.5.5.jar
#13 51.53 [INFO] Downloaded from central: https://repo.maven.apache.org/maven2/org/springframework/boot/spring-boot-starter-test/3.5.5/spring-boot-starter-test-3.5.5.jar (4.8 kB at 137 kB/s)
#13 51.53 [INFO] Downloading from central: https://repo.maven.apache.org/maven2/org/springframework/boot/spring-boot-test/3.5.5/spring-boot-test-3.5.5.jar
#13 51.53 [INFO] Downloading from central: https://repo.maven.apache.org/maven2/org/springframework/boot/spring-boot-test-autoconfigure/3.5.5/spring-boot-test-autoconfigure-3.5.5.jar
#13 51.53 [INFO] Downloading from central: https://repo.maven.apache.org/maven2/com/jayway/jsonpath/json-path/2.9.0/json-path-2.9.0.jar
#13 51.53 [INFO] Downloading from central: https://repo.maven.apache.org/maven2/org/slf4j/slf4j-api/2.0.11/slf4j-api-2.0.11.jar
#13 51.53 [INFO] Downloading from central: https://repo.maven.apache.org/maven2/net/minidev/json-smart/2.5.2/json-smart-2.5.2.jar
#13 51.58 [INFO] Downloaded from central: https://repo.maven.apache.org/maven2/org/slf4j/slf4j-api/2.0.11/slf4j-api-2.0.11.jar (68 kB at 1.4 MB/s)
#13 51.58 [INFO] Downloading from central: https://repo.maven.apache.org/maven2/net/minidev/accessors-smart/2.5.2/accessors-smart-2.5.2.jar
#13 51.58 [INFO] Downloaded from central: https://repo.maven.apache.org/maven2/org/springframework/boot/spring-boot-test/3.5.5/spring-boot-test-3.5.5.jar (257 kB at 4.8 MB/s)
#13 51.58 [INFO] Downloaded from central: https://repo.maven.apache.org/maven2/com/jayway/jsonpath/json-path/2.9.0/json-path-2.9.0.jar (277 kB at 5.3 MB/s)
#13 51.58 [INFO] Downloading from central: https://repo.maven.apache.org/maven2/org/assertj/assertj-core/3.27.4/assertj-core-3.27.4.jar
#13 51.58 [INFO] Downloading from central: https://repo.maven.apache.org/maven2/net/bytebuddy/byte-buddy/1.15.11/byte-buddy-1.15.11.jar
#13 51.58 [INFO] Downloaded from central: https://repo.maven.apache.org/maven2/net/minidev/json-smart/2.5.2/json-smart-2.5.2.jar (122 kB at 2.2 MB/s)
#13 51.58 [INFO] Downloading from central: https://repo.maven.apache.org/maven2/org/awaitility/awaitility/4.2.2/awaitility-4.2.2.jar
#13 51.59 [INFO] Downloaded from central: https://repo.maven.apache.org/maven2/org/springframework/boot/spring-boot-test-autoconfigure/3.5.5/spring-boot-test-autoconfigure-3.5.5.jar (229 kB at 3.5 MB/s)
#13 51.59 [INFO] Downloading from central: https://repo.maven.apache.org/maven2/org/hamcrest/hamcrest/3.0/hamcrest-3.0.jar
#13 51.63 [INFO] Downloaded from central: https://repo.maven.apache.org/maven2/net/minidev/accessors-smart/2.5.2/accessors-smart-2.5.2.jar (30 kB at 286 kB/s)
#13 51.63 [INFO] Downloading from central: https://repo.maven.apache.org/maven2/org/junit/jupiter/junit-jupiter/5.12.2/junit-jupiter-5.12.2.jar
#13 51.68 [INFO] Downloaded from central: https://repo.maven.apache.org/maven2/org/awaitility/awaitility/4.2.2/awaitility-4.2.2.jar (97 kB at 627 kB/s)
#13 51.68 [INFO] Downloading from central: https://repo.maven.apache.org/maven2/org/junit/jupiter/junit-jupiter-params/5.12.2/junit-jupiter-params-5.12.2.jar
#13 51.70 [INFO] Downloaded from central: https://repo.maven.apache.org/maven2/org/assertj/assertj-core/3.27.4/assertj-core-3.27.4.jar (1.4 MB at 8.3 MB/s)
#13 51.70 [INFO] Downloading from central: https://repo.maven.apache.org/maven2/org/mockito/mockito-core/5.17.0/mockito-core-5.17.0.jar
#13 51.71 [INFO] Downloaded from central: https://repo.maven.apache.org/maven2/org/junit/jupiter/junit-jupiter/5.12.2/junit-jupiter-5.12.2.jar (6.4 kB at 35 kB/s)
#13 51.71 [INFO] Downloading from central: https://repo.maven.apache.org/maven2/net/bytebuddy/byte-buddy-agent/1.15.11/byte-buddy-agent-1.15.11.jar
#13 51.71 [INFO] Downloaded from central: https://repo.maven.apache.org/maven2/org/hamcrest/hamcrest/3.0/hamcrest-3.0.jar (126 kB at 683 kB/s)
#13 51.71 [INFO] Downloading from central: https://repo.maven.apache.org/maven2/org/objenesis/objenesis/3.3/objenesis-3.3.jar
#13 51.80 [INFO] Downloaded from central: https://repo.maven.apache.org/maven2/org/junit/jupiter/junit-jupiter-params/5.12.2/junit-jupiter-params-5.12.2.jar (602 kB at 2.2 MB/s)
#13 51.80 [INFO] Downloading from central: https://repo.maven.apache.org/maven2/org/mockito/mockito-junit-jupiter/5.17.0/mockito-junit-jupiter-5.17.0.jar
#13 51.82 [INFO] Downloaded from central: https://repo.maven.apache.org/maven2/net/bytebuddy/byte-buddy-agent/1.15.11/byte-buddy-agent-1.15.11.jar (365 kB at 1.2 MB/s)
#13 51.82 [INFO] Downloading from central: https://repo.maven.apache.org/maven2/org/skyscreamer/jsonassert/1.5.3/jsonassert-1.5.3.jar
#13 51.84 [INFO] Downloaded from central: https://repo.maven.apache.org/maven2/org/objenesis/objenesis/3.3/objenesis-3.3.jar (49 kB at 156 kB/s)
#13 51.84 [INFO] Downloading from central: https://repo.maven.apache.org/maven2/com/vaadin/external/google/android-json/0.0.20131108.vaadin1/android-json-0.0.20131108.vaadin1.jar
#13 51.85 [INFO] Downloaded from central: https://repo.maven.apache.org/maven2/org/mockito/mockito-core/5.17.0/mockito-core-5.17.0.jar (709 kB at 2.2 MB/s)
#13 51.85 [INFO] Downloading from central: https://repo.maven.apache.org/maven2/org/springframework/spring-test/6.2.10/spring-test-6.2.10.jar
#13 51.89 [INFO] Downloaded from central: https://repo.maven.apache.org/maven2/org/mockito/mockito-junit-jupiter/5.17.0/mockito-junit-jupiter-5.17.0.jar (9.4 kB at 26 kB/s)
#13 51.89 [INFO] Downloading from central: https://repo.maven.apache.org/maven2/org/xmlunit/xmlunit-core/2.10.3/xmlunit-core-2.10.3.jar
#13 51.91 [INFO] Downloaded from central: https://repo.maven.apache.org/maven2/org/skyscreamer/jsonassert/1.5.3/jsonassert-1.5.3.jar (31 kB at 82 kB/s)
#13 51.96 [INFO] Downloaded from central: https://repo.maven.apache.org/maven2/org/xmlunit/xmlunit-core/2.10.3/xmlunit-core-2.10.3.jar (177 kB at 414 kB/s)
#13 51.99 [INFO] Downloaded from central: https://repo.maven.apache.org/maven2/org/springframework/spring-test/6.2.10/spring-test-6.2.10.jar (1.0 MB at 2.2 MB/s)
#13 52.00 [INFO] Downloaded from central: https://repo.maven.apache.org/maven2/com/vaadin/external/google/android-json/0.0.20131108.vaadin1/android-json-0.0.20131108.vaadin1.jar (18 kB at 38 kB/s)
#13 52.02 [INFO] Downloaded from central: https://repo.maven.apache.org/maven2/net/bytebuddy/byte-buddy/1.15.11/byte-buddy-1.15.11.jar (8.5 MB at 17 MB/s)
#13 52.03 [INFO] Downloading from central: https://repo.maven.apache.org/maven2/org/springframework/boot/spring-boot-devtools/3.5.5/spring-boot-devtools-3.5.5.pom
#13 52.06 [INFO] Downloaded from central: https://repo.maven.apache.org/maven2/org/springframework/boot/spring-boot-devtools/3.5.5/spring-boot-devtools-3.5.5.pom (2.3 kB at 66 kB/s)
#13 52.06 [INFO] Downloading from central: https://repo.maven.apache.org/maven2/org/springframework/boot/spring-boot-devtools/3.5.5/spring-boot-devtools-3.5.5.jar
#13 52.12 [INFO] Downloaded from central: https://repo.maven.apache.org/maven2/org/springframework/boot/spring-boot-devtools/3.5.5/spring-boot-devtools-3.5.5.jar (204 kB at 3.7 MB/s)
#13 52.12 [INFO] Downloading from central: https://repo.maven.apache.org/maven2/org/springframework/boot/spring-boot-starter-actuator/3.5.5/spring-boot-starter-actuator-3.5.5.pom
#13 52.17 [INFO] Downloaded from central: https://repo.maven.apache.org/maven2/org/springframework/boot/spring-boot-starter-actuator/3.5.5/spring-boot-starter-actuator-3.5.5.pom (2.8 kB at 56 kB/s)
#13 52.17 [INFO] Downloading from central: https://repo.maven.apache.org/maven2/org/springframework/boot/spring-boot-actuator-autoconfigure/3.5.5/spring-boot-actuator-autoconfigure-3.5.5.pom
#13 52.20 [INFO] Downloaded from central: https://repo.maven.apache.org/maven2/org/springframework/boot/spring-boot-actuator-autoconfigure/3.5.5/spring-boot-actuator-autoconfigure-3.5.5.pom (2.9 kB at 90 kB/s)
#13 52.21 [INFO] Downloading from central: https://repo.maven.apache.org/maven2/org/springframework/boot/spring-boot-actuator/3.5.5/spring-boot-actuator-3.5.5.pom
#13 52.25 [INFO] Downloaded from central: https://repo.maven.apache.org/maven2/org/springframework/boot/spring-boot-actuator/3.5.5/spring-boot-actuator-3.5.5.pom (2.0 kB at 50 kB/s)
#13 52.26 [INFO] Downloading from central: https://repo.maven.apache.org/maven2/io/micrometer/micrometer-observation/1.15.3/micrometer-observation-1.15.3.pom
#13 52.30 [INFO] Downloaded from central: https://repo.maven.apache.org/maven2/io/micrometer/micrometer-observation/1.15.3/micrometer-observation-1.15.3.pom (3.8 kB at 83 kB/s)
#13 52.31 [INFO] Downloading from central: https://repo.maven.apache.org/maven2/io/micrometer/micrometer-commons/1.15.3/micrometer-commons-1.15.3.pom
#13 52.34 [INFO] Downloaded from central: https://repo.maven.apache.org/maven2/io/micrometer/micrometer-commons/1.15.3/micrometer-commons-1.15.3.pom (3.4 kB at 100 kB/s)
#13 52.34 [INFO] Downloading from central: https://repo.maven.apache.org/maven2/io/micrometer/micrometer-jakarta9/1.15.3/micrometer-jakarta9-1.15.3.pom
#13 52.38 [INFO] Downloaded from central: https://repo.maven.apache.org/maven2/io/micrometer/micrometer-jakarta9/1.15.3/micrometer-jakarta9-1.15.3.pom (3.8 kB at 102 kB/s)
#13 52.38 [INFO] Downloading from central: https://repo.maven.apache.org/maven2/io/micrometer/micrometer-core/1.15.3/micrometer-core-1.15.3.pom
#13 52.41 [INFO] Downloaded from central: https://repo.maven.apache.org/maven2/io/micrometer/micrometer-core/1.15.3/micrometer-core-1.15.3.pom (11 kB at 322 kB/s)
#13 52.42 [INFO] Downloading from central: https://repo.maven.apache.org/maven2/org/hdrhistogram/HdrHistogram/2.2.2/HdrHistogram-2.2.2.pom
#13 52.46 [INFO] Downloaded from central: https://repo.maven.apache.org/maven2/org/hdrhistogram/HdrHistogram/2.2.2/HdrHistogram-2.2.2.pom (13 kB at 317 kB/s)
#13 52.46 [INFO] Downloading from central: https://repo.maven.apache.org/maven2/org/springframework/boot/spring-boot-starter-actuator/3.5.5/spring-boot-starter-actuator-3.5.5.jar
#13 52.49 [INFO] Downloaded from central: https://repo.maven.apache.org/maven2/org/springframework/boot/spring-boot-starter-actuator/3.5.5/spring-boot-starter-actuator-3.5.5.jar (4.8 kB at 141 kB/s)
#13 52.49 [INFO] Downloading from central: https://repo.maven.apache.org/maven2/org/springframework/boot/spring-boot-actuator-autoconfigure/3.5.5/spring-boot-actuator-autoconfigure-3.5.5.jar
#13 52.49 [INFO] Downloading from central: https://repo.maven.apache.org/maven2/org/springframework/boot/spring-boot-actuator/3.5.5/spring-boot-actuator-3.5.5.jar
#13 52.50 [INFO] Downloading from central: https://repo.maven.apache.org/maven2/io/micrometer/micrometer-observation/1.15.3/micrometer-observation-1.15.3.jar
#13 52.50 [INFO] Downloading from central: https://repo.maven.apache.org/maven2/io/micrometer/micrometer-commons/1.15.3/micrometer-commons-1.15.3.jar
#13 52.50 [INFO] Downloading from central: https://repo.maven.apache.org/maven2/io/micrometer/micrometer-jakarta9/1.15.3/micrometer-jakarta9-1.15.3.jar
#13 52.55 [INFO] Downloaded from central: https://repo.maven.apache.org/maven2/io/micrometer/micrometer-jakarta9/1.15.3/micrometer-jakarta9-1.15.3.jar (33 kB at 657 kB/s)
#13 52.55 [INFO] Downloading from central: https://repo.maven.apache.org/maven2/io/micrometer/micrometer-core/1.15.3/micrometer-core-1.15.3.jar
#13 52.55 [INFO] Downloaded from central: https://repo.maven.apache.org/maven2/io/micrometer/micrometer-observation/1.15.3/micrometer-observation-1.15.3.jar (75 kB at 1.5 MB/s)
#13 52.55 [INFO] Downloading from central: https://repo.maven.apache.org/maven2/org/hdrhistogram/HdrHistogram/2.2.2/HdrHistogram-2.2.2.jar
#13 52.55 [INFO] Downloaded from central: https://repo.maven.apache.org/maven2/io/micrometer/micrometer-commons/1.15.3/micrometer-commons-1.15.3.jar (49 kB at 911 kB/s)
#13 52.58 [INFO] Downloaded from central: https://repo.maven.apache.org/maven2/org/springframework/boot/spring-boot-actuator-autoconfigure/3.5.5/spring-boot-actuator-autoconfigure-3.5.5.jar (835 kB at 10 MB/s)
#13 52.59 [INFO] Downloaded from central: https://repo.maven.apache.org/maven2/org/springframework/boot/spring-boot-actuator/3.5.5/spring-boot-actuator-3.5.5.jar (704 kB at 7.3 MB/s)
#13 52.60 [INFO] Downloaded from central: https://repo.maven.apache.org/maven2/org/hdrhistogram/HdrHistogram/2.2.2/HdrHistogram-2.2.2.jar (177 kB at 1.7 MB/s)
#13 52.64 [INFO] Downloaded from central: https://repo.maven.apache.org/maven2/io/micrometer/micrometer-core/1.15.3/micrometer-core-1.15.3.jar (864 kB at 6.1 MB/s)
#13 52.64 [INFO] Downloading from central: https://repo.maven.apache.org/maven2/org/openapitools/jackson-databind-nullable/0.2.6/jackson-databind-nullable-0.2.6.pom
#13 52.67 [INFO] Downloaded from central: https://repo.maven.apache.org/maven2/org/openapitools/jackson-databind-nullable/0.2.6/jackson-databind-nullable-0.2.6.pom (7.0 kB at 213 kB/s)
#13 52.68 [INFO] Downloading from central: https://repo.maven.apache.org/maven2/org/openapitools/jackson-databind-nullable/0.2.6/jackson-databind-nullable-0.2.6.jar
#13 52.72 [INFO] Downloaded from central: https://repo.maven.apache.org/maven2/org/openapitools/jackson-databind-nullable/0.2.6/jackson-databind-nullable-0.2.6.jar (20 kB at 447 kB/s)
#13 52.72 [INFO] Downloading from central: https://repo.maven.apache.org/maven2/com/fasterxml/jackson/core/jackson-databind/2.14.0-rc2/jackson-databind-2.14.0-rc2.jar
#13 52.72 [INFO] Downloading from central: https://repo.maven.apache.org/maven2/com/fasterxml/jackson/core/jackson-annotations/2.14.0-rc2/jackson-annotations-2.14.0-rc2.jar
#13 52.72 [INFO] Downloading from central: https://repo.maven.apache.org/maven2/com/fasterxml/jackson/core/jackson-core/2.14.0-rc2/jackson-core-2.14.0-rc2.jar
#13 52.78 [INFO] Downloaded from central: https://repo.maven.apache.org/maven2/com/fasterxml/jackson/core/jackson-annotations/2.14.0-rc2/jackson-annotations-2.14.0-rc2.jar (76 kB at 1.2 MB/s)
#13 52.80 [INFO] Downloaded from central: https://repo.maven.apache.org/maven2/com/fasterxml/jackson/core/jackson-core/2.14.0-rc2/jackson-core-2.14.0-rc2.jar (458 kB at 5.7 MB/s)
#13 52.84 [INFO] Downloaded from central: https://repo.maven.apache.org/maven2/com/fasterxml/jackson/core/jackson-databind/2.14.0-rc2/jackson-databind-2.14.0-rc2.jar (1.6 MB at 13 MB/s)
#13 52.85 [INFO] Resolved plugin: jetty-servlet-9.4.46.v20220331.jar
#13 52.85 [INFO] Resolved plugin: maven-install-plugin-3.1.4.jar
#13 52.85 [INFO] Resolved plugin: spring-aop-6.2.10.jar
#13 52.85 [INFO] Resolved plugin: swagger-parser-1.0.70.jar
#13 52.85 [INFO] Resolved plugin: jmustache-1.15.jar
#13 52.85 [INFO] Resolved plugin: jackson-databind-2.17.1.jar
#13 52.85 [INFO] Resolved plugin: asm-9.7.jar
#13 52.85 [INFO] Resolved plugin: doxia-module-twiki-1.11.1.jar
#13 52.85 [INFO] Resolved plugin: velocity-tools-2.0.jar
#13 52.85 [INFO] Resolved plugin: spring-beans-6.2.10.jar
#13 52.85 [INFO] Resolved plugin: surefire-extensions-api-3.5.3.jar
#13 52.85 [INFO] Resolved plugin: surefire-api-3.5.3.jar
#13 52.85 [INFO] Resolved plugin: spring-jcl-6.2.10.jar
#13 52.85 [INFO] Resolved plugin: flexmark-ext-gfm-tasklist-0.42.14.jar
#13 52.85 [INFO] Resolved plugin: spring-expression-6.2.10.jar
#13 52.85 [INFO] Resolved plugin: maven-resolver-api-1.9.22.jar
#13 52.85 [INFO] Resolved plugin: flexmark-ext-admonition-0.42.14.jar
#13 52.85 [INFO] Resolved plugin: jackson-databind-2.19.2.jar
#13 52.85 [INFO] Resolved plugin: json-patch-1.13.jar
#13 52.85 [INFO] Resolved plugin: maven-core-3.2.5.jar
#13 52.85 [INFO] Resolved plugin: flexmark-ext-footnotes-0.42.14.jar
#13 52.85 [INFO] Resolved plugin: maven-surefire-plugin-3.5.3.jar
#13 52.85 [INFO] Resolved plugin: flexmark-ext-gfm-strikethrough-0.42.14.jar
#13 52.85 [INFO] Resolved plugin: flexmark-ext-media-tags-0.42.14.jar
#13 52.85 [INFO] Resolved plugin: doxia-module-xhtml-1.11.1.jar
#13 52.85 [INFO] Resolved plugin: plexus-container-default-1.0-alpha-9.jar
#13 52.85 [INFO] Resolved plugin: flexmark-util-0.42.14.jar
#13 52.85 [INFO] Resolved plugin: flexmark-ext-anchorlink-0.42.14.jar
#13 52.85 [INFO] Resolved plugin: maven-resolver-util-1.9.22.jar
#13 52.85 [INFO] Resolved plugin: aether-api-1.0.0.v20140518.jar
#13 52.85 [INFO] Resolved plugin: autolink-0.6.0.jar
#13 52.85 [INFO] Resolved plugin: maven-filtering-3.3.1.jar
#13 52.85 [INFO] Resolved plugin: asm-commons-9.7.jar
#13 52.85 [INFO] Resolved plugin: maven-archiver-3.6.2.jar
#13 52.85 [INFO] Resolved plugin: doxia-skin-model-1.11.1.jar
#13 52.85 [INFO] Resolved plugin: dom4j-1.1.jar
#13 52.85 [INFO] Resolved plugin: plexus-compiler-api-2.15.0.jar
#13 52.85 [INFO] Resolved plugin: commonmark-0.21.0.jar
#13 52.85 [INFO] Resolved plugin: jakarta.xml.bind-api-2.3.3.jar
#13 52.85 [INFO] Resolved plugin: commons-io-2.16.1.jar
#13 52.85 [INFO] Resolved plugin: httpclient5-5.5.jar
#13 52.85 [INFO] Resolved plugin: flexmark-youtrack-converter-0.42.14.jar
#13 52.85 [INFO] Resolved plugin: rgxgen-1.4.jar
#13 52.85 [INFO] Resolved plugin: snakeyaml-2.2.jar
#13 52.85 [INFO] Resolved plugin: swagger-core-2.2.21.jar
#13 52.85 [INFO] Resolved plugin: tomlj-1.0.0.jar
#13 52.85 [INFO] Resolved plugin: httpclient-4.5.13.jar
#13 52.85 [INFO] Resolved plugin: flexmark-ext-toc-0.42.14.jar
#13 52.85 [INFO] Resolved plugin: maven-resolver-util-1.9.18.jar
#13 52.85 [INFO] Resolved plugin: openapi-generator-7.8.0.jar
#13 52.85 [INFO] Resolved plugin: jetty-http-9.4.46.v20220331.jar
#13 52.85 [INFO] Resolved plugin: jopt-simple-5.0.4.jar
#13 52.85 [INFO] Resolved plugin: jackson-datatype-joda-2.17.1.jar
#13 52.85 [INFO] Resolved plugin: flexmark-jira-converter-0.42.14.jar
#13 52.85 [INFO] Resolved plugin: maven-reporting-api-3.1.1.jar
#13 52.85 [INFO] Resolved plugin: maven-plugin-api-3.2.5.jar
#13 52.85 [INFO] Resolved plugin: commons-codec-1.17.1.jar
#13 52.85 [INFO] Resolved plugin: sisu-guice-3.2.3-no_aop.jar
#13 52.85 [INFO] Resolved plugin: flexmark-ext-attributes-0.42.14.jar
#13 52.85 [INFO] Resolved plugin: commons-lang3-3.8.1.jar
#13 52.85 [INFO] Resolved plugin: spring-boot-buildpack-platform-3.5.5.jar
#13 52.85 [INFO] Resolved plugin: maven-aether-provider-3.2.5.jar
#13 52.85 [INFO] Resolved plugin: commons-cli-1.5.0.jar
#13 52.85 [INFO] Resolved plugin: aether-util-1.0.0.v20140518.jar
#13 52.85 [INFO] Resolved plugin: jetty-security-9.4.46.v20220331.jar
#13 52.85 [INFO] Resolved plugin: threetenbp-1.6.8.jar
#13 52.85 [INFO] Resolved plugin: jakarta.validation-api-2.0.2.jar
#13 52.85 [INFO] Resolved plugin: httpcore5-5.3.4.jar
#13 52.85 [INFO] Resolved plugin: swagger-parser-safe-url-resolver-1.0.70.jar
#13 52.85 [INFO] Resolved plugin: httpclient-4.5.14.jar
#13 52.85 [INFO] Resolved plugin: maven-common-artifact-filters-3.4.0.jar
#13 52.85 [INFO] Resolved plugin: wagon-provider-api-1.0-alpha-6.jar
#13 52.85 [INFO] Resolved plugin: swagger-models-1.6.14.jar
#13 52.85 [INFO] Resolved plugin: org.eclipse.sisu.plexus-0.3.5.jar
#13 52.85 [INFO] Resolved plugin: jackson-coreutils-equivalence-1.0.jar
#13 52.85 [INFO] Resolved plugin: listenablefuture-9999.0-empty-to-avoid-conflict-with-guava.jar
#13 52.85 [INFO] Resolved plugin: doxia-core-1.11.1.jar
#13 52.85 [INFO] Resolved plugin: flexmark-ext-ins-0.42.14.jar
#13 52.85 [INFO] Resolved plugin: junit-4.13.1.jar
#13 52.85 [INFO] Resolved plugin: jackson-datatype-guava-2.17.1.jar
#13 52.85 [INFO] Resolved plugin: google-collections-1.0.jar
#13 52.85 [INFO] Resolved plugin: guava-32.1.3-jre.jar
#13 52.85 [INFO] Resolved plugin: joda-time-2.10.14.jar
#13 52.85 [INFO] Resolved plugin: flexmark-ext-emoji-0.42.14.jar
#13 52.85 [INFO] Resolved plugin: maven-resolver-api-1.4.1.jar
#13 52.85 [INFO] Resolved plugin: doxia-integration-tools-1.11.1.jar
#13 52.85 [INFO] Resolved plugin: plexus-compiler-manager-2.15.0.jar
#13 52.85 [INFO] Resolved plugin: jakarta.activation-api-1.2.2.jar
#13 52.85 [INFO] Resolved plugin: maven-repository-metadata-3.2.5.jar
#13 52.85 [INFO] Resolved plugin: flexmark-ext-jekyll-front-matter-0.42.14.jar
#13 52.85 [INFO] Resolved plugin: doxia-decoration-model-1.11.1.jar
#13 52.85 [INFO] Resolved plugin: asm-9.7.1.jar
#13 52.85 [INFO] Resolved plugin: flexmark-all-0.42.14.jar
#13 52.85 [INFO] Resolved plugin: maven-shared-incremental-1.1.jar
#13 52.85 [INFO] Resolved plugin: file-management-3.1.0.jar
#13 52.85 [INFO] Resolved plugin: commons-compress-1.26.1.jar
#13 52.85 [INFO] Resolved plugin: failureaccess-1.0.1.jar
#13 52.85 [INFO] Resolved plugin: micrometer-observation-1.14.10.jar
#13 52.85 [INFO] Resolved plugin: swagger-parser-core-2.1.22.jar
#13 52.85 [INFO] Resolved plugin: swagger-parser-2.1.22.jar
#13 52.85 [INFO] Resolved plugin: jetty-webapp-9.4.46.v20220331.jar
#13 52.85 [INFO] Resolved plugin: handlebars-jackson2-4.3.1.jar
#13 52.85 [INFO] Resolved plugin: plexus-io-3.2.0.jar
#13 52.85 [INFO] Resolved plugin: xbean-reflect-3.7.jar
#13 52.85 [INFO] Resolved plugin: maven-reporting-exec-1.6.0.jar
#13 52.85 [INFO] Resolved plugin: doxia-sink-api-1.11.1.jar
#13 52.85 [INFO] Resolved plugin: jetty-xml-9.4.46.v20220331.jar
#13 52.85 [INFO] Resolved plugin: plexus-velocity-1.2.jar
#13 52.85 [INFO] Resolved plugin: plexus-container-default-2.1.0.jar
#13 52.85 [INFO] Resolved plugin: commons-codec-1.11.jar
#13 52.85 [INFO] Resolved plugin: snappy-0.4.jar
#13 52.85 [INFO] Resolved plugin: maven-deploy-plugin-3.1.4.jar
#13 52.85 [INFO] Resolved plugin: jsr305-3.0.2.jar
#13 52.85 [INFO] Resolved plugin: surefire-shared-utils-3.5.3.jar
#13 52.85 [INFO] Resolved plugin: jackson-core-2.19.2.jar
#13 52.85 [INFO] Resolved plugin: plexus-build-api-0.0.7.jar
#13 52.85 [INFO] Resolved plugin: asm-9.5.jar
#13 52.85 [INFO] Resolved plugin: doxia-module-fml-1.11.1.jar
#13 52.85 [INFO] Resolved plugin: json-schema-core-1.2.14.jar
#13 52.85 [INFO] Resolved plugin: commons-digester-1.8.jar
#13 52.85 [INFO] Resolved plugin: jetty-server-9.4.46.v20220331.jar
#13 52.85 [INFO] Resolved plugin: maven-shared-utils-3.4.2.jar
#13 52.85 [INFO] Resolved plugin: flexmark-ext-abbreviation-0.42.14.jar
#13 52.85 [INFO] Resolved plugin: maven-archiver-3.5.2.jar
#13 52.85 [INFO] Resolved plugin: automaton-1.11-8.jar
#13 52.85 [INFO] Resolved plugin: maven-plugin-annotations-3.9.0.jar
#13 52.85 [INFO] Resolved plugin: zstd-jni-1.5.5-11.jar
#13 52.85 [INFO] Resolved plugin: flexmark-ext-definition-0.42.14.jar
#13 52.85 [INFO] Resolved plugin: doxia-logging-api-1.11.1.jar
#13 52.85 [INFO] Resolved plugin: plexus-xml-3.0.1.jar
#13 52.85 [INFO] Resolved plugin: flexmark-ext-yaml-front-matter-0.42.14.jar
#13 52.85 [INFO] Resolved plugin: jna-5.17.0.jar
#13 52.85 [INFO] Resolved plugin: spring-context-6.2.10.jar
#13 52.85 [INFO] Resolved plugin: maven-site-plugin-3.12.1.jar
#13 52.85 [INFO] Resolved plugin: flexmark-ext-superscript-0.42.14.jar
#13 52.85 [INFO] Resolved plugin: commons-collections-3.2.2.jar
#13 52.85 [INFO] Resolved plugin: jackson-core-2.17.1.jar
#13 52.85 [INFO] Resolved plugin: doxia-module-markdown-1.11.1.jar
#13 52.85 [INFO] Resolved plugin: maven-repository-metadata-2.0.2.jar
#13 52.85 [INFO] Resolved plugin: flexmark-ext-xwiki-macros-0.42.14.jar
#13 52.85 [INFO] Resolved plugin: jackson-datatype-threetenbp-2.15.2.jar
#13 52.85 [INFO] Resolved plugin: maven-artifact-2.0.2.jar
#13 52.85 [INFO] Resolved plugin: slf4j-ext-1.7.36.jar
#13 52.85 [INFO] Resolved plugin: plexus-java-1.4.0.jar
#13 52.85 [INFO] Resolved plugin: commons-compress-1.20.jar
#13 52.85 [INFO] Resolved plugin: lombok-1.18.30.jar
#13 52.85 [INFO] Resolved plugin: maven-resources-plugin-3.3.1.jar
#13 52.85 [INFO] Resolved plugin: maven-resolver-api-1.9.18.jar
#13 52.85 [INFO] Resolved plugin: velocity-1.7.jar
#13 52.85 [INFO] Resolved plugin: plexus-utils-3.5.1.jar
#13 52.85 [INFO] Resolved plugin: caffeine-2.9.3.jar
#13 52.85 [INFO] Resolved plugin: aopalliance-1.0.jar
#13 52.85 [INFO] Resolved plugin: aether-spi-1.0.0.v20140518.jar
#13 52.85 [INFO] Resolved plugin: plexus-interpolation-1.26.jar
#13 52.85 [INFO] Resolved plugin: swagger-parser-safe-url-resolver-2.1.22.jar
#13 52.85 [INFO] Resolved plugin: maven-settings-builder-3.2.5.jar
#13 52.85 [INFO] Resolved plugin: httpcore-4.4.14.jar
#13 52.85 [INFO] Resolved plugin: spring-boot-maven-plugin-3.5.5.jar
#13 52.85 [INFO] Resolved plugin: maven-reporting-api-3.0.jar
#13 52.85 [INFO] Resolved plugin: commons-lang3-3.12.0.jar
#13 52.85 [INFO] Resolved plugin: uri-template-0.10.jar
#13 52.85 [INFO] Resolved plugin: jacoco-maven-plugin-0.8.10.jar
#13 52.85 [INFO] Resolved plugin: jackson-dataformat-yaml-2.16.2.jar
#13 52.85 [INFO] Resolved plugin: maven-artifact-3.2.5.jar
#13 52.85 [INFO] Resolved plugin: swagger-models-2.2.21.jar
#13 52.85 [INFO] Resolved plugin: plexus-compiler-javac-2.15.0.jar
#13 52.85 [INFO] Resolved plugin: flexmark-ext-enumerated-reference-0.42.14.jar
#13 52.85 [INFO] Resolved plugin: plexus-component-annotations-2.1.1.jar
#13 52.85 [INFO] Resolved plugin: msg-simple-1.2.jar
#13 52.85 [INFO] Resolved plugin: swagger-parser-v3-2.1.22.jar
#13 52.85 [INFO] Resolved plugin: plexus-utils-3.0.24.jar
#13 52.85 [INFO] Resolved plugin: surefire-extensions-spi-3.5.3.jar
#13 52.85 [INFO] Resolved plugin: asm-tree-9.7.jar
#13 52.85 [INFO] Resolved plugin: commons-logging-1.2.jar
#13 52.85 [INFO] Resolved plugin: flexmark-ext-escaped-character-0.42.14.jar
#13 52.85 [INFO] Resolved plugin: jdependency-2.10.jar
#13 52.85 [INFO] Resolved plugin: swagger-core-1.6.14.jar
#13 52.85 [INFO] Resolved plugin: btf-1.3.jar
#13 52.85 [INFO] Resolved plugin: micrometer-commons-1.14.10.jar
#13 52.85 [INFO] Resolved plugin: generex-1.0.2.jar
#13 52.85 [INFO] Resolved plugin: plexus-cipher-1.4.jar
#13 52.85 [INFO] Resolved plugin: flexmark-0.42.14.jar
#13 52.85 [INFO] Resolved plugin: commons-text-1.10.0.jar
#13 52.85 [INFO] Resolved plugin: plexus-utils-3.4.2.jar
#13 52.85 [INFO] Resolved plugin: flexmark-ext-aside-0.42.14.jar
#13 52.85 [INFO] Resolved plugin: flexmark-ext-wikilink-0.42.14.jar
#13 52.85 [INFO] Resolved plugin: org.eclipse.sisu.inject-0.3.5.jar
#13 52.85 [INFO] Resolved plugin: openapi-generator-core-7.8.0.jar
#13 52.85 [INFO] Resolved plugin: plexus-io-3.4.2.jar
#13 52.85 [INFO] Resolved plugin: flexmark-ext-gfm-tables-0.42.14.jar
#13 52.85 [INFO] Resolved plugin: antlr4-runtime-4.7.2.jar
#13 52.85 [INFO] Resolved plugin: plexus-interpolation-1.27.jar
#13 52.85 [INFO] Resolved plugin: classworlds-1.1-alpha-2.jar
#13 52.85 [INFO] Resolved plugin: commons-io-2.11.0.jar
#13 52.85 [INFO] Resolved plugin: jetty-io-9.4.46.v20220331.jar
#13 52.85 [INFO] Resolved plugin: plexus-utils-1.5.8.jar
#13 52.85 [INFO] Resolved plugin: maven-compiler-plugin-3.14.0.jar
#13 52.85 [INFO] Resolved plugin: cdi-api-1.2.jar
#13 52.85 [INFO] Resolved plugin: commons-chain-1.1.jar
#13 52.85 [INFO] Resolved plugin: commons-codec-1.16.1.jar
#13 52.85 [INFO] Resolved plugin: jna-5.12.1.jar
#13 52.85 [INFO] Resolved plugin: flexmark-html-parser-0.42.14.jar
#13 52.85 [INFO] Resolved plugin: javax.inject-1.jar
#13 52.85 [INFO] Resolved plugin: asm-tree-9.5.jar
#13 52.85 [INFO] Resolved plugin: surefire-logger-api-3.5.3.jar
#13 52.85 [INFO] Resolved plugin: maven-shared-utils-3.3.4.jar
#13 52.85 [INFO] Resolved plugin: org.jacoco.agent-0.8.10-runtime.jar
#13 52.85 [INFO] Resolved plugin: javax.servlet-api-3.1.0.jar
#13 52.85 [INFO] Resolved plugin: jetty-util-ajax-9.4.46.v20220331.jar
#13 52.85 [INFO] Resolved plugin: maven-shared-io-1.1.jar
#13 52.85 [INFO] Resolved plugin: maven-artifact-manager-2.0.2.jar
#13 52.85 [INFO] Resolved plugin: maven-settings-3.2.5.jar
#13 52.85 [INFO] Resolved plugin: jackson-module-parameter-names-2.19.2.jar
#13 52.85 [INFO] Resolved plugin: openapi-generator-maven-plugin-7.8.0.jar
#13 52.85 [INFO] Resolved plugin: swagger-annotations-1.6.14.jar
#13 52.85 [INFO] Resolved plugin: json-schema-validator-2.2.14.jar
#13 52.85 [INFO] Resolved plugin: jsoup-1.10.2.jar
#13 52.85 [INFO] Resolved plugin: oro-2.0.8.jar
#13 52.85 [INFO] Resolved plugin: xz-1.9.jar
#13 52.85 [INFO] Resolved plugin: swagger-annotations-2.2.21.jar
#13 52.85 [INFO] Resolved plugin: aether-impl-1.0.0.v20140518.jar
#13 52.85 [INFO] Resolved plugin: commons-text-1.3.jar
#13 52.85 [INFO] Resolved plugin: slf4j-simple-1.7.36.jar
#13 52.85 [INFO] Resolved plugin: commons-lang-2.4.jar
#13 52.85 [INFO] Resolved plugin: slf4j-api-1.7.36.jar
#13 52.85 [INFO] Resolved plugin: file-management-1.2.1.jar
#13 52.85 [INFO] Resolved plugin: maven-resolver-util-1.4.1.jar
#13 52.85 [INFO] Resolved plugin: doxia-module-apt-1.11.1.jar
#13 52.85 [INFO] Resolved plugin: flexmark-ext-gfm-issues-0.42.14.jar
#13 52.85 [INFO] Resolved plugin: jetty-util-9.4.46.v20220331.jar
#13 52.85 [INFO] Resolved plugin: maven-model-builder-3.2.5.jar
#13 52.85 [INFO] Resolved plugin: maven-jar-plugin-3.4.2.jar
#13 52.85 [INFO] Resolved plugin: plexus-archiver-4.2.7.jar
#13 52.85 [INFO] Resolved plugin: commons-io-2.6.jar
#13 52.85 [INFO] Resolved plugin: maven-shade-plugin-3.6.0.jar
#13 52.85 [INFO] Resolved plugin: flexmark-ext-youtube-embedded-0.42.14.jar
#13 52.85 [INFO] Resolved plugin: flexmark-formatter-0.42.14.jar
#13 52.85 [INFO] Resolved plugin: maven-model-3.2.5.jar
#13 52.85 [INFO] Resolved plugin: maven-plugin-api-2.0.6.jar
#13 52.85 [INFO] Resolved plugin: error_prone_annotations-2.21.1.jar
#13 52.85 [INFO] Resolved plugin: hamcrest-core-1.3.jar
#13 52.85 [INFO] Resolved plugin: org.jacoco.core-0.8.10.jar
#13 52.85 [INFO] Resolved plugin: rhino-1.7.7.2.jar
#13 52.85 [INFO] Resolved plugin: httpcore-4.4.16.jar
#13 52.85 [INFO] Resolved plugin: plexus-utils-4.0.1.jar
#13 52.85 [INFO] Resolved plugin: jdom2-2.0.6.1.jar
#13 52.85 [INFO] Resolved plugin: jackson-annotations-2.19.2.jar
#13 52.85 [INFO] Resolved plugin: commons-lang3-3.16.0.jar
#13 52.85 [INFO] Resolved plugin: flexmark-profile-pegdown-0.42.14.jar
#13 52.85 [INFO] Resolved plugin: doxia-module-docbook-simple-1.11.1.jar
#13 52.85 [INFO] Resolved plugin: jackson-coreutils-2.0.jar
#13 52.85 [INFO] Resolved plugin: guava-16.0.1.jar
#13 52.85 [INFO] Resolved plugin: flexmark-ext-typographic-0.42.14.jar
#13 52.85 [INFO] Resolved plugin: jackson-annotations-2.17.1.jar
#13 52.85 [INFO] Resolved plugin: flexmark-ext-autolink-0.42.14.jar
#13 52.85 [INFO] Resolved plugin: flexmark-ext-jekyll-tag-0.42.14.jar
#13 52.85 [INFO] Resolved plugin: commons-compress-1.27.1.jar
#13 52.85 [INFO] Resolved plugin: flexmark-ext-gitlab-0.42.14.jar
#13 52.85 [INFO] Resolved plugin: doxia-module-xdoc-1.11.1.jar
#13 52.85 [INFO] Resolved plugin: org.jacoco.report-0.8.10.jar
#13 52.85 [INFO] Resolved plugin: doxia-site-renderer-1.11.1.jar
#13 52.85 [INFO] Resolved plugin: swagger-parser-v2-converter-2.1.22.jar
#13 52.85 [INFO] Resolved plugin: commons-beanutils-1.7.0.jar
#13 52.85 [INFO] Resolved plugin: swagger-compat-spec-parser-1.0.70.jar
#13 52.85 [INFO] Resolved plugin: commons-lang3-3.14.0.jar
#13 52.85 [INFO] Resolved plugin: handlebars-4.3.1.jar
#13 52.85 [INFO] Resolved plugin: spring-boot-loader-tools-3.5.5.jar
#13 52.85 [INFO] Resolved plugin: plexus-classworlds-2.5.2.jar
#13 52.85 [INFO] Resolved plugin: doxia-module-confluence-1.11.1.jar
#13 52.85 [INFO] Resolved plugin: surefire-booter-3.5.3.jar
#13 52.85 [INFO] Resolved plugin: doxia-module-xhtml5-1.11.1.jar
#13 52.85 [INFO] Resolved plugin: flexmark-ext-tables-0.42.14.jar
#13 52.85 [INFO] Resolved plugin: javax.annotation-api-1.2.jar
#13 52.85 [INFO] Resolved plugin: httpcore5-h2-5.3.4.jar
#13 52.85 [INFO] Resolved plugin: jna-platform-5.17.0.jar
#13 52.85 [INFO] Resolved plugin: j2objc-annotations-2.8.jar
#13 52.85 [INFO] Resolved plugin: flexmark-ext-macros-0.42.14.jar
#13 52.85 [INFO] Resolved plugin: libphonenumber-8.11.1.jar
#13 52.85 [INFO] Resolved plugin: spring-core-6.2.10.jar
#13 52.85 [INFO] Resolved plugin: plexus-sec-dispatcher-1.3.jar
#13 52.85 [INFO] Resolved plugin: plexus-i18n-1.0-beta-10.jar
#13 52.85 [INFO] Resolved plugin: qdox-2.2.0.jar
#13 52.85 [INFO] Resolved plugin: flexmark-ext-gfm-users-0.42.14.jar
#13 52.85 [INFO] Resolved plugin: checker-qual-3.37.0.jar
#13 52.85 [INFO] Resolved plugin: maven-clean-plugin-3.4.1.jar
#13 52.85 [INFO] Resolved plugin: plexus-archiver-4.9.2.jar
#13 52.85 [INFO] Resolved plugin: maven-surefire-common-3.5.3.jar
#13 52.85 [INFO] Resolved plugin: doxia-sink-api-1.0.jar
#13 52.85 [INFO] Resolved plugin: asm-commons-9.5.jar
#13 52.85 [INFO] Resolved plugin: jackson-datatype-jsr310-2.16.2.jar
#13 52.85 [INFO] Resolved dependency: spring-boot-actuator-autoconfigure-3.5.5.jar
#13 52.85 [INFO] Resolved dependency: tomcat-embed-core-10.1.44.jar
#13 52.85 [INFO] Resolved dependency: spring-aop-6.2.10.jar
#13 52.85 [INFO] Resolved dependency: logback-classic-1.5.6.jar
#13 52.85 [INFO] Resolved dependency: springdoc-openapi-starter-webmvc-ui-2.6.0.jar
#13 52.85 [INFO] Resolved dependency: micrometer-core-1.13.0.jar
#13 52.85 [INFO] Resolved dependency: hamcrest-3.0.jar
#13 52.85 [INFO] Resolved dependency: jackson-databind-2.17.1.jar
#13 52.85 [INFO] Resolved dependency: json-smart-2.5.2.jar
#13 52.85 [INFO] Resolved dependency: spring-boot-test-3.5.5.jar
#13 52.85 [INFO] Resolved dependency: spring-core-6.1.8.jar
#13 52.85 [INFO] Resolved dependency: spring-web-6.2.10.jar
#13 52.85 [INFO] Resolved dependency: log4j-to-slf4j-2.24.3.jar
#13 52.85 [INFO] Resolved dependency: slf4j-api-2.0.17.jar
#13 52.85 [INFO] Resolved dependency: spring-beans-6.2.10.jar
#13 52.85 [INFO] Resolved dependency: junit-jupiter-params-5.12.2.jar
#13 52.85 [INFO] Resolved dependency: spring-jcl-6.2.10.jar
#13 52.85 [INFO] Resolved dependency: spring-web-6.1.8.jar
#13 52.85 [INFO] Resolved dependency: spring-expression-6.2.10.jar
#13 52.85 [INFO] Resolved dependency: spring-boot-3.3.0.jar
#13 52.85 [INFO] Resolved dependency: jackson-databind-2.19.2.jar
#13 52.85 [INFO] Resolved dependency: accessors-smart-2.5.2.jar
#13 52.85 [INFO] Resolved dependency: micrometer-commons-1.15.3.jar
#13 52.85 [INFO] Resolved dependency: spring-jcl-6.1.8.jar
#13 52.85 [INFO] Resolved dependency: wiremock-jre8-standalone-2.35.0.jar
#13 52.85 [INFO] Resolved dependency: junit-jupiter-api-5.12.2.jar
#13 52.85 [INFO] Resolved dependency: mockito-core-5.17.0.jar
#13 52.85 [INFO] Resolved dependency: log4j-to-slf4j-2.23.1.jar
#13 52.85 [INFO] Resolved dependency: jul-to-slf4j-2.0.17.jar
#13 52.85 [INFO] Resolved dependency: micrometer-jakarta9-1.13.0.jar
#13 52.85 [INFO] Resolved dependency: opentest4j-1.3.0.jar
#13 52.85 [INFO] Resolved dependency: spring-boot-autoconfigure-3.3.0.jar
#13 52.85 [INFO] Resolved dependency: junit-jupiter-engine-5.12.2.jar
#13 52.85 [INFO] Resolved dependency: bsh-2.0b6.jar
#13 52.85 [INFO] Resolved dependency: micrometer-commons-1.14.10.jar
#13 52.85 [INFO] Resolved dependency: spring-boot-starter-logging-3.3.0.jar
#13 52.85 [INFO] Resolved dependency: jna-4.5.1.jar
#13 52.85 [INFO] Resolved dependency: snakeyaml-2.2.jar
#13 52.85 [INFO] Resolved dependency: tomcat-embed-el-10.1.44.jar
#13 52.85 [INFO] Resolved dependency: micrometer-observation-1.15.3.jar
#13 52.85 [INFO] Resolved dependency: logback-core-1.5.6.jar
#13 52.85 [INFO] Resolved dependency: testng-6.14.3.jar
#13 52.85 [INFO] Resolved dependency: hibernate-validator-8.0.3.Final.jar
#13 52.85 [INFO] Resolved dependency: spring-boot-test-autoconfigure-3.5.5.jar
#13 52.85 [INFO] Resolved dependency: micrometer-core-1.15.3.jar
#13 52.85 [INFO] Resolved dependency: junit-jupiter-5.12.2.jar
#13 52.85 [INFO] Resolved dependency: jackson-dataformat-yaml-2.17.1.jar
#13 52.85 [INFO] Resolved dependency: jackson-datatype-jdk8-2.19.2.jar
#13 52.85 [INFO] Resolved dependency: spring-boot-starter-3.5.5.jar
#13 52.85 [INFO] Resolved dependency: assertj-core-3.27.4.jar
#13 52.85 [INFO] Resolved dependency: junit-platform-commons-1.12.2.jar
#13 52.85 [INFO] Resolved dependency: HdrHistogram-2.2.2.jar
#13 52.85 [INFO] Resolved dependency: waffle-jna-1.9.1.jar
#13 52.85 [INFO] Resolved dependency: spring-boot-actuator-3.5.5.jar
#13 52.85 [INFO] Resolved dependency: spring-boot-starter-actuator-3.3.0.jar
#13 52.85 [INFO] Resolved dependency: spring-boot-starter-tomcat-3.5.5.jar
#13 52.85 [INFO] Resolved dependency: spring-webmvc-6.1.8.jar
#13 52.85 [INFO] Resolved dependency: junit-platform-engine-1.12.2.jar
#13 52.85 [INFO] Resolved dependency: slf4j-api-2.0.11.jar
#13 52.85 [INFO] Resolved dependency: jackson-module-parameter-names-2.19.2.jar
#13 52.85 [INFO] Resolved dependency: spring-boot-devtools-3.5.5.jar
#13 52.85 [INFO] Resolved dependency: swagger-models-jakarta-2.2.22.jar
#13 52.85 [INFO] Resolved dependency: log4j-api-2.24.3.jar
#13 52.85 [INFO] Resolved dependency: classmate-1.5.1.jar
#13 52.85 [INFO] Resolved dependency: jackson-core-2.14.0-rc2.jar
#13 52.85 [INFO] Resolved dependency: spring-boot-actuator-autoconfigure-3.3.0.jar
#13 52.85 [INFO] Resolved dependency: jackson-databind-nullable-0.2.6.jar
#13 52.85 [INFO] Resolved dependency: HdrHistogram-2.2.1.jar
#13 52.85 [INFO] Resolved dependency: jboss-logging-3.4.3.Final.jar
#13 52.85 [INFO] Resolved dependency: snakeyaml-2.4.jar
#13 52.85 [INFO] Resolved dependency: spring-context-6.1.8.jar
#13 52.85 [INFO] Resolved dependency: jackson-datatype-jsr310-2.19.2.jar
#13 52.85 [INFO] Resolved dependency: objenesis-3.3.jar
#13 52.85 [INFO] Resolved dependency: springdoc-openapi-starter-common-2.6.0.jar
#13 52.85 [INFO] Resolved dependency: micrometer-observation-1.13.0.jar
#13 52.85 [INFO] Resolved dependency: swagger-ui-5.17.14.jar
#13 52.85 [INFO] Resolved dependency: spring-boot-autoconfigure-3.5.5.jar
#13 52.85 [INFO] Resolved dependency: jcommander-1.72.jar
#13 52.85 [INFO] Resolved dependency: springdoc-openapi-starter-webmvc-api-2.6.0.jar
#13 52.85 [INFO] Resolved dependency: spring-boot-starter-actuator-3.5.5.jar
#13 52.85 [INFO] Resolved dependency: spring-test-6.2.10.jar
#13 52.85 [INFO] Resolved dependency: jcl-over-slf4j-1.7.25.jar
#13 52.85 [INFO] Resolved dependency: asm-9.7.1.jar
#13 52.85 [INFO] Resolved dependency: mockito-junit-jupiter-5.17.0.jar
#13 52.85 [INFO] Resolved dependency: caffeine-2.6.2.jar
#13 52.85 [INFO] Resolved dependency: log4j-api-2.23.1.jar
#13 52.85 [INFO] Resolved dependency: junit-4.13.2.jar
#13 52.85 [INFO] Resolved dependency: hamcrest-core-1.3.jar
#13 52.85 [INFO] Resolved dependency: logback-classic-1.5.18.jar
#13 52.85 [INFO] Resolved dependency: micrometer-observation-1.14.10.jar
#13 52.85 [INFO] Resolved dependency: swagger-annotations-jakarta-2.2.22.jar
#13 52.85 [INFO] Resolved dependency: jackson-annotations-2.14.0-rc2.jar
#13 52.85 [INFO] Resolved dependency: jackson-annotations-2.19.2.jar
#13 52.85 [INFO] Resolved dependency: jakarta.activation-api-2.1.3.jar
#13 52.85 [INFO] Resolved dependency: spring-webmvc-6.2.10.jar
#13 52.85 [INFO] Resolved dependency: jsonassert-1.5.3.jar
#13 52.85 [INFO] Resolved dependency: jul-to-slf4j-2.0.13.jar
#13 52.85 [INFO] Resolved dependency: spring-boot-starter-logging-3.5.5.jar
#13 52.85 [INFO] Resolved dependency: jackson-annotations-2.17.1.jar
#13 52.85 [INFO] Resolved dependency: jackson-datatype-jsr310-2.17.1.jar
#13 52.85 [INFO] Resolved dependency: jakarta.validation-api-3.0.2.jar
#13 52.85 [INFO] Resolved dependency: logback-core-1.5.18.jar
#13 52.85 [INFO] Resolved dependency: slf4j-api-2.0.13.jar
#13 52.85 [INFO] Resolved dependency: jackson-core-2.19.2.jar
#13 52.85 [INFO] Resolved dependency: jakarta.xml.bind-api-4.0.2.jar
#13 52.85 [INFO] Resolved dependency: jakarta.annotation-api-2.1.1.jar
#13 52.85 [INFO] Resolved dependency: spring-boot-starter-web-3.5.5.jar
#13 52.85 [INFO] Resolved dependency: awaitility-4.2.2.jar
#13 52.85 [INFO] Resolved dependency: spring-boot-starter-3.3.0.jar
#13 52.85 [INFO] Resolved dependency: commons-lang3-3.14.0.jar
#13 52.85 [INFO] Resolved dependency: swagger-core-jakarta-2.2.22.jar
#13 52.85 [INFO] Resolved dependency: micrometer-commons-1.13.0.jar
#13 52.85 [INFO] Resolved dependency: spring-beans-6.1.8.jar
#13 52.85 [INFO] Resolved dependency: jackson-databind-2.14.0-rc2.jar
#13 52.85 [INFO] Resolved dependency: jna-platform-4.5.1.jar
#13 52.85 [INFO] Resolved dependency: spring-boot-starter-validation-3.5.5.jar
#13 52.85 [INFO] Resolved dependency: postgresql-42.7.7.jar
#13 52.85 [INFO] Resolved dependency: spring-expression-6.1.8.jar
#13 52.85 [INFO] Resolved dependency: spring-boot-starter-json-3.5.5.jar
#13 52.85 [INFO] Resolved dependency: spring-core-6.2.10.jar
#13 52.85 [INFO] Resolved dependency: spring-context-6.2.10.jar
#13 52.85 [INFO] Resolved dependency: xmlunit-core-2.10.3.jar
#13 52.85 [INFO] Resolved dependency: spring-boot-3.5.5.jar
#13 52.85 [INFO] Resolved dependency: json-path-2.9.0.jar
#13 52.85 [INFO] Resolved dependency: spring-boot-actuator-3.3.0.jar
#13 52.85 [INFO] Resolved dependency: apiguardian-api-1.1.2.jar
#13 52.85 [INFO] Resolved dependency: byte-buddy-agent-1.15.11.jar
#13 52.85 [INFO] Resolved dependency: micrometer-jakarta9-1.15.3.jar
#13 52.85 [INFO] Resolved dependency: slf4j-api-1.7.25.jar
#13 52.85 [INFO] Resolved dependency: LatencyUtils-2.0.3.jar
#13 52.85 [INFO] Resolved dependency: byte-buddy-1.15.11.jar
#13 52.85 [INFO] Resolved dependency: jackson-core-2.17.1.jar
#13 52.85 [INFO] Resolved dependency: checker-qual-3.49.3.jar
#13 52.85 [INFO] Resolved dependency: spring-aop-6.1.8.jar
#13 52.85 [INFO] Resolved dependency: android-json-0.0.20131108.vaadin1.jar
#13 52.85 [INFO] Resolved dependency: spring-boot-starter-test-3.5.5.jar
#13 52.85 [INFO] Resolved dependency: tomcat-embed-websocket-10.1.44.jar
#13 52.85 [INFO] ------------------------------------------------------------------------
#13 52.85 [INFO] BUILD SUCCESS
#13 52.85 [INFO] ------------------------------------------------------------------------
#13 52.85 [INFO] Total time:  50.818 s
#13 52.85 [INFO] Finished at: 2025-11-03T12:13:08Z
#13 52.85 [INFO] ------------------------------------------------------------------------
#13 DONE 53.2s

#14 [builder 5/6] COPY src ./src
#14 DONE 0.1s

#15 [builder 6/6] RUN mvn clean package -B
#15 1.515 [INFO] Scanning for projects...
#15 1.789 [WARNING] 
#15 1.789 [WARNING] Some problems were encountered while building the effective model for com.weather-adapter:weather-adapter:jar:0.0.1-SNAPSHOT
#15 1.789 [WARNING] 'dependencies.dependency.(groupId:artifactId:type:classifier)' must be unique: org.springframework.boot:spring-boot-starter-test:jar -> duplicate declaration of version (?) @ line 63, column 15
#15 1.789 [WARNING] 
#15 1.790 [WARNING] It is highly recommended to fix these problems because they threaten the stability of your build.
#15 1.790 [WARNING] 
#15 1.790 [WARNING] For this reason, future Maven versions might no longer support building such malformed projects.
#15 1.790 [WARNING] 
#15 1.811 [INFO] 
#15 1.811 [INFO] ----------------< com.weather-adapter:weather-adapter >-----------------
#15 1.811 [INFO] Building weather-adapter 0.0.1-SNAPSHOT
#15 1.811 [INFO]   from pom.xml
#15 1.811 [INFO] --------------------------------[ jar ]---------------------------------
#15 2.446 [INFO] Downloading from central: https://repo.maven.apache.org/maven2/net/bytebuddy/byte-buddy/1.17.7/byte-buddy-1.17.7.pom
#15 2.810 [INFO] Downloaded from central: https://repo.maven.apache.org/maven2/net/bytebuddy/byte-buddy/1.17.7/byte-buddy-1.17.7.pom (19 kB at 53 kB/s)
#15 2.826 [INFO] Downloading from central: https://repo.maven.apache.org/maven2/net/bytebuddy/byte-buddy-parent/1.17.7/byte-buddy-parent-1.17.7.pom
#15 2.882 [INFO] Downloaded from central: https://repo.maven.apache.org/maven2/net/bytebuddy/byte-buddy-parent/1.17.7/byte-buddy-parent-1.17.7.pom (65 kB at 1.2 MB/s)
#15 2.915 [INFO] Downloading from central: https://repo.maven.apache.org/maven2/net/bytebuddy/byte-buddy-agent/1.17.7/byte-buddy-agent-1.17.7.pom
#15 2.958 [INFO] Downloaded from central: https://repo.maven.apache.org/maven2/net/bytebuddy/byte-buddy-agent/1.17.7/byte-buddy-agent-1.17.7.pom (14 kB at 334 kB/s)
#15 3.096 [INFO] Downloading from central: https://repo.maven.apache.org/maven2/com/fasterxml/jackson/dataformat/jackson-dataformat-yaml/2.19.2/jackson-dataformat-yaml-2.19.2.pom
#15 3.140 [INFO] Downloaded from central: https://repo.maven.apache.org/maven2/com/fasterxml/jackson/dataformat/jackson-dataformat-yaml/2.19.2/jackson-dataformat-yaml-2.19.2.pom (3.0 kB at 67 kB/s)
#15 3.145 [INFO] Downloading from central: https://repo.maven.apache.org/maven2/com/fasterxml/jackson/dataformat/jackson-dataformats-text/2.19.2/jackson-dataformats-text-2.19.2.pom
#15 3.198 [INFO] Downloaded from central: https://repo.maven.apache.org/maven2/com/fasterxml/jackson/dataformat/jackson-dataformats-text/2.19.2/jackson-dataformats-text-2.19.2.pom (3.5 kB at 66 kB/s)
#15 3.214 [INFO] Downloading from central: https://repo.maven.apache.org/maven2/org/jboss/logging/jboss-logging/3.6.1.Final/jboss-logging-3.6.1.Final.pom
#15 3.255 [INFO] Downloaded from central: https://repo.maven.apache.org/maven2/org/jboss/logging/jboss-logging/3.6.1.Final/jboss-logging-3.6.1.Final.pom (18 kB at 447 kB/s)
#15 3.257 [INFO] Downloading from central: https://repo.maven.apache.org/maven2/org/jboss/logging/logging-parent/1.0.3.Final/logging-parent-1.0.3.Final.pom
#15 3.294 [INFO] Downloaded from central: https://repo.maven.apache.org/maven2/org/jboss/logging/logging-parent/1.0.3.Final/logging-parent-1.0.3.Final.pom (5.7 kB at 153 kB/s)
#15 3.298 [INFO] Downloading from central: https://repo.maven.apache.org/maven2/org/jboss/jboss-parent/42/jboss-parent-42.pom
#15 3.340 [INFO] Downloaded from central: https://repo.maven.apache.org/maven2/org/jboss/jboss-parent/42/jboss-parent-42.pom (76 kB at 1.8 MB/s)
#15 3.347 [INFO] Downloading from central: https://repo.maven.apache.org/maven2/com/fasterxml/classmate/1.7.0/classmate-1.7.0.pom
#15 3.404 [INFO] Downloaded from central: https://repo.maven.apache.org/maven2/com/fasterxml/classmate/1.7.0/classmate-1.7.0.pom (7.0 kB at 124 kB/s)
#15 3.446 [INFO] Downloading from central: https://repo.maven.apache.org/maven2/net/bytebuddy/byte-buddy/1.17.7/byte-buddy-1.17.7.jar
#15 3.914 [INFO] Downloaded from central: https://repo.maven.apache.org/maven2/net/bytebuddy/byte-buddy/1.17.7/byte-buddy-1.17.7.jar (9.0 MB at 19 MB/s)
#15 3.916 [INFO] Downloading from central: https://repo.maven.apache.org/maven2/net/bytebuddy/byte-buddy-agent/1.17.7/byte-buddy-agent-1.17.7.jar
#15 3.916 [INFO] Downloading from central: https://repo.maven.apache.org/maven2/com/fasterxml/jackson/dataformat/jackson-dataformat-yaml/2.19.2/jackson-dataformat-yaml-2.19.2.jar
#15 3.917 [INFO] Downloading from central: https://repo.maven.apache.org/maven2/org/jboss/logging/jboss-logging/3.6.1.Final/jboss-logging-3.6.1.Final.jar
#15 3.918 [INFO] Downloading from central: https://repo.maven.apache.org/maven2/com/fasterxml/classmate/1.7.0/classmate-1.7.0.jar
#15 3.982 [INFO] Downloaded from central: https://repo.maven.apache.org/maven2/net/bytebuddy/byte-buddy-agent/1.17.7/byte-buddy-agent-1.17.7.jar (366 kB at 5.4 MB/s)
#15 4.015 [INFO] Downloaded from central: https://repo.maven.apache.org/maven2/com/fasterxml/classmate/1.7.0/classmate-1.7.0.jar (69 kB at 703 kB/s)
#15 4.018 [INFO] Downloaded from central: https://repo.maven.apache.org/maven2/org/jboss/logging/jboss-logging/3.6.1.Final/jboss-logging-3.6.1.Final.jar (62 kB at 601 kB/s)
#15 4.021 [INFO] Downloaded from central: https://repo.maven.apache.org/maven2/com/fasterxml/jackson/dataformat/jackson-dataformat-yaml/2.19.2/jackson-dataformat-yaml-2.19.2.jar (60 kB at 574 kB/s)
#15 4.028 [INFO] 
#15 4.028 [INFO] --- clean:3.4.1:clean (default-clean) @ weather-adapter ---
#15 4.086 [INFO] 
#15 4.086 [INFO] --- jacoco:0.8.10:prepare-agent (default) @ weather-adapter ---
#15 4.190 [INFO] argLine set to -javaagent:/root/.m2/repository/org/jacoco/org.jacoco.agent/0.8.10/org.jacoco.agent-0.8.10-runtime.jar=destfile=/app/target/jacoco.exec
#15 4.191 [INFO] 
#15 4.191 [INFO] --- openapi-generator:7.8.0:generate (default) @ weather-adapter ---
#15 4.724 [INFO] Generating with dryRun=false
#15 4.726 [INFO] Output directory (/app/target/generated-sources/openapi) does not exist, or is inaccessible. No file (.openapi-generator-ignore) will be evaluated.
#15 4.727 [INFO] OpenAPI Generator: spring (server)
#15 4.727 [INFO] Generator 'spring' is considered stable.
#15 4.731 [INFO] ----------------------------------
#15 4.736 [INFO] Environment variable JAVA_POST_PROCESS_FILE not defined so the Java code may not be properly formatted. To define it, try 'export JAVA_POST_PROCESS_FILE="/usr/local/bin/clang-format -i"' (Linux/Mac)
#15 4.736 [INFO] NOTE: To enable file post-processing, 'enablePostProcessFile' must be set to `true` (--enable-post-process-file for CLI).
#15 4.738 [INFO] Invoker Package Name, originally not set, is now derived from api package name: com.weather.weatheradapter
#15 4.762 [INFO] Processing operation checkWeather
#15 4.769 [INFO] 'host' (OAS 2.0) or 'servers' (OAS 3.0) not defined in the spec. Default to [http://localhost] for server URL [http://localhost/]
#15 4.770 [INFO] 'host' (OAS 2.0) or 'servers' (OAS 3.0) not defined in the spec. Default to [http://localhost] for server URL [http://localhost/]
#15 4.783 [INFO] 'host' (OAS 2.0) or 'servers' (OAS 3.0) not defined in the spec. Default to [http://localhost] for server URL [http://localhost/]
#15 4.939 [INFO] writing file /app/target/generated-sources/openapi/src/main/java/com/weather/weatheradapter/model/WeatherResponseDto.java
#15 4.983 [INFO] 'host' (OAS 2.0) or 'servers' (OAS 3.0) not defined in the spec. Default to [http://localhost] for server URL [http://localhost/]
#15 4.989 [INFO] writing file /app/target/generated-sources/openapi/src/main/java/com/weather/weatheradapter/api/DefaultApiController.java
#15 5.008 [INFO] writing file /app/target/generated-sources/openapi/src/main/java/com/weather/weatheradapter/api/DefaultApi.java
#15 5.014 [INFO] writing file /app/target/generated-sources/openapi/src/main/java/com/weather/weatheradapter/api/DefaultApiDelegate.java
#15 5.014 [INFO] Skipping generation of Webhooks.
#15 5.015 [INFO] 'host' (OAS 2.0) or 'servers' (OAS 3.0) not defined in the spec. Default to [http://localhost] for server URL [http://localhost/]
#15 5.076 [INFO] Skipped /app/target/generated-sources/openapi/pom.xml (Skipped by supportingFiles options supplied by user.)
#15 5.076 [INFO] Skipped /app/target/generated-sources/openapi/README.md (Skipped by supportingFiles options supplied by user.)
#15 5.077 [INFO] Skipped /app/target/generated-sources/openapi/src/main/java/org/openapitools/OpenApiGeneratorApplication.java (Skipped by supportingFiles options supplied by user.)
#15 5.079 [INFO] Skipped /app/target/generated-sources/openapi/src/test/java/org/openapitools/OpenApiGeneratorApplicationTests.java (Skipped by supportingFiles options supplied by user.)
#15 5.079 [INFO] Skipped /app/target/generated-sources/openapi/src/main/java/org/openapitools/RFC3339DateFormat.java (Skipped by supportingFiles options supplied by user.)
#15 5.079 [INFO] Skipped /app/target/generated-sources/openapi/src/main/resources/application.properties (Skipped by supportingFiles options supplied by user.)
#15 5.080 [INFO] Skipped /app/target/generated-sources/openapi/src/main/java/org/openapitools/configuration/HomeController.java (Skipped by supportingFiles options supplied by user.)
#15 5.080 [INFO] Skipped /app/target/generated-sources/openapi/src/main/resources/openapi.yaml (Skipped by supportingFiles options supplied by user.)
#15 5.080 [INFO] Skipped /app/target/generated-sources/openapi/src/main/java/org/openapitools/configuration/SpringDocConfiguration.java (Skipped by supportingFiles options supplied by user.)
#15 5.082 [INFO] writing file /app/target/generated-sources/openapi/src/main/java/com/weather/weatheradapter/api/ApiUtil.java
#15 5.082 [INFO] Skipped /app/target/generated-sources/openapi/.openapi-generator-ignore (Skipped by supportingFiles options supplied by user.)
#15 5.083 [INFO] writing file /app/target/generated-sources/openapi/.openapi-generator/VERSION
#15 5.087 [INFO] writing file /app/target/generated-sources/openapi/.openapi-generator/FILES
#15 5.087 ################################################################################
#15 5.087 # Thanks for using OpenAPI Generator.                                          #
#15 5.087 # Please consider donation to help us maintain this project 🙏                 #
#15 5.087 # https://opencollective.com/openapi_generator/donate                          #
#15 5.087 ################################################################################
#15 5.112 [INFO] 
#15 5.112 [INFO] --- resources:3.3.1:resources (default-resources) @ weather-adapter ---
#15 5.202 [INFO] Copying 1 resource from src/main/resources to target/classes
#15 5.221 [INFO] Copying 1 resource from src/main/resources to target/classes
#15 5.224 [INFO] 
#15 5.224 [INFO] --- compiler:3.14.0:compile (default-compile) @ weather-adapter ---
#15 5.328 [INFO] Recompiling the module because of changed source code.
#15 5.337 [INFO] Compiling 8 source files with javac [debug parameters release 21] to target/classes
#15 6.974 [INFO] 
#15 6.974 [INFO] --- resources:3.3.1:testResources (default-testResources) @ weather-adapter ---
#15 6.979 [INFO] Copying 1 resource from src/test/resources to target/test-classes
#15 6.979 [INFO] 
#15 6.979 [INFO] --- compiler:3.14.0:testCompile (default-testCompile) @ weather-adapter ---
#15 6.992 [INFO] Recompiling the module because of changed dependency.
#15 6.993 [INFO] Compiling 4 source files with javac [debug parameters release 21] to target/test-classes
#15 7.696 [INFO] 
#15 7.696 [INFO] --- surefire:3.5.3:test (default-test) @ weather-adapter ---
#15 7.868 [INFO] Using auto detected provider org.apache.maven.surefire.junitplatform.JUnitPlatformProvider
#15 7.911 [INFO] Downloading from central: https://repo.maven.apache.org/maven2/org/apache/maven/surefire/surefire-junit-platform/3.5.3/surefire-junit-platform-3.5.3.pom
#15 7.975 [INFO] Downloaded from central: https://repo.maven.apache.org/maven2/org/apache/maven/surefire/surefire-junit-platform/3.5.3/surefire-junit-platform-3.5.3.pom (5.2 kB at 80 kB/s)
#15 7.980 [INFO] Downloading from central: https://repo.maven.apache.org/maven2/org/apache/maven/surefire/surefire-providers/3.5.3/surefire-providers-3.5.3.pom
#15 8.026 [INFO] Downloaded from central: https://repo.maven.apache.org/maven2/org/apache/maven/surefire/surefire-providers/3.5.3/surefire-providers-3.5.3.pom (2.5 kB at 55 kB/s)
#15 8.031 [INFO] Downloading from central: https://repo.maven.apache.org/maven2/org/apache/maven/surefire/common-java5/3.5.3/common-java5-3.5.3.pom
#15 8.086 [INFO] Downloaded from central: https://repo.maven.apache.org/maven2/org/apache/maven/surefire/common-java5/3.5.3/common-java5-3.5.3.pom (3.1 kB at 57 kB/s)
#15 8.108 [INFO] Downloading from central: https://repo.maven.apache.org/maven2/org/junit/platform/junit-platform-engine/1.12.1/junit-platform-engine-1.12.1.pom
#15 8.164 [INFO] Downloaded from central: https://repo.maven.apache.org/maven2/org/junit/platform/junit-platform-engine/1.12.1/junit-platform-engine-1.12.1.pom (3.2 kB at 57 kB/s)
#15 8.187 [INFO] Downloading from central: https://repo.maven.apache.org/maven2/org/junit/platform/junit-platform-commons/1.12.1/junit-platform-commons-1.12.1.pom
#15 8.231 [INFO] Downloaded from central: https://repo.maven.apache.org/maven2/org/junit/platform/junit-platform-commons/1.12.1/junit-platform-commons-1.12.1.pom (2.8 kB at 64 kB/s)
#15 8.238 [INFO] Downloading from central: https://repo.maven.apache.org/maven2/org/junit/platform/junit-platform-launcher/1.12.1/junit-platform-launcher-1.12.1.pom
#15 8.286 [INFO] Downloaded from central: https://repo.maven.apache.org/maven2/org/junit/platform/junit-platform-launcher/1.12.1/junit-platform-launcher-1.12.1.pom (3.0 kB at 63 kB/s)
#15 8.293 [INFO] Downloading from central: https://repo.maven.apache.org/maven2/org/apache/maven/surefire/surefire-junit-platform/3.5.3/surefire-junit-platform-3.5.3.jar
#15 8.341 [INFO] Downloaded from central: https://repo.maven.apache.org/maven2/org/apache/maven/surefire/surefire-junit-platform/3.5.3/surefire-junit-platform-3.5.3.jar (27 kB at 568 kB/s)
#15 8.342 [INFO] Downloading from central: https://repo.maven.apache.org/maven2/org/apache/maven/surefire/common-java5/3.5.3/common-java5-3.5.3.jar
#15 8.342 [INFO] Downloading from central: https://repo.maven.apache.org/maven2/org/junit/platform/junit-platform-engine/1.12.1/junit-platform-engine-1.12.1.jar
#15 8.343 [INFO] Downloading from central: https://repo.maven.apache.org/maven2/org/junit/platform/junit-platform-commons/1.12.1/junit-platform-commons-1.12.1.jar
#15 8.343 [INFO] Downloading from central: https://repo.maven.apache.org/maven2/org/junit/platform/junit-platform-launcher/1.12.1/junit-platform-launcher-1.12.1.jar
#15 8.435 [INFO] Downloaded from central: https://repo.maven.apache.org/maven2/org/junit/platform/junit-platform-commons/1.12.1/junit-platform-commons-1.12.1.jar (152 kB at 1.7 MB/s)
#15 8.445 [INFO] Downloaded from central: https://repo.maven.apache.org/maven2/org/apache/maven/surefire/common-java5/3.5.3/common-java5-3.5.3.jar (18 kB at 169 kB/s)
#15 8.462 [INFO] Downloaded from central: https://repo.maven.apache.org/maven2/org/junit/platform/junit-platform-launcher/1.12.1/junit-platform-launcher-1.12.1.jar (208 kB at 1.7 MB/s)
#15 8.462 [INFO] Downloaded from central: https://repo.maven.apache.org/maven2/org/junit/platform/junit-platform-engine/1.12.1/junit-platform-engine-1.12.1.jar (256 kB at 2.1 MB/s)
#15 8.468 [INFO] Downloading from central: https://repo.maven.apache.org/maven2/org/junit/platform/junit-platform-launcher/1.12.2/junit-platform-launcher-1.12.2.pom
#15 8.510 [INFO] Downloaded from central: https://repo.maven.apache.org/maven2/org/junit/platform/junit-platform-launcher/1.12.2/junit-platform-launcher-1.12.2.pom (3.0 kB at 72 kB/s)
#15 8.514 [INFO] Downloading from central: https://repo.maven.apache.org/maven2/org/junit/platform/junit-platform-launcher/1.12.2/junit-platform-launcher-1.12.2.jar
#15 8.574 [INFO] Downloaded from central: https://repo.maven.apache.org/maven2/org/junit/platform/junit-platform-launcher/1.12.2/junit-platform-launcher-1.12.2.jar (208 kB at 3.5 MB/s)
#15 8.584 [INFO] 
#15 8.584 [INFO] -------------------------------------------------------
#15 8.584 [INFO]  T E S T S
#15 8.584 [INFO] -------------------------------------------------------
#15 16.78 [INFO] Running com.weather.weatheradapter.WeatherServiceApplicationTests
#15 9.915 12:13:19.147 [main] INFO org.springframework.test.context.support.AnnotationConfigContextLoaderUtils -- Could not detect default configuration classes for test class [com.weather.weatheradapter.WeatherServiceApplicationTests]: WeatherServiceApplicationTests does not declare any static, non-private, non-final, nested classes annotated with @Configuration.
#15 10.21 12:13:19.465 [main] INFO org.springframework.boot.test.context.SpringBootTestContextBootstrapper -- Found @SpringBootConfiguration com.weather.weatheradapter.WeatherAdapterApplication for test class com.weather.weatheradapter.WeatherServiceApplicationTests
#15 10.72 12:13:19.919 [main] INFO org.springframework.boot.devtools.restart.RestartApplicationListener -- Restart disabled due to context in which it is running
#15 11.26 
#15 11.26   .   ____          _            __ _ _
#15 11.26  /\\ / ___'_ __ _ _(_)_ __  __ _ \ \ \ \
#15 11.26 ( ( )\___ | '_ | '_| | '_ \/ _` | \ \ \ \
#15 11.26  \\/  ___)| |_)| | | | | || (_| |  ) ) ) )
#15 11.26   '  |____| .__|_| |_|_| |_\__, | / / / /
#15 11.26  =========|_|==============|___/=/_/_/_/
#15 11.26 
#15 11.26  :: Spring Boot ::                (v3.5.5)
#15 11.26 
#15 11.36 2025-11-03T12:13:20.616Z  INFO 110 --- [weather-adapter] [           main] c.w.w.WeatherServiceApplicationTests     : Starting WeatherServiceApplicationTests using Java 21.0.8 with PID 110 (started by root in /app)
#15 11.36 2025-11-03T12:13:20.619Z  INFO 110 --- [weather-adapter] [           main] c.w.w.WeatherServiceApplicationTests     : No active profile set, falling back to 1 default profile: "default"
#15 14.81 2025-11-03T12:13:24.094Z  INFO 110 --- [weather-adapter] [           main] o.s.b.a.e.web.EndpointLinksResolver      : Exposing 1 endpoint beneath base path '/actuator'
#15 21.77 2025-11-03T12:13:24.174Z  INFO 110 --- [weather-adapter] [           main] c.w.w.WeatherServiceApplicationTests     : Started WeatherServiceApplicationTests in 4.272 seconds (process running for 6.748)
#15 14.62 Mockito is currently self-attaching to enable the inline-mock-maker. This will no longer work in future releases of the JDK. Please add Mockito as an agent to your build as described in Mockito's documentation: https://javadoc.io/doc/org.mockito/mockito-core/latest/org.mockito/org/mockito/Mockito.html#0.3
#15 14.94 OpenJDK 64-Bit Server VM warning: Sharing is only supported for boot loader classes because bootstrap classpath has been appended
#15 15.03 WARNING: A Java agent has been loaded dynamically (/root/.m2/repository/net/bytebuddy/byte-buddy-agent/1.17.7/byte-buddy-agent-1.17.7.jar)
#15 15.03 WARNING: If a serviceability tool is in use, please run with -XX:+EnableDynamicAgentLoading to hide this warning
#15 15.03 WARNING: If a serviceability tool is not in use, please run with -Djdk.instrument.traceUsage for more information
#15 15.03 WARNING: Dynamic loading of agents will be disallowed by default in a future release
#15 15.47 [INFO] Tests run: 5, Failures: 0, Errors: 0, Skipped: 0, Time elapsed: 0 s -- in com.weather.weatheradapter.WeatherServiceApplicationTests
#15 15.47 [INFO] Running com.weather.weatheradapter.integration.WeatherAdapterE2ETest
#15 15.47 2025-11-03T12:13:24.732Z  INFO 110 --- [weather-adapter] [           main] t.c.s.AnnotationConfigContextLoaderUtils : Could not detect default configuration classes for test class [com.weather.weatheradapter.integration.WeatherAdapterE2ETest]: WeatherAdapterE2ETest does not declare any static, non-private, non-final, nested classes annotated with @Configuration.
#15 15.55 2025-11-03T12:13:24.744Z  INFO 110 --- [weather-adapter] [           main] .b.t.c.SpringBootTestContextBootstrapper : Found @SpringBootConfiguration com.weather.weatheradapter.WeatherAdapterApplication for test class com.weather.weatheradapter.integration.WeatherAdapterE2ETest
#15 15.55 2025-11-03T12:13:24.764Z  INFO 110 --- [weather-adapter] [           main] o.s.b.d.r.RestartApplicationListener     : Restart disabled due to context in which it is running
#15 15.55 
#15 15.55   .   ____          _            __ _ _
#15 15.55  /\\ / ___'_ __ _ _(_)_ __  __ _ \ \ \ \
#15 15.55 ( ( )\___ | '_ | '_| | '_ \/ _` | \ \ \ \
#15 15.55  \\/  ___)| |_)| | | | | || (_| |  ) ) ) )
#15 15.55   '  |____| .__|_| |_|_| |_\__, | / / / /
#15 15.55  =========|_|==============|___/=/_/_/_/
#15 15.55 
#15 15.55  :: Spring Boot ::                (v3.5.5)
#15 15.55 
#15 15.55 2025-11-03T12:13:24.807Z  INFO 110 --- [weather-adapter] [           main] c.w.w.integration.WeatherAdapterE2ETest  : Starting WeatherAdapterE2ETest using Java 21.0.8 with PID 110 (started by root in /app)
#15 15.55 2025-11-03T12:13:24.807Z  INFO 110 --- [weather-adapter] [           main] c.w.w.integration.WeatherAdapterE2ETest  : No active profile set, falling back to 1 default profile: "default"
#15 16.37 2025-11-03T12:13:25.639Z  INFO 110 --- [weather-adapter] [           main] o.s.b.w.embedded.tomcat.TomcatWebServer  : Tomcat initialized with port 0 (http)
#15 16.47 2025-11-03T12:13:25.677Z  INFO 110 --- [weather-adapter] [           main] o.apache.catalina.core.StandardService   : Starting service [Tomcat]
#15 16.47 2025-11-03T12:13:25.679Z  INFO 110 --- [weather-adapter] [           main] o.apache.catalina.core.StandardEngine    : Starting Servlet engine: [Apache Tomcat/10.1.44]
#15 16.57 2025-11-03T12:13:25.786Z  INFO 110 --- [weather-adapter] [           main] o.a.c.c.C.[Tomcat].[localhost].[/]       : Initializing Spring embedded WebApplicationContext
#15 16.57 2025-11-03T12:13:25.788Z  INFO 110 --- [weather-adapter] [           main] w.s.c.ServletWebServerApplicationContext : Root WebApplicationContext: initialization completed in 976 ms
#15 16.89 2025-11-03T12:13:26.168Z  INFO 110 --- [weather-adapter] [           main] o.s.b.a.e.web.EndpointLinksResolver      : Exposing 1 endpoint beneath base path '/actuator'
#15 17.15 2025-11-03T12:13:26.429Z  INFO 110 --- [weather-adapter] [           main] o.s.b.w.embedded.tomcat.TomcatWebServer  : Tomcat started on port 43817 (http) with context path '/'
#15 17.15 2025-11-03T12:13:26.437Z  INFO 110 --- [weather-adapter] [           main] c.w.w.integration.WeatherAdapterE2ETest  : Started WeatherAdapterE2ETest in 1.673 seconds (process running for 9.511)
#15 17.19 Application started on port: 43817
#15 17.39 2025-11-03T12:13:26.680Z  INFO 110 --- [weather-adapter] [o-auto-1-exec-1] o.a.c.c.C.[Tomcat].[localhost].[/]       : Initializing Spring DispatcherServlet 'dispatcherServlet'
#15 17.39 2025-11-03T12:13:26.680Z  INFO 110 --- [weather-adapter] [o-auto-1-exec-1] o.s.web.servlet.DispatcherServlet        : Initializing Servlet 'dispatcherServlet'
#15 17.39 2025-11-03T12:13:26.681Z  INFO 110 --- [weather-adapter] [o-auto-1-exec-1] o.s.web.servlet.DispatcherServlet        : Completed initialization in 1 ms
#15 18.10 City: Warsaw
#15 18.10 Temperature: 11.1°C
#15 18.10 Date: 2025-11-03
#15 18.41 2025-11-03T12:13:27.681Z  INFO 110 --- [weather-adapter] [o-auto-1-exec-3] o.springdoc.api.AbstractOpenApiResource  : Init duration for springdoc-openapi is: 276 ms
#15 18.51 2025-11-03T12:13:27.786Z  WARN 110 --- [weather-adapter] [o-auto-1-exec-5] .w.s.m.s.DefaultHandlerExceptionResolver : Resolved [org.springframework.web.bind.MissingServletRequestParameterException: Required request parameter 'city' for method parameter type String is not present]
#15 18.59 2025-11-03T12:13:27.865Z ERROR 110 --- [weather-adapter] [o-auto-1-exec-6] o.a.c.c.C.[.[.[/].[dispatcherServlet]    : Servlet.service() for servlet [dispatcherServlet] in context with path [] threw exception [Request processing failed: java.lang.RuntimeException: Failed to fetch weather data for city: ] with root cause
#15 18.59 
#15 18.59 org.springframework.web.client.HttpClientErrorException$BadRequest: 400 Bad Request on GET request for "http://api.weatherapi.com/v1/current.json": "{"error":{"code":1003,"message":"Parameter q is missing."}}"
#15 18.59 	at org.springframework.web.client.HttpClientErrorException.create(HttpClientErrorException.java:103) ~[spring-web-6.2.10.jar:6.2.10]
#15 18.59 	at org.springframework.web.client.DefaultResponseErrorHandler.handleError(DefaultResponseErrorHandler.java:186) ~[spring-web-6.2.10.jar:6.2.10]
#15 18.59 	at org.springframework.web.client.DefaultResponseErrorHandler.handleError(DefaultResponseErrorHandler.java:147) ~[spring-web-6.2.10.jar:6.2.10]
#15 18.59 	at org.springframework.web.client.RestTemplate.handleResponse(RestTemplate.java:953) ~[spring-web-6.2.10.jar:6.2.10]
#15 18.59 	at org.springframework.web.client.RestTemplate.doExecute(RestTemplate.java:902) ~[spring-web-6.2.10.jar:6.2.10]
#15 18.59 	at org.springframework.web.client.RestTemplate.execute(RestTemplate.java:801) ~[spring-web-6.2.10.jar:6.2.10]
#15 18.59 	at org.springframework.web.client.RestTemplate.getForObject(RestTemplate.java:415) ~[spring-web-6.2.10.jar:6.2.10]
#15 18.59 	at com.weather.weatheradapter.service.WeatherService.checkWeatherByCity(WeatherService.java:34) ~[classes/:na]
#15 18.59 	at com.weather.weatheradapter.controller.WeatherAdapterController.checkWeather(WeatherAdapterController.java:23) ~[classes/:na]
#15 18.59 	at com.weather.weatheradapter.api.DefaultApi.checkWeather(DefaultApi.java:67) ~[classes/:na]
#15 18.59 	at java.base/jdk.internal.reflect.DirectMethodHandleAccessor.invoke(DirectMethodHandleAccessor.java:103) ~[na:na]
#15 18.59 	at java.base/java.lang.reflect.Method.invoke(Method.java:580) ~[na:na]
#15 18.59 	at org.springframework.aop.support.AopUtils.invokeJoinpointUsingReflection(AopUtils.java:360) ~[spring-aop-6.2.10.jar:6.2.10]
#15 18.59 	at org.springframework.aop.framework.ReflectiveMethodInvocation.invokeJoinpoint(ReflectiveMethodInvocation.java:196) ~[spring-aop-6.2.10.jar:6.2.10]
#15 18.59 	at org.springframework.aop.framework.ReflectiveMethodInvocation.proceed(ReflectiveMethodInvocation.java:163) ~[spring-aop-6.2.10.jar:6.2.10]
#15 18.59 	at org.springframework.validation.beanvalidation.MethodValidationInterceptor.invoke(MethodValidationInterceptor.java:174) ~[spring-context-6.2.10.jar:6.2.10]
#15 18.59 	at org.springframework.aop.framework.ReflectiveMethodInvocation.proceed(ReflectiveMethodInvocation.java:184) ~[spring-aop-6.2.10.jar:6.2.10]
#15 18.59 	at org.springframework.aop.framework.CglibAopProxy$DynamicAdvisedInterceptor.intercept(CglibAopProxy.java:728) ~[spring-aop-6.2.10.jar:6.2.10]
#15 18.59 	at com.weather.weatheradapter.api.DefaultApiController$$SpringCGLIB$$1.checkWeather(<generated>) ~[classes/:na]
#15 18.59 	at java.base/jdk.internal.reflect.DirectMethodHandleAccessor.invoke(DirectMethodHandleAccessor.java:103) ~[na:na]
#15 18.59 	at java.base/java.lang.reflect.Method.invoke(Method.java:580) ~[na:na]
#15 18.59 	at org.springframework.web.method.support.InvocableHandlerMethod.doInvoke(InvocableHandlerMethod.java:258) ~[spring-web-6.2.10.jar:6.2.10]
#15 18.59 	at org.springframework.web.method.support.InvocableHandlerMethod.invokeForRequest(InvocableHandlerMethod.java:191) ~[spring-web-6.2.10.jar:6.2.10]
#15 18.59 	at org.springframework.web.servlet.mvc.method.annotation.ServletInvocableHandlerMethod.invokeAndHandle(ServletInvocableHandlerMethod.java:118) ~[spring-webmvc-6.2.10.jar:6.2.10]
#15 18.59 	at org.springframework.web.servlet.mvc.method.annotation.RequestMappingHandlerAdapter.invokeHandlerMethod(RequestMappingHandlerAdapter.java:991) ~[spring-webmvc-6.2.10.jar:6.2.10]
#15 18.59 	at org.springframework.web.servlet.mvc.method.annotation.RequestMappingHandlerAdapter.handleInternal(RequestMappingHandlerAdapter.java:896) ~[spring-webmvc-6.2.10.jar:6.2.10]
#15 18.59 	at org.springframework.web.servlet.mvc.method.AbstractHandlerMethodAdapter.handle(AbstractHandlerMethodAdapter.java:87) ~[spring-webmvc-6.2.10.jar:6.2.10]
#15 18.59 	at org.springframework.web.servlet.DispatcherServlet.doDispatch(DispatcherServlet.java:1089) ~[spring-webmvc-6.2.10.jar:6.2.10]
#15 18.59 	at org.springframework.web.servlet.DispatcherServlet.doService(DispatcherServlet.java:979) ~[spring-webmvc-6.2.10.jar:6.2.10]
#15 18.59 	at org.springframework.web.servlet.FrameworkServlet.processRequest(FrameworkServlet.java:1014) ~[spring-webmvc-6.2.10.jar:6.2.10]
#15 18.59 	at org.springframework.web.servlet.FrameworkServlet.doGet(FrameworkServlet.java:903) ~[spring-webmvc-6.2.10.jar:6.2.10]
#15 18.59 	at jakarta.servlet.http.HttpServlet.service(HttpServlet.java:564) ~[tomcat-embed-core-10.1.44.jar:6.0]
#15 18.59 	at org.springframework.web.servlet.FrameworkServlet.service(FrameworkServlet.java:885) ~[spring-webmvc-6.2.10.jar:6.2.10]
#15 18.59 	at jakarta.servlet.http.HttpServlet.service(HttpServlet.java:658) ~[tomcat-embed-core-10.1.44.jar:6.0]
#15 18.59 	at org.apache.catalina.core.ApplicationFilterChain.internalDoFilter(ApplicationFilterChain.java:195) ~[tomcat-embed-core-10.1.44.jar:10.1.44]
#15 18.59 	at org.apache.catalina.core.ApplicationFilterChain.doFilter(ApplicationFilterChain.java:140) ~[tomcat-embed-core-10.1.44.jar:10.1.44]
#15 18.59 	at org.apache.tomcat.websocket.server.WsFilter.doFilter(WsFilter.java:51) ~[tomcat-embed-websocket-10.1.44.jar:10.1.44]
#15 18.59 	at org.apache.catalina.core.ApplicationFilterChain.internalDoFilter(ApplicationFilterChain.java:164) ~[tomcat-embed-core-10.1.44.jar:10.1.44]
#15 18.59 	at org.apache.catalina.core.ApplicationFilterChain.doFilter(ApplicationFilterChain.java:140) ~[tomcat-embed-core-10.1.44.jar:10.1.44]
#15 18.59 	at org.springframework.web.filter.RequestContextFilter.doFilterInternal(RequestContextFilter.java:100) ~[spring-web-6.2.10.jar:6.2.10]
#15 18.59 	at org.springframework.web.filter.OncePerRequestFilter.doFilter(OncePerRequestFilter.java:116) ~[spring-web-6.2.10.jar:6.2.10]
#15 18.59 	at org.apache.catalina.core.ApplicationFilterChain.internalDoFilter(ApplicationFilterChain.java:164) ~[tomcat-embed-core-10.1.44.jar:10.1.44]
#15 18.59 	at org.apache.catalina.core.ApplicationFilterChain.doFilter(ApplicationFilterChain.java:140) ~[tomcat-embed-core-10.1.44.jar:10.1.44]
#15 18.59 	at org.springframework.web.filter.FormContentFilter.doFilterInternal(FormContentFilter.java:93) ~[spring-web-6.2.10.jar:6.2.10]
#15 18.59 	at org.springframework.web.filter.OncePerRequestFilter.doFilter(OncePerRequestFilter.java:116) ~[spring-web-6.2.10.jar:6.2.10]
#15 18.59 	at org.apache.catalina.core.ApplicationFilterChain.internalDoFilter(ApplicationFilterChain.java:164) ~[tomcat-embed-core-10.1.44.jar:10.1.44]
#15 18.59 	at org.apache.catalina.core.ApplicationFilterChain.doFilter(ApplicationFilterChain.java:140) ~[tomcat-embed-core-10.1.44.jar:10.1.44]
#15 18.59 	at org.springframework.web.filter.ServerHttpObservationFilter.doFilterInternal(ServerHttpObservationFilter.java:110) ~[spring-web-6.2.10.jar:6.2.10]
#15 18.59 	at org.springframework.web.filter.OncePerRequestFilter.doFilter(OncePerRequestFilter.java:116) ~[spring-web-6.2.10.jar:6.2.10]
#15 18.59 	at org.apache.catalina.core.ApplicationFilterChain.internalDoFilter(ApplicationFilterChain.java:164) ~[tomcat-embed-core-10.1.44.jar:10.1.44]
#15 18.59 	at org.apache.catalina.core.ApplicationFilterChain.doFilter(ApplicationFilterChain.java:140) ~[tomcat-embed-core-10.1.44.jar:10.1.44]
#15 18.59 	at org.springframework.web.filter.CharacterEncodingFilter.doFilterInternal(CharacterEncodingFilter.java:201) ~[spring-web-6.2.10.jar:6.2.10]
#15 18.59 	at org.springframework.web.filter.OncePerRequestFilter.doFilter(OncePerRequestFilter.java:116) ~[spring-web-6.2.10.jar:6.2.10]
#15 18.59 	at org.apache.catalina.core.ApplicationFilterChain.internalDoFilter(ApplicationFilterChain.java:164) ~[tomcat-embed-core-10.1.44.jar:10.1.44]
#15 18.59 	at org.apache.catalina.core.ApplicationFilterChain.doFilter(ApplicationFilterChain.java:140) ~[tomcat-embed-core-10.1.44.jar:10.1.44]
#15 18.59 	at org.apache.catalina.core.StandardWrapperValve.invoke(StandardWrapperValve.java:167) ~[tomcat-embed-core-10.1.44.jar:10.1.44]
#15 18.59 	at org.apache.catalina.core.StandardContextValve.invoke(StandardContextValve.java:90) ~[tomcat-embed-core-10.1.44.jar:10.1.44]
#15 18.59 	at org.apache.catalina.authenticator.AuthenticatorBase.invoke(AuthenticatorBase.java:483) ~[tomcat-embed-core-10.1.44.jar:10.1.44]
#15 18.59 	at org.apache.catalina.core.StandardHostValve.invoke(StandardHostValve.java:116) ~[tomcat-embed-core-10.1.44.jar:10.1.44]
#15 18.59 	at org.apache.catalina.valves.ErrorReportValve.invoke(ErrorReportValve.java:93) ~[tomcat-embed-core-10.1.44.jar:10.1.44]
#15 18.59 	at org.apache.catalina.core.StandardEngineValve.invoke(StandardEngineValve.java:74) ~[tomcat-embed-core-10.1.44.jar:10.1.44]
#15 18.59 	at org.apache.catalina.connector.CoyoteAdapter.service(CoyoteAdapter.java:344) ~[tomcat-embed-core-10.1.44.jar:10.1.44]
#15 18.59 	at org.apache.coyote.http11.Http11Processor.service(Http11Processor.java:398) ~[tomcat-embed-core-10.1.44.jar:10.1.44]
#15 18.59 	at org.apache.coyote.AbstractProcessorLight.process(AbstractProcessorLight.java:63) ~[tomcat-embed-core-10.1.44.jar:10.1.44]
#15 18.59 	at org.apache.coyote.AbstractProtocol$ConnectionHandler.process(AbstractProtocol.java:903) ~[tomcat-embed-core-10.1.44.jar:10.1.44]
#15 18.59 	at org.apache.tomcat.util.net.NioEndpoint$SocketProcessor.doRun(NioEndpoint.java:1769) ~[tomcat-embed-core-10.1.44.jar:10.1.44]
#15 18.59 	at org.apache.tomcat.util.net.SocketProcessorBase.run(SocketProcessorBase.java:52) ~[tomcat-embed-core-10.1.44.jar:10.1.44]
#15 18.59 	at org.apache.tomcat.util.threads.ThreadPoolExecutor.runWorker(ThreadPoolExecutor.java:1189) ~[tomcat-embed-core-10.1.44.jar:10.1.44]
#15 18.59 	at org.apache.tomcat.util.threads.ThreadPoolExecutor$Worker.run(ThreadPoolExecutor.java:658) ~[tomcat-embed-core-10.1.44.jar:10.1.44]
#15 18.59 	at org.apache.tomcat.util.threads.TaskThread$WrappingRunnable.run(TaskThread.java:63) ~[tomcat-embed-core-10.1.44.jar:10.1.44]
#15 18.59 	at java.base/java.lang.Thread.run(Thread.java:1583) ~[na:na]
#15 18.59 
#15 18.70 London Temperature: 16.2°C
#15 18.71 [INFO] Tests run: 8, Failures: 0, Errors: 0, Skipped: 0, Time elapsed: 3.258 s -- in com.weather.weatheradapter.integration.WeatherAdapterE2ETest
#15 18.71 [INFO] Running com.weather.weatheradapter.controller.WeatherAdapterControllerUnitTest
#15 19.30 [INFO] Tests run: 6, Failures: 0, Errors: 0, Skipped: 0, Time elapsed: 0.573 s -- in com.weather.weatheradapter.controller.WeatherAdapterControllerUnitTest
#15 19.30 [INFO] Running com.weather.weatheradapter.service.WeatherServiceTest
#15 20.26 [INFO] Tests run: 5, Failures: 0, Errors: 0, Skipped: 0, Time elapsed: 0.948 s -- in com.weather.weatheradapter.service.WeatherServiceTest
#15 20.81 [INFO] 
#15 20.81 [INFO] Results:
#15 20.81 [INFO] 
#15 20.81 [INFO] Tests run: 24, Failures: 0, Errors: 0, Skipped: 0
#15 20.81 [INFO] 
#15 20.81 [INFO] 
#15 20.81 [INFO] --- jar:3.4.2:jar (default-jar) @ weather-adapter ---
#15 21.01 [INFO] Building jar: /app/target/weather-adapter-0.0.1-SNAPSHOT.jar
#15 21.05 [INFO] 
#15 21.05 [INFO] --- spring-boot:3.5.5:repackage (repackage) @ weather-adapter ---
#15 21.30 [INFO] Replacing main artifact /app/target/weather-adapter-0.0.1-SNAPSHOT.jar with repackaged archive, adding nested dependencies in BOOT-INF/.
#15 21.30 [INFO] The original artifact has been renamed to /app/target/weather-adapter-0.0.1-SNAPSHOT.jar.original
#15 21.30 [INFO] ------------------------------------------------------------------------
#15 21.30 [INFO] BUILD SUCCESS
#15 21.30 [INFO] ------------------------------------------------------------------------
#15 21.30 [INFO] Total time:  19.804 s
#15 21.30 [INFO] Finished at: 2025-11-03T12:13:30Z
#15 21.30 [INFO] ------------------------------------------------------------------------
#15 DONE 21.6s

#16 [stage-1 4/5] COPY --from=builder /app/target/weather-adapter-*.jar app.jar
#16 DONE 0.9s

#17 [stage-1 5/5] RUN chown spring:spring app.jar
#17 DONE 1.1s

#18 exporting to image
#18 exporting layers 0.2s done
#18 writing image sha256:fde262e7dbbeea5369847f10dd9cc31bc485a263a7dd679d177d053f82973706
#18 writing image sha256:fde262e7dbbeea5369847f10dd9cc31bc485a263a7dd679d177d053f82973706 done
#18 naming to docker.io/library/weather-adapter:latest 0.0s done
#18 DONE 0.2s

#19 resolving provenance for metadata file
#19 DONE 0.0s
 weather-adapter:latest  Built
